date,day_idx,day_of_week,is_weekend,machine_id,product_id,product_name,category,daily_sales
2026-01-01,0,3,0,VM-101,prod-1,Nitro Cold Brew,Coffee & Tea,20
2026-01-01,0,3,0,VM-101,prod-2,Matcha Green Tea Latte,Coffee & Tea,14
2026-01-01,0,3,0,VM-101,prod-3,Electrolyte Spark Hydration,Hydration,9
2026-01-01,0,3,0,VM-101,prod-4,Dark Chocolate Almond Bar,Snacks,18
2026-01-01,0,3,0,VM-101,prod-5,Dragonfruit Sparkling Water,Hydration,10
2026-01-01,0,3,0,VM-101,prod-6,Organic Protein Crunch Bar,Snacks,8
2026-01-01,0,3,0,VM-101,prod-7,Detox Green Juice,Fresh Juices,13
2026-01-01,0,3,0,VM-101,prod-8,Mango Passion Kombucha,Fresh Juices,9
2026-01-01,0,3,0,VM-102,prod-1,Nitro Cold Brew,Coffee & Tea,15
2026-01-01,0,3,0,VM-102,prod-2,Matcha Green Tea Latte,Coffee & Tea,18
2026-01-01,0,3,0,VM-102,prod-3,Electrolyte Spark Hydration,Hydration,15
2026-01-01,0,3,0,VM-102,prod-4,Dark Chocolate Almond Bar,Snacks,24
2026-01-01,0,3,0,VM-102,prod-5,Dragonfruit Sparkling Water,Hydration,11
2026-01-01,0,3,0,VM-102,prod-6,Organic Protein Crunch Bar,Snacks,18
2026-01-01,0,3,0,VM-102,prod-7,Detox Green Juice,Fresh Juices,12
2026-01-01,0,3,0,VM-102,prod-8,Mango Passion Kombucha,Fresh Juices,19
2026-01-01,0,3,0,VM-103,prod-1,Nitro Cold Brew,Coffee & Tea,17
2026-01-01,0,3,0,VM-103,prod-2,Matcha Green Tea Latte,Coffee & Tea,22
2026-01-01,0,3,0,VM-103,prod-3,Electrolyte Spark Hydration,Hydration,14
2026-01-01,0,3,0,VM-103,prod-4,Dark Chocolate Almond Bar,Snacks,37
2026-01-01,0,3,0,VM-103,prod-5,Dragonfruit Sparkling Water,Hydration,6
2026-01-01,0,3,0,VM-103,prod-6,Organic Protein Crunch Bar,Snacks,12
2026-01-01,0,3,0,VM-103,prod-7,Detox Green Juice,Fresh Juices,9
2026-01-01,0,3,0,VM-103,prod-8,Mango Passion Kombucha,Fresh Juices,16
2026-01-01,0,3,0,VM-104,prod-1,Nitro Cold Brew,Coffee & Tea,16
2026-01-01,0,3,0,VM-104,prod-2,Matcha Green Tea Latte,Coffee & Tea,17
2026-01-01,0,3,0,VM-104,prod-3,Electrolyte Spark Hydration,Hydration,20
2026-01-01,0,3,0,VM-104,prod-4,Dark Chocolate Almond Bar,Snacks,24
2026-01-01,0,3,0,VM-104,prod-5,Dragonfruit Sparkling Water,Hydration,6
2026-01-01,0,3,0,VM-104,prod-6,Organic Protein Crunch Bar,Snacks,10
2026-01-01,0,3,0,VM-104,prod-7,Detox Green Juice,Fresh Juices,7
2026-01-01,0,3,0,VM-104,prod-8,Mango Passion Kombucha,Fresh Juices,18
2026-01-01,0,3,0,VM-105,prod-1,Nitro Cold Brew,Coffee & Tea,16
2026-01-01,0,3,0,VM-105,prod-2,Matcha Green Tea Latte,Coffee & Tea,9
2026-01-01,0,3,0,VM-105,prod-3,Electrolyte Spark Hydration,Hydration,9
2026-01-01,0,3,0,VM-105,prod-4,Dark Chocolate Almond Bar,Snacks,27
2026-01-01,0,3,0,VM-105,prod-5,Dragonfruit Sparkling Water,Hydration,4
2026-01-01,0,3,0,VM-105,prod-6,Organic Protein Crunch Bar,Snacks,21
2026-01-01,0,3,0,VM-105,prod-7,Detox Green Juice,Fresh Juices,11
2026-01-01,0,3,0,VM-105,prod-8,Mango Passion Kombucha,Fresh Juices,13
2026-01-01,0,3,0,VM-106,prod-1,Nitro Cold Brew,Coffee & Tea,28
2026-01-01,0,3,0,VM-106,prod-2,Matcha Green Tea Latte,Coffee & Tea,11
2026-01-01,0,3,0,VM-106,prod-3,Electrolyte Spark Hydration,Hydration,12
2026-01-01,0,3,0,VM-106,prod-4,Dark Chocolate Almond Bar,Snacks,26
2026-01-01,0,3,0,VM-106,prod-5,Dragonfruit Sparkling Water,Hydration,16
2026-01-01,0,3,0,VM-106,prod-6,Organic Protein Crunch Bar,Snacks,13
2026-01-01,0,3,0,VM-106,prod-7,Detox Green Juice,Fresh Juices,12
2026-01-01,0,3,0,VM-106,prod-8,Mango Passion Kombucha,Fresh Juices,15
2026-01-01,0,3,0,VM-107,prod-1,Nitro Cold Brew,Coffee & Tea,16
2026-01-01,0,3,0,VM-107,prod-2,Matcha Green Tea Latte,Coffee & Tea,8
2026-01-01,0,3,0,VM-107,prod-3,Electrolyte Spark Hydration,Hydration,7
2026-01-01,0,3,0,VM-107,prod-4,Dark Chocolate Almond Bar,Snacks,19
2026-01-01,0,3,0,VM-107,prod-5,Dragonfruit Sparkling Water,Hydration,15
2026-01-01,0,3,0,VM-107,prod-6,Organic Protein Crunch Bar,Snacks,16
2026-01-01,0,3,0,VM-107,prod-7,Detox Green Juice,Fresh Juices,7
2026-01-01,0,3,0,VM-107,prod-8,Mango Passion Kombucha,Fresh Juices,13
2026-01-01,0,3,0,VM-108,prod-1,Nitro Cold Brew,Coffee & Tea,24
2026-01-01,0,3,0,VM-108,prod-2,Matcha Green Tea Latte,Coffee & Tea,23
2026-01-01,0,3,0,VM-108,prod-3,Electrolyte Spark Hydration,Hydration,18
2026-01-01,0,3,0,VM-108,prod-4,Dark Chocolate Almond Bar,Snacks,24
2026-01-01,0,3,0,VM-108,prod-5,Dragonfruit Sparkling Water,Hydration,12
2026-01-01,0,3,0,VM-108,prod-6,Organic Protein Crunch Bar,Snacks,14
2026-01-01,0,3,0,VM-108,prod-7,Detox Green Juice,Fresh Juices,6
2026-01-01,0,3,0,VM-108,prod-8,Mango Passion Kombucha,Fresh Juices,20
2026-01-01,0,3,0,VM-109,prod-1,Nitro Cold Brew,Coffee & Tea,11
2026-01-01,0,3,0,VM-109,prod-2,Matcha Green Tea Latte,Coffee & Tea,14
2026-01-01,0,3,0,VM-109,prod-3,Electrolyte Spark Hydration,Hydration,7
2026-01-01,0,3,0,VM-109,prod-4,Dark Chocolate Almond Bar,Snacks,22
2026-01-01,0,3,0,VM-109,prod-5,Dragonfruit Sparkling Water,Hydration,10
2026-01-01,0,3,0,VM-109,prod-6,Organic Protein Crunch Bar,Snacks,16
2026-01-01,0,3,0,VM-109,prod-7,Detox Green Juice,Fresh Juices,15
2026-01-01,0,3,0,VM-109,prod-8,Mango Passion Kombucha,Fresh Juices,11
2026-01-01,0,3,0,VM-110,prod-1,Nitro Cold Brew,Coffee & Tea,15
2026-01-01,0,3,0,VM-110,prod-2,Matcha Green Tea Latte,Coffee & Tea,17
2026-01-01,0,3,0,VM-110,prod-3,Electrolyte Spark Hydration,Hydration,6
2026-01-01,0,3,0,VM-110,prod-4,Dark Chocolate Almond Bar,Snacks,29
2026-01-01,0,3,0,VM-110,prod-5,Dragonfruit Sparkling Water,Hydration,7
2026-01-01,0,3,0,VM-110,prod-6,Organic Protein Crunch Bar,Snacks,19
2026-01-01,0,3,0,VM-110,prod-7,Detox Green Juice,Fresh Juices,12
2026-01-01,0,3,0,VM-110,prod-8,Mango Passion Kombucha,Fresh Juices,11
2026-01-02,1,4,0,VM-101,prod-1,Nitro Cold Brew,Coffee & Tea,24
2026-01-02,1,4,0,VM-101,prod-2,Matcha Green Tea Latte,Coffee & Tea,25
2026-01-02,1,4,0,VM-101,prod-3,Electrolyte Spark Hydration,Hydration,8
2026-01-02,1,4,0,VM-101,prod-4,Dark Chocolate Almond Bar,Snacks,14
2026-01-02,1,4,0,VM-101,prod-5,Dragonfruit Sparkling Water,Hydration,15
2026-01-02,1,4,0,VM-101,prod-6,Organic Protein Crunch Bar,Snacks,12
2026-01-02,1,4,0,VM-101,prod-7,Detox Green Juice,Fresh Juices,17
2026-01-02,1,4,0,VM-101,prod-8,Mango Passion Kombucha,Fresh Juices,19
2026-01-02,1,4,0,VM-102,prod-1,Nitro Cold Brew,Coffee & Tea,27
2026-01-02,1,4,0,VM-102,prod-2,Matcha Green Tea Latte,Coffee & Tea,26
2026-01-02,1,4,0,VM-102,prod-3,Electrolyte Spark Hydration,Hydration,26
2026-01-02,1,4,0,VM-102,prod-4,Dark Chocolate Almond Bar,Snacks,31
2026-01-02,1,4,0,VM-102,prod-5,Dragonfruit Sparkling Water,Hydration,15
2026-01-02,1,4,0,VM-102,prod-6,Organic Protein Crunch Bar,Snacks,20
2026-01-02,1,4,0,VM-102,prod-7,Detox Green Juice,Fresh Juices,15
2026-01-02,1,4,0,VM-102,prod-8,Mango Passion Kombucha,Fresh Juices,23
2026-01-02,1,4,0,VM-103,prod-1,Nitro Cold Brew,Coffee & Tea,17
2026-01-02,1,4,0,VM-103,prod-2,Matcha Green Tea Latte,Coffee & Tea,34
2026-01-02,1,4,0,VM-103,prod-3,Electrolyte Spark Hydration,Hydration,22
2026-01-02,1,4,0,VM-103,prod-4,Dark Chocolate Almond Bar,Snacks,28
2026-01-02,1,4,0,VM-103,prod-5,Dragonfruit Sparkling Water,Hydration,12
2026-01-02,1,4,0,VM-103,prod-6,Organic Protein Crunch Bar,Snacks,11
2026-01-02,1,4,0,VM-103,prod-7,Detox Green Juice,Fresh Juices,10
2026-01-02,1,4,0,VM-103,prod-8,Mango Passion Kombucha,Fresh Juices,21
2026-01-02,1,4,0,VM-104,prod-1,Nitro Cold Brew,Coffee & Tea,24
2026-01-02,1,4,0,VM-104,prod-2,Matcha Green Tea Latte,Coffee & Tea,21
2026-01-02,1,4,0,VM-104,prod-3,Electrolyte Spark Hydration,Hydration,20
2026-01-02,1,4,0,VM-104,prod-4,Dark Chocolate Almond Bar,Snacks,31
2026-01-02,1,4,0,VM-104,prod-5,Dragonfruit Sparkling Water,Hydration,7
2026-01-02,1,4,0,VM-104,prod-6,Organic Protein Crunch Bar,Snacks,12
2026-01-02,1,4,0,VM-104,prod-7,Detox Green Juice,Fresh Juices,10
2026-01-02,1,4,0,VM-104,prod-8,Mango Passion Kombucha,Fresh Juices,20
2026-01-02,1,4,0,VM-105,prod-1,Nitro Cold Brew,Coffee & Tea,24
2026-01-02,1,4,0,VM-105,prod-2,Matcha Green Tea Latte,Coffee & Tea,14
2026-01-02,1,4,0,VM-105,prod-3,Electrolyte Spark Hydration,Hydration,6
2026-01-02,1,4,0,VM-105,prod-4,Dark Chocolate Almond Bar,Snacks,33
2026-01-02,1,4,0,VM-105,prod-5,Dragonfruit Sparkling Water,Hydration,6
2026-01-02,1,4,0,VM-105,prod-6,Organic Protein Crunch Bar,Snacks,26
2026-01-02,1,4,0,VM-105,prod-7,Detox Green Juice,Fresh Juices,13
2026-01-02,1,4,0,VM-105,prod-8,Mango Passion Kombucha,Fresh Juices,14
2026-01-02,1,4,0,VM-106,prod-1,Nitro Cold Brew,Coffee & Tea,32
2026-01-02,1,4,0,VM-106,prod-2,Matcha Green Tea Latte,Coffee & Tea,18
2026-01-02,1,4,0,VM-106,prod-3,Electrolyte Spark Hydration,Hydration,10
2026-01-02,1,4,0,VM-106,prod-4,Dark Chocolate Almond Bar,Snacks,29
2026-01-02,1,4,0,VM-106,prod-5,Dragonfruit Sparkling Water,Hydration,17
2026-01-02,1,4,0,VM-106,prod-6,Organic Protein Crunch Bar,Snacks,11
2026-01-02,1,4,0,VM-106,prod-7,Detox Green Juice,Fresh Juices,19
2026-01-02,1,4,0,VM-106,prod-8,Mango Passion Kombucha,Fresh Juices,22
2026-01-02,1,4,0,VM-107,prod-1,Nitro Cold Brew,Coffee & Tea,19
2026-01-02,1,4,0,VM-107,prod-2,Matcha Green Tea Latte,Coffee & Tea,12
2026-01-02,1,4,0,VM-107,prod-3,Electrolyte Spark Hydration,Hydration,11
2026-01-02,1,4,0,VM-107,prod-4,Dark Chocolate Almond Bar,Snacks,26
2026-01-02,1,4,0,VM-107,prod-5,Dragonfruit Sparkling Water,Hydration,14
2026-01-02,1,4,0,VM-107,prod-6,Organic Protein Crunch Bar,Snacks,17
2026-01-02,1,4,0,VM-107,prod-7,Detox Green Juice,Fresh Juices,10
2026-01-02,1,4,0,VM-107,prod-8,Mango Passion Kombucha,Fresh Juices,12
2026-01-02,1,4,0,VM-108,prod-1,Nitro Cold Brew,Coffee & Tea,33
2026-01-02,1,4,0,VM-108,prod-2,Matcha Green Tea Latte,Coffee & Tea,23
2026-01-02,1,4,0,VM-108,prod-3,Electrolyte Spark Hydration,Hydration,17
2026-01-02,1,4,0,VM-108,prod-4,Dark Chocolate Almond Bar,Snacks,34
2026-01-02,1,4,0,VM-108,prod-5,Dragonfruit Sparkling Water,Hydration,9
2026-01-02,1,4,0,VM-108,prod-6,Organic Protein Crunch Bar,Snacks,14
2026-01-02,1,4,0,VM-108,prod-7,Detox Green Juice,Fresh Juices,8
2026-01-02,1,4,0,VM-108,prod-8,Mango Passion Kombucha,Fresh Juices,18
2026-01-02,1,4,0,VM-109,prod-1,Nitro Cold Brew,Coffee & Tea,16
2026-01-02,1,4,0,VM-109,prod-2,Matcha Green Tea Latte,Coffee & Tea,13
2026-01-02,1,4,0,VM-109,prod-3,Electrolyte Spark Hydration,Hydration,9
2026-01-02,1,4,0,VM-109,prod-4,Dark Chocolate Almond Bar,Snacks,36
2026-01-02,1,4,0,VM-109,prod-5,Dragonfruit Sparkling Water,Hydration,16
2026-01-02,1,4,0,VM-109,prod-6,Organic Protein Crunch Bar,Snacks,13
2026-01-02,1,4,0,VM-109,prod-7,Detox Green Juice,Fresh Juices,21
2026-01-02,1,4,0,VM-109,prod-8,Mango Passion Kombucha,Fresh Juices,17
2026-01-02,1,4,0,VM-110,prod-1,Nitro Cold Brew,Coffee & Tea,16
2026-01-02,1,4,0,VM-110,prod-2,Matcha Green Tea Latte,Coffee & Tea,21
2026-01-02,1,4,0,VM-110,prod-3,Electrolyte Spark Hydration,Hydration,9
2026-01-02,1,4,0,VM-110,prod-4,Dark Chocolate Almond Bar,Snacks,31
2026-01-02,1,4,0,VM-110,prod-5,Dragonfruit Sparkling Water,Hydration,8
2026-01-02,1,4,0,VM-110,prod-6,Organic Protein Crunch Bar,Snacks,27
2026-01-02,1,4,0,VM-110,prod-7,Detox Green Juice,Fresh Juices,14
2026-01-02,1,4,0,VM-110,prod-8,Mango Passion Kombucha,Fresh Juices,14
2026-01-03,2,5,1,VM-101,prod-1,Nitro Cold Brew,Coffee & Tea,26
2026-01-03,2,5,1,VM-101,prod-2,Matcha Green Tea Latte,Coffee & Tea,18
2026-01-03,2,5,1,VM-101,prod-3,Electrolyte Spark Hydration,Hydration,14
2026-01-03,2,5,1,VM-101,prod-4,Dark Chocolate Almond Bar,Snacks,12
2026-01-03,2,5,1,VM-101,prod-5,Dragonfruit Sparkling Water,Hydration,15
2026-01-03,2,5,1,VM-101,prod-6,Organic Protein Crunch Bar,Snacks,12
2026-01-03,2,5,1,VM-101,prod-7,Detox Green Juice,Fresh Juices,17
2026-01-03,2,5,1,VM-101,prod-8,Mango Passion Kombucha,Fresh Juices,11
2026-01-03,2,5,1,VM-102,prod-1,Nitro Cold Brew,Coffee & Tea,25
2026-01-03,2,5,1,VM-102,prod-2,Matcha Green Tea Latte,Coffee & Tea,21
2026-01-03,2,5,1,VM-102,prod-3,Electrolyte Spark Hydration,Hydration,21
2026-01-03,2,5,1,VM-102,prod-4,Dark Chocolate Almond Bar,Snacks,33
2026-01-03,2,5,1,VM-102,prod-5,Dragonfruit Sparkling Water,Hydration,18
2026-01-03,2,5,1,VM-102,prod-6,Organic Protein Crunch Bar,Snacks,17
2026-01-03,2,5,1,VM-102,prod-7,Detox Green Juice,Fresh Juices,20
2026-01-03,2,5,1,VM-102,prod-8,Mango Passion Kombucha,Fresh Juices,26
2026-01-03,2,5,1,VM-103,prod-1,Nitro Cold Brew,Coffee & Tea,22
2026-01-03,2,5,1,VM-103,prod-2,Matcha Green Tea Latte,Coffee & Tea,38
2026-01-03,2,5,1,VM-103,prod-3,Electrolyte Spark Hydration,Hydration,15
2026-01-03,2,5,1,VM-103,prod-4,Dark Chocolate Almond Bar,Snacks,37
2026-01-03,2,5,1,VM-103,prod-5,Dragonfruit Sparkling Water,Hydration,12
2026-01-03,2,5,1,VM-103,prod-6,Organic Protein Crunch Bar,Snacks,16
2026-01-03,2,5,1,VM-103,prod-7,Detox Green Juice,Fresh Juices,12
2026-01-03,2,5,1,VM-103,prod-8,Mango Passion Kombucha,Fresh Juices,19
2026-01-03,2,5,1,VM-104,prod-1,Nitro Cold Brew,Coffee & Tea,29
2026-01-03,2,5,1,VM-104,prod-2,Matcha Green Tea Latte,Coffee & Tea,24
2026-01-03,2,5,1,VM-104,prod-3,Electrolyte Spark Hydration,Hydration,25
2026-01-03,2,5,1,VM-104,prod-4,Dark Chocolate Almond Bar,Snacks,28
2026-01-03,2,5,1,VM-104,prod-5,Dragonfruit Sparkling Water,Hydration,8
2026-01-03,2,5,1,VM-104,prod-6,Organic Protein Crunch Bar,Snacks,14
2026-01-03,2,5,1,VM-104,prod-7,Detox Green Juice,Fresh Juices,12
2026-01-03,2,5,1,VM-104,prod-8,Mango Passion Kombucha,Fresh Juices,26
2026-01-03,2,5,1,VM-105,prod-1,Nitro Cold Brew,Coffee & Tea,23
2026-01-03,2,5,1,VM-105,prod-2,Matcha Green Tea Latte,Coffee & Tea,13
2026-01-03,2,5,1,VM-105,prod-3,Electrolyte Spark Hydration,Hydration,10
2026-01-03,2,5,1,VM-105,prod-4,Dark Chocolate Almond Bar,Snacks,31
2026-01-03,2,5,1,VM-105,prod-5,Dragonfruit Sparkling Water,Hydration,7
2026-01-03,2,5,1,VM-105,prod-6,Organic Protein Crunch Bar,Snacks,24
2026-01-03,2,5,1,VM-105,prod-7,Detox Green Juice,Fresh Juices,16
2026-01-03,2,5,1,VM-105,prod-8,Mango Passion Kombucha,Fresh Juices,17
2026-01-03,2,5,1,VM-106,prod-1,Nitro Cold Brew,Coffee & Tea,27
2026-01-03,2,5,1,VM-106,prod-2,Matcha Green Tea Latte,Coffee & Tea,21
2026-01-03,2,5,1,VM-106,prod-3,Electrolyte Spark Hydration,Hydration,11
2026-01-03,2,5,1,VM-106,prod-4,Dark Chocolate Almond Bar,Snacks,26
2026-01-03,2,5,1,VM-106,prod-5,Dragonfruit Sparkling Water,Hydration,22
2026-01-03,2,5,1,VM-106,prod-6,Organic Protein Crunch Bar,Snacks,15
2026-01-03,2,5,1,VM-106,prod-7,Detox Green Juice,Fresh Juices,17
2026-01-03,2,5,1,VM-106,prod-8,Mango Passion Kombucha,Fresh Juices,24
2026-01-03,2,5,1,VM-107,prod-1,Nitro Cold Brew,Coffee & Tea,24
2026-01-03,2,5,1,VM-107,prod-2,Matcha Green Tea Latte,Coffee & Tea,10
2026-01-03,2,5,1,VM-107,prod-3,Electrolyte Spark Hydration,Hydration,9
2026-01-03,2,5,1,VM-107,prod-4,Dark Chocolate Almond Bar,Snacks,21
2026-01-03,2,5,1,VM-107,prod-5,Dragonfruit Sparkling Water,Hydration,22
2026-01-03,2,5,1,VM-107,prod-6,Organic Protein Crunch Bar,Snacks,18
2026-01-03,2,5,1,VM-107,prod-7,Detox Green Juice,Fresh Juices,7
2026-01-03,2,5,1,VM-107,prod-8,Mango Passion Kombucha,Fresh Juices,13
2026-01-03,2,5,1,VM-108,prod-1,Nitro Cold Brew,Coffee & Tea,34
2026-01-03,2,5,1,VM-108,prod-2,Matcha Green Tea Latte,Coffee & Tea,19
2026-01-03,2,5,1,VM-108,prod-3,Electrolyte Spark Hydration,Hydration,18
2026-01-03,2,5,1,VM-108,prod-4,Dark Chocolate Almond Bar,Snacks,37
2026-01-03,2,5,1,VM-108,prod-5,Dragonfruit Sparkling Water,Hydration,18
2026-01-03,2,5,1,VM-108,prod-6,Organic Protein Crunch Bar,Snacks,15
2026-01-03,2,5,1,VM-108,prod-7,Detox Green Juice,Fresh Juices,8
2026-01-03,2,5,1,VM-108,prod-8,Mango Passion Kombucha,Fresh Juices,24
2026-01-03,2,5,1,VM-109,prod-1,Nitro Cold Brew,Coffee & Tea,11
2026-01-03,2,5,1,VM-109,prod-2,Matcha Green Tea Latte,Coffee & Tea,14
2026-01-03,2,5,1,VM-109,prod-3,Electrolyte Spark Hydration,Hydration,9
2026-01-03,2,5,1,VM-109,prod-4,Dark Chocolate Almond Bar,Snacks,35
2026-01-03,2,5,1,VM-109,prod-5,Dragonfruit Sparkling Water,Hydration,14
2026-01-03,2,5,1,VM-109,prod-6,Organic Protein Crunch Bar,Snacks,22
2026-01-03,2,5,1,VM-109,prod-7,Detox Green Juice,Fresh Juices,21
2026-01-03,2,5,1,VM-109,prod-8,Mango Passion Kombucha,Fresh Juices,17
2026-01-03,2,5,1,VM-110,prod-1,Nitro Cold Brew,Coffee & Tea,19
2026-01-03,2,5,1,VM-110,prod-2,Matcha Green Tea Latte,Coffee & Tea,18
2026-01-03,2,5,1,VM-110,prod-3,Electrolyte Spark Hydration,Hydration,9
2026-01-03,2,5,1,VM-110,prod-4,Dark Chocolate Almond Bar,Snacks,34
2026-01-03,2,5,1,VM-110,prod-5,Dragonfruit Sparkling Water,Hydration,9
2026-01-03,2,5,1,VM-110,prod-6,Organic Protein Crunch Bar,Snacks,26
2026-01-03,2,5,1,VM-110,prod-7,Detox Green Juice,Fresh Juices,16
2026-01-03,2,5,1,VM-110,prod-8,Mango Passion Kombucha,Fresh Juices,16
2026-01-04,3,6,1,VM-101,prod-1,Nitro Cold Brew,Coffee & Tea,18
2026-01-04,3,6,1,VM-101,prod-2,Matcha Green Tea Latte,Coffee & Tea,21
2026-01-04,3,6,1,VM-101,prod-3,Electrolyte Spark Hydration,Hydration,10
2026-01-04,3,6,1,VM-101,prod-4,Dark Chocolate Almond Bar,Snacks,14
2026-01-04,3,6,1,VM-101,prod-5,Dragonfruit Sparkling Water,Hydration,13
2026-01-04,3,6,1,VM-101,prod-6,Organic Protein Crunch Bar,Snacks,10
2026-01-04,3,6,1,VM-101,prod-7,Detox Green Juice,Fresh Juices,14
2026-01-04,3,6,1,VM-101,prod-8,Mango Passion Kombucha,Fresh Juices,9
2026-01-04,3,6,1,VM-102,prod-1,Nitro Cold Brew,Coffee & Tea,22
2026-01-04,3,6,1,VM-102,prod-2,Matcha Green Tea Latte,Coffee & Tea,21
2026-01-04,3,6,1,VM-102,prod-3,Electrolyte Spark Hydration,Hydration,24
2026-01-04,3,6,1,VM-102,prod-4,Dark Chocolate Almond Bar,Snacks,29
2026-01-04,3,6,1,VM-102,prod-5,Dragonfruit Sparkling Water,Hydration,19
2026-01-04,3,6,1,VM-102,prod-6,Organic Protein Crunch Bar,Snacks,14
2026-01-04,3,6,1,VM-102,prod-7,Detox Green Juice,Fresh Juices,17
2026-01-04,3,6,1,VM-102,prod-8,Mango Passion Kombucha,Fresh Juices,22
2026-01-04,3,6,1,VM-103,prod-1,Nitro Cold Brew,Coffee & Tea,22
2026-01-04,3,6,1,VM-103,prod-2,Matcha Green Tea Latte,Coffee & Tea,26
2026-01-04,3,6,1,VM-103,prod-3,Electrolyte Spark Hydration,Hydration,13
2026-01-04,3,6,1,VM-103,prod-4,Dark Chocolate Almond Bar,Snacks,31
2026-01-04,3,6,1,VM-103,prod-5,Dragonfruit Sparkling Water,Hydration,6
2026-01-04,3,6,1,VM-103,prod-6,Organic Protein Crunch Bar,Snacks,12
2026-01-04,3,6,1,VM-103,prod-7,Detox Green Juice,Fresh Juices,9
2026-01-04,3,6,1,VM-103,prod-8,Mango Passion Kombucha,Fresh Juices,16
2026-01-04,3,6,1,VM-104,prod-1,Nitro Cold Brew,Coffee & Tea,22
2026-01-04,3,6,1,VM-104,prod-2,Matcha Green Tea Latte,Coffee & Tea,29
2026-01-04,3,6,1,VM-104,prod-3,Electrolyte Spark Hydration,Hydration,23
2026-01-04,3,6,1,VM-104,prod-4,Dark Chocolate Almond Bar,Snacks,23
2026-01-04,3,6,1,VM-104,prod-5,Dragonfruit Sparkling Water,Hydration,6
2026-01-04,3,6,1,VM-104,prod-6,Organic Protein Crunch Bar,Snacks,11
2026-01-04,3,6,1,VM-104,prod-7,Detox Green Juice,Fresh Juices,7
2026-01-04,3,6,1,VM-104,prod-8,Mango Passion Kombucha,Fresh Juices,25
2026-01-04,3,6,1,VM-105,prod-1,Nitro Cold Brew,Coffee & Tea,19
2026-01-04,3,6,1,VM-105,prod-2,Matcha Green Tea Latte,Coffee & Tea,10
2026-01-04,3,6,1,VM-105,prod-3,Electrolyte Spark Hydration,Hydration,6
2026-01-04,3,6,1,VM-105,prod-4,Dark Chocolate Almond Bar,Snacks,34
2026-01-04,3,6,1,VM-105,prod-5,Dragonfruit Sparkling Water,Hydration,6
2026-01-04,3,6,1,VM-105,prod-6,Organic Protein Crunch Bar,Snacks,25
2026-01-04,3,6,1,VM-105,prod-7,Detox Green Juice,Fresh Juices,10
2026-01-04,3,6,1,VM-105,prod-8,Mango Passion Kombucha,Fresh Juices,12
2026-01-04,3,6,1,VM-106,prod-1,Nitro Cold Brew,Coffee & Tea,26
2026-01-04,3,6,1,VM-106,prod-2,Matcha Green Tea Latte,Coffee & Tea,14
2026-01-04,3,6,1,VM-106,prod-3,Electrolyte Spark Hydration,Hydration,10
2026-01-04,3,6,1,VM-106,prod-4,Dark Chocolate Almond Bar,Snacks,30
2026-01-04,3,6,1,VM-106,prod-5,Dragonfruit Sparkling Water,Hydration,13
2026-01-04,3,6,1,VM-106,prod-6,Organic Protein Crunch Bar,Snacks,11
2026-01-04,3,6,1,VM-106,prod-7,Detox Green Juice,Fresh Juices,14
2026-01-04,3,6,1,VM-106,prod-8,Mango Passion Kombucha,Fresh Juices,20
2026-01-04,3,6,1,VM-107,prod-1,Nitro Cold Brew,Coffee & Tea,23
2026-01-04,3,6,1,VM-107,prod-2,Matcha Green Tea Latte,Coffee & Tea,8
2026-01-04,3,6,1,VM-107,prod-3,Electrolyte Spark Hydration,Hydration,6
2026-01-04,3,6,1,VM-107,prod-4,Dark Chocolate Almond Bar,Snacks,23
2026-01-04,3,6,1,VM-107,prod-5,Dragonfruit Sparkling Water,Hydration,17
2026-01-04,3,6,1,VM-107,prod-6,Organic Protein Crunch Bar,Snacks,14
2026-01-04,3,6,1,VM-107,prod-7,Detox Green Juice,Fresh Juices,9
2026-01-04,3,6,1,VM-107,prod-8,Mango Passion Kombucha,Fresh Juices,12
2026-01-04,3,6,1,VM-108,prod-1,Nitro Cold Brew,Coffee & Tea,33
2026-01-04,3,6,1,VM-108,prod-2,Matcha Green Tea Latte,Coffee & Tea,18
2026-01-04,3,6,1,VM-108,prod-3,Electrolyte Spark Hydration,Hydration,23
2026-01-04,3,6,1,VM-108,prod-4,Dark Chocolate Almond Bar,Snacks,38
2026-01-04,3,6,1,VM-108,prod-5,Dragonfruit Sparkling Water,Hydration,15
2026-01-04,3,6,1,VM-108,prod-6,Organic Protein Crunch Bar,Snacks,16
2026-01-04,3,6,1,VM-108,prod-7,Detox Green Juice,Fresh Juices,8
2026-01-04,3,6,1,VM-108,prod-8,Mango Passion Kombucha,Fresh Juices,23
2026-01-04,3,6,1,VM-109,prod-1,Nitro Cold Brew,Coffee & Tea,10
2026-01-04,3,6,1,VM-109,prod-2,Matcha Green Tea Latte,Coffee & Tea,16
2026-01-04,3,6,1,VM-109,prod-3,Electrolyte Spark Hydration,Hydration,10
2026-01-04,3,6,1,VM-109,prod-4,Dark Chocolate Almond Bar,Snacks,23
2026-01-04,3,6,1,VM-109,prod-5,Dragonfruit Sparkling Water,Hydration,10
2026-01-04,3,6,1,VM-109,prod-6,Organic Protein Crunch Bar,Snacks,11
2026-01-04,3,6,1,VM-109,prod-7,Detox Green Juice,Fresh Juices,15
2026-01-04,3,6,1,VM-109,prod-8,Mango Passion Kombucha,Fresh Juices,16
2026-01-04,3,6,1,VM-110,prod-1,Nitro Cold Brew,Coffee & Tea,20
2026-01-04,3,6,1,VM-110,prod-2,Matcha Green Tea Latte,Coffee & Tea,18
2026-01-04,3,6,1,VM-110,prod-3,Electrolyte Spark Hydration,Hydration,9
2026-01-04,3,6,1,VM-110,prod-4,Dark Chocolate Almond Bar,Snacks,24
2026-01-04,3,6,1,VM-110,prod-5,Dragonfruit Sparkling Water,Hydration,6
2026-01-04,3,6,1,VM-110,prod-6,Organic Protein Crunch Bar,Snacks,25
2026-01-04,3,6,1,VM-110,prod-7,Detox Green Juice,Fresh Juices,13
2026-01-04,3,6,1,VM-110,prod-8,Mango Passion Kombucha,Fresh Juices,11
2026-01-05,4,0,0,VM-101,prod-1,Nitro Cold Brew,Coffee & Tea,9
2026-01-05,4,0,0,VM-101,prod-2,Matcha Green Tea Latte,Coffee & Tea,14
2026-01-05,4,0,0,VM-101,prod-3,Electrolyte Spark Hydration,Hydration,5
2026-01-05,4,0,0,VM-101,prod-4,Dark Chocolate Almond Bar,Snacks,12
2026-01-05,4,0,0,VM-101,prod-5,Dragonfruit Sparkling Water,Hydration,10
2026-01-05,4,0,0,VM-101,prod-6,Organic Protein Crunch Bar,Snacks,6
2026-01-05,4,0,0,VM-101,prod-7,Detox Green Juice,Fresh Juices,10
2026-01-05,4,0,0,VM-101,prod-8,Mango Passion Kombucha,Fresh Juices,7
2026-01-05,4,0,0,VM-102,prod-1,Nitro Cold Brew,Coffee & Tea,16
2026-01-05,4,0,0,VM-102,prod-2,Matcha Green Tea Latte,Coffee & Tea,17
2026-01-05,4,0,0,VM-102,prod-3,Electrolyte Spark Hydration,Hydration,12
2026-01-05,4,0,0,VM-102,prod-4,Dark Chocolate Almond Bar,Snacks,20
2026-01-05,4,0,0,VM-102,prod-5,Dragonfruit Sparkling Water,Hydration,10
2026-01-05,4,0,0,VM-102,prod-6,Organic Protein Crunch Bar,Snacks,11
2026-01-05,4,0,0,VM-102,prod-7,Detox Green Juice,Fresh Juices,11
2026-01-05,4,0,0,VM-102,prod-8,Mango Passion Kombucha,Fresh Juices,13
2026-01-05,4,0,0,VM-103,prod-1,Nitro Cold Brew,Coffee & Tea,11
2026-01-05,4,0,0,VM-103,prod-2,Matcha Green Tea Latte,Coffee & Tea,18
2026-01-05,4,0,0,VM-103,prod-3,Electrolyte Spark Hydration,Hydration,14
2026-01-05,4,0,0,VM-103,prod-4,Dark Chocolate Almond Bar,Snacks,26
2026-01-05,4,0,0,VM-103,prod-5,Dragonfruit Sparkling Water,Hydration,6
2026-01-05,4,0,0,VM-103,prod-6,Organic Protein Crunch Bar,Snacks,10
2026-01-05,4,0,0,VM-103,prod-7,Detox Green Juice,Fresh Juices,7
2026-01-05,4,0,0,VM-103,prod-8,Mango Passion Kombucha,Fresh Juices,12
2026-01-05,4,0,0,VM-104,prod-1,Nitro Cold Brew,Coffee & Tea,17
2026-01-05,4,0,0,VM-104,prod-2,Matcha Green Tea Latte,Coffee & Tea,19
2026-01-05,4,0,0,VM-104,prod-3,Electrolyte Spark Hydration,Hydration,14
2026-01-05,4,0,0,VM-104,prod-4,Dark Chocolate Almond Bar,Snacks,17
2026-01-05,4,0,0,VM-104,prod-5,Dragonfruit Sparkling Water,Hydration,5
2026-01-05,4,0,0,VM-104,prod-6,Organic Protein Crunch Bar,Snacks,5
2026-01-05,4,0,0,VM-104,prod-7,Detox Green Juice,Fresh Juices,5
2026-01-05,4,0,0,VM-104,prod-8,Mango Passion Kombucha,Fresh Juices,17
2026-01-05,4,0,0,VM-105,prod-1,Nitro Cold Brew,Coffee & Tea,15
2026-01-05,4,0,0,VM-105,prod-2,Matcha Green Tea Latte,Coffee & Tea,8
2026-01-05,4,0,0,VM-105,prod-3,Electrolyte Spark Hydration,Hydration,7
2026-01-05,4,0,0,VM-105,prod-4,Dark Chocolate Almond Bar,Snacks,22
2026-01-05,4,0,0,VM-105,prod-5,Dragonfruit Sparkling Water,Hydration,7
2026-01-05,4,0,0,VM-105,prod-6,Organic Protein Crunch Bar,Snacks,18
2026-01-05,4,0,0,VM-105,prod-7,Detox Green Juice,Fresh Juices,10
2026-01-05,4,0,0,VM-105,prod-8,Mango Passion Kombucha,Fresh Juices,8
2026-01-05,4,0,0,VM-106,prod-1,Nitro Cold Brew,Coffee & Tea,15
2026-01-05,4,0,0,VM-106,prod-2,Matcha Green Tea Latte,Coffee & Tea,10
2026-01-05,4,0,0,VM-106,prod-3,Electrolyte Spark Hydration,Hydration,7
2026-01-05,4,0,0,VM-106,prod-4,Dark Chocolate Almond Bar,Snacks,16
2026-01-05,4,0,0,VM-106,prod-5,Dragonfruit Sparkling Water,Hydration,11
2026-01-05,4,0,0,VM-106,prod-6,Organic Protein Crunch Bar,Snacks,7
2026-01-05,4,0,0,VM-106,prod-7,Detox Green Juice,Fresh Juices,12
2026-01-05,4,0,0,VM-106,prod-8,Mango Passion Kombucha,Fresh Juices,16
2026-01-05,4,0,0,VM-107,prod-1,Nitro Cold Brew,Coffee & Tea,15
2026-01-05,4,0,0,VM-107,prod-2,Matcha Green Tea Latte,Coffee & Tea,9
2026-01-05,4,0,0,VM-107,prod-3,Electrolyte Spark Hydration,Hydration,6
2026-01-05,4,0,0,VM-107,prod-4,Dark Chocolate Almond Bar,Snacks,13
2026-01-05,4,0,0,VM-107,prod-5,Dragonfruit Sparkling Water,Hydration,15
2026-01-05,4,0,0,VM-107,prod-6,Organic Protein Crunch Bar,Snacks,13
2026-01-05,4,0,0,VM-107,prod-7,Detox Green Juice,Fresh Juices,4
2026-01-05,4,0,0,VM-107,prod-8,Mango Passion Kombucha,Fresh Juices,9
2026-01-05,4,0,0,VM-108,prod-1,Nitro Cold Brew,Coffee & Tea,18
2026-01-05,4,0,0,VM-108,prod-2,Matcha Green Tea Latte,Coffee & Tea,11
2026-01-05,4,0,0,VM-108,prod-3,Electrolyte Spark Hydration,Hydration,15
2026-01-05,4,0,0,VM-108,prod-4,Dark Chocolate Almond Bar,Snacks,29
2026-01-05,4,0,0,VM-108,prod-5,Dragonfruit Sparkling Water,Hydration,9
2026-01-05,4,0,0,VM-108,prod-6,Organic Protein Crunch Bar,Snacks,11
2026-01-05,4,0,0,VM-108,prod-7,Detox Green Juice,Fresh Juices,5
2026-01-05,4,0,0,VM-108,prod-8,Mango Passion Kombucha,Fresh Juices,13
2026-01-05,4,0,0,VM-109,prod-1,Nitro Cold Brew,Coffee & Tea,8
2026-01-05,4,0,0,VM-109,prod-2,Matcha Green Tea Latte,Coffee & Tea,10
2026-01-05,4,0,0,VM-109,prod-3,Electrolyte Spark Hydration,Hydration,6
2026-01-05,4,0,0,VM-109,prod-4,Dark Chocolate Almond Bar,Snacks,20
2026-01-05,4,0,0,VM-109,prod-5,Dragonfruit Sparkling Water,Hydration,9
2026-01-05,4,0,0,VM-109,prod-6,Organic Protein Crunch Bar,Snacks,11
2026-01-05,4,0,0,VM-109,prod-7,Detox Green Juice,Fresh Juices,11
2026-01-05,4,0,0,VM-109,prod-8,Mango Passion Kombucha,Fresh Juices,10
2026-01-05,4,0,0,VM-110,prod-1,Nitro Cold Brew,Coffee & Tea,11
2026-01-05,4,0,0,VM-110,prod-2,Matcha Green Tea Latte,Coffee & Tea,15
2026-01-05,4,0,0,VM-110,prod-3,Electrolyte Spark Hydration,Hydration,6
2026-01-05,4,0,0,VM-110,prod-4,Dark Chocolate Almond Bar,Snacks,19
2026-01-05,4,0,0,VM-110,prod-5,Dragonfruit Sparkling Water,Hydration,6
2026-01-05,4,0,0,VM-110,prod-6,Organic Protein Crunch Bar,Snacks,21
2026-01-05,4,0,0,VM-110,prod-7,Detox Green Juice,Fresh Juices,7
2026-01-05,4,0,0,VM-110,prod-8,Mango Passion Kombucha,Fresh Juices,9
2026-01-06,5,1,0,VM-101,prod-1,Nitro Cold Brew,Coffee & Tea,14
2026-01-06,5,1,0,VM-101,prod-2,Matcha Green Tea Latte,Coffee & Tea,17
2026-01-06,5,1,0,VM-101,prod-3,Electrolyte Spark Hydration,Hydration,7
2026-01-06,5,1,0,VM-101,prod-4,Dark Chocolate Almond Bar,Snacks,9
2026-01-06,5,1,0,VM-101,prod-5,Dragonfruit Sparkling Water,Hydration,8
2026-01-06,5,1,0,VM-101,prod-6,Organic Protein Crunch Bar,Snacks,8
2026-01-06,5,1,0,VM-101,prod-7,Detox Green Juice,Fresh Juices,12
2026-01-06,5,1,0,VM-101,prod-8,Mango Passion Kombucha,Fresh Juices,7
2026-01-06,5,1,0,VM-102,prod-1,Nitro Cold Brew,Coffee & Tea,20
2026-01-06,5,1,0,VM-102,prod-2,Matcha Green Tea Latte,Coffee & Tea,12
2026-01-06,5,1,0,VM-102,prod-3,Electrolyte Spark Hydration,Hydration,16
2026-01-06,5,1,0,VM-102,prod-4,Dark Chocolate Almond Bar,Snacks,17
2026-01-06,5,1,0,VM-102,prod-5,Dragonfruit Sparkling Water,Hydration,11
2026-01-06,5,1,0,VM-102,prod-6,Organic Protein Crunch Bar,Snacks,13
2026-01-06,5,1,0,VM-102,prod-7,Detox Green Juice,Fresh Juices,11
2026-01-06,5,1,0,VM-102,prod-8,Mango Passion Kombucha,Fresh Juices,17
2026-01-06,5,1,0,VM-103,prod-1,Nitro Cold Brew,Coffee & Tea,16
2026-01-06,5,1,0,VM-103,prod-2,Matcha Green Tea Latte,Coffee & Tea,22
2026-01-06,5,1,0,VM-103,prod-3,Electrolyte Spark Hydration,Hydration,13
2026-01-06,5,1,0,VM-103,prod-4,Dark Chocolate Almond Bar,Snacks,24
2026-01-06,5,1,0,VM-103,prod-5,Dragonfruit Sparkling Water,Hydration,8
2026-01-06,5,1,0,VM-103,prod-6,Organic Protein Crunch Bar,Snacks,13
2026-01-06,5,1,0,VM-103,prod-7,Detox Green Juice,Fresh Juices,5
2026-01-06,5,1,0,VM-103,prod-8,Mango Passion Kombucha,Fresh Juices,12
2026-01-06,5,1,0,VM-104,prod-1,Nitro Cold Brew,Coffee & Tea,19
2026-01-06,5,1,0,VM-104,prod-2,Matcha Green Tea Latte,Coffee & Tea,18
2026-01-06,5,1,0,VM-104,prod-3,Electrolyte Spark Hydration,Hydration,18
2026-01-06,5,1,0,VM-104,prod-4,Dark Chocolate Almond Bar,Snacks,19
2026-01-06,5,1,0,VM-104,prod-5,Dragonfruit Sparkling Water,Hydration,6
2026-01-06,5,1,0,VM-104,prod-6,Organic Protein Crunch Bar,Snacks,8
2026-01-06,5,1,0,VM-104,prod-7,Detox Green Juice,Fresh Juices,9
2026-01-06,5,1,0,VM-104,prod-8,Mango Passion Kombucha,Fresh Juices,17
2026-01-06,5,1,0,VM-105,prod-1,Nitro Cold Brew,Coffee & Tea,14
2026-01-06,5,1,0,VM-105,prod-2,Matcha Green Tea Latte,Coffee & Tea,9
2026-01-06,5,1,0,VM-105,prod-3,Electrolyte Spark Hydration,Hydration,6
2026-01-06,5,1,0,VM-105,prod-4,Dark Chocolate Almond Bar,Snacks,22
2026-01-06,5,1,0,VM-105,prod-5,Dragonfruit Sparkling Water,Hydration,5
2026-01-06,5,1,0,VM-105,prod-6,Organic Protein Crunch Bar,Snacks,16
2026-01-06,5,1,0,VM-105,prod-7,Detox Green Juice,Fresh Juices,11
2026-01-06,5,1,0,VM-105,prod-8,Mango Passion Kombucha,Fresh Juices,14
2026-01-06,5,1,0,VM-106,prod-1,Nitro Cold Brew,Coffee & Tea,25
2026-01-06,5,1,0,VM-106,prod-2,Matcha Green Tea Latte,Coffee & Tea,11
2026-01-06,5,1,0,VM-106,prod-3,Electrolyte Spark Hydration,Hydration,11
2026-01-06,5,1,0,VM-106,prod-4,Dark Chocolate Almond Bar,Snacks,21
2026-01-06,5,1,0,VM-106,prod-5,Dragonfruit Sparkling Water,Hydration,9
2026-01-06,5,1,0,VM-106,prod-6,Organic Protein Crunch Bar,Snacks,8
2026-01-06,5,1,0,VM-106,prod-7,Detox Green Juice,Fresh Juices,8
2026-01-06,5,1,0,VM-106,prod-8,Mango Passion Kombucha,Fresh Juices,15
2026-01-06,5,1,0,VM-107,prod-1,Nitro Cold Brew,Coffee & Tea,17
2026-01-06,5,1,0,VM-107,prod-2,Matcha Green Tea Latte,Coffee & Tea,10
2026-01-06,5,1,0,VM-107,prod-3,Electrolyte Spark Hydration,Hydration,6
2026-01-06,5,1,0,VM-107,prod-4,Dark Chocolate Almond Bar,Snacks,16
2026-01-06,5,1,0,VM-107,prod-5,Dragonfruit Sparkling Water,Hydration,15
2026-01-06,5,1,0,VM-107,prod-6,Organic Protein Crunch Bar,Snacks,9
2026-01-06,5,1,0,VM-107,prod-7,Detox Green Juice,Fresh Juices,6
2026-01-06,5,1,0,VM-107,prod-8,Mango Passion Kombucha,Fresh Juices,11
2026-01-06,5,1,0,VM-108,prod-1,Nitro Cold Brew,Coffee & Tea,18
2026-01-06,5,1,0,VM-108,prod-2,Matcha Green Tea Latte,Coffee & Tea,18
2026-01-06,5,1,0,VM-108,prod-3,Electrolyte Spark Hydration,Hydration,16
2026-01-06,5,1,0,VM-108,prod-4,Dark Chocolate Almond Bar,Snacks,23
2026-01-06,5,1,0,VM-108,prod-5,Dragonfruit Sparkling Water,Hydration,14
2026-01-06,5,1,0,VM-108,prod-6,Organic Protein Crunch Bar,Snacks,16
2026-01-06,5,1,0,VM-108,prod-7,Detox Green Juice,Fresh Juices,6
2026-01-06,5,1,0,VM-108,prod-8,Mango Passion Kombucha,Fresh Juices,17
2026-01-06,5,1,0,VM-109,prod-1,Nitro Cold Brew,Coffee & Tea,9
2026-01-06,5,1,0,VM-109,prod-2,Matcha Green Tea Latte,Coffee & Tea,11
2026-01-06,5,1,0,VM-109,prod-3,Electrolyte Spark Hydration,Hydration,8
2026-01-06,5,1,0,VM-109,prod-4,Dark Chocolate Almond Bar,Snacks,22
2026-01-06,5,1,0,VM-109,prod-5,Dragonfruit Sparkling Water,Hydration,10
2026-01-06,5,1,0,VM-109,prod-6,Organic Protein Crunch Bar,Snacks,12
2026-01-06,5,1,0,VM-109,prod-7,Detox Green Juice,Fresh Juices,14
2026-01-06,5,1,0,VM-109,prod-8,Mango Passion Kombucha,Fresh Juices,13
2026-01-06,5,1,0,VM-110,prod-1,Nitro Cold Brew,Coffee & Tea,16
2026-01-06,5,1,0,VM-110,prod-2,Matcha Green Tea Latte,Coffee & Tea,13
2026-01-06,5,1,0,VM-110,prod-3,Electrolyte Spark Hydration,Hydration,6
2026-01-06,5,1,0,VM-110,prod-4,Dark Chocolate Almond Bar,Snacks,21
2026-01-06,5,1,0,VM-110,prod-5,Dragonfruit Sparkling Water,Hydration,6
2026-01-06,5,1,0,VM-110,prod-6,Organic Protein Crunch Bar,Snacks,22
2026-01-06,5,1,0,VM-110,prod-7,Detox Green Juice,Fresh Juices,12
2026-01-06,5,1,0,VM-110,prod-8,Mango Passion Kombucha,Fresh Juices,8
2026-01-07,6,2,0,VM-101,prod-1,Nitro Cold Brew,Coffee & Tea,18
2026-01-07,6,2,0,VM-101,prod-2,Matcha Green Tea Latte,Coffee & Tea,20
2026-01-07,6,2,0,VM-101,prod-3,Electrolyte Spark Hydration,Hydration,8
2026-01-07,6,2,0,VM-101,prod-4,Dark Chocolate Almond Bar,Snacks,17
2026-01-07,6,2,0,VM-101,prod-5,Dragonfruit Sparkling Water,Hydration,10
2026-01-07,6,2,0,VM-101,prod-6,Organic Protein Crunch Bar,Snacks,7
2026-01-07,6,2,0,VM-101,prod-7,Detox Green Juice,Fresh Juices,9
2026-01-07,6,2,0,VM-101,prod-8,Mango Passion Kombucha,Fresh Juices,11
2026-01-07,6,2,0,VM-102,prod-1,Nitro Cold Brew,Coffee & Tea,21
2026-01-07,6,2,0,VM-102,prod-2,Matcha Green Tea Latte,Coffee & Tea,17
2026-01-07,6,2,0,VM-102,prod-3,Electrolyte Spark Hydration,Hydration,18
2026-01-07,6,2,0,VM-102,prod-4,Dark Chocolate Almond Bar,Snacks,18
2026-01-07,6,2,0,VM-102,prod-5,Dragonfruit Sparkling Water,Hydration,17
2026-01-07,6,2,0,VM-102,prod-6,Organic Protein Crunch Bar,Snacks,14
2026-01-07,6,2,0,VM-102,prod-7,Detox Green Juice,Fresh Juices,13
2026-01-07,6,2,0,VM-102,prod-8,Mango Passion Kombucha,Fresh Juices,20
2026-01-07,6,2,0,VM-103,prod-1,Nitro Cold Brew,Coffee & Tea,16
2026-01-07,6,2,0,VM-103,prod-2,Matcha Green Tea Latte,Coffee & Tea,27
2026-01-07,6,2,0,VM-103,prod-3,Electrolyte Spark Hydration,Hydration,11
2026-01-07,6,2,0,VM-103,prod-4,Dark Chocolate Almond Bar,Snacks,32
2026-01-07,6,2,0,VM-103,prod-5,Dragonfruit Sparkling Water,Hydration,10
2026-01-07,6,2,0,VM-103,prod-6,Organic Protein Crunch Bar,Snacks,14
2026-01-07,6,2,0,VM-103,prod-7,Detox Green Juice,Fresh Juices,11
2026-01-07,6,2,0,VM-103,prod-8,Mango Passion Kombucha,Fresh Juices,13
2026-01-07,6,2,0,VM-104,prod-1,Nitro Cold Brew,Coffee & Tea,15
2026-01-07,6,2,0,VM-104,prod-2,Matcha Green Tea Latte,Coffee & Tea,19
2026-01-07,6,2,0,VM-104,prod-3,Electrolyte Spark Hydration,Hydration,18
2026-01-07,6,2,0,VM-104,prod-4,Dark Chocolate Almond Bar,Snacks,25
2026-01-07,6,2,0,VM-104,prod-5,Dragonfruit Sparkling Water,Hydration,4
2026-01-07,6,2,0,VM-104,prod-6,Organic Protein Crunch Bar,Snacks,11
2026-01-07,6,2,0,VM-104,prod-7,Detox Green Juice,Fresh Juices,8
2026-01-07,6,2,0,VM-104,prod-8,Mango Passion Kombucha,Fresh Juices,16
2026-01-07,6,2,0,VM-105,prod-1,Nitro Cold Brew,Coffee & Tea,12
2026-01-07,6,2,0,VM-105,prod-2,Matcha Green Tea Latte,Coffee & Tea,7
2026-01-07,6,2,0,VM-105,prod-3,Electrolyte Spark Hydration,Hydration,8
2026-01-07,6,2,0,VM-105,prod-4,Dark Chocolate Almond Bar,Snacks,25
2026-01-07,6,2,0,VM-105,prod-5,Dragonfruit Sparkling Water,Hydration,4
2026-01-07,6,2,0,VM-105,prod-6,Organic Protein Crunch Bar,Snacks,15
2026-01-07,6,2,0,VM-105,prod-7,Detox Green Juice,Fresh Juices,11
2026-01-07,6,2,0,VM-105,prod-8,Mango Passion Kombucha,Fresh Juices,14
2026-01-07,6,2,0,VM-106,prod-1,Nitro Cold Brew,Coffee & Tea,22
2026-01-07,6,2,0,VM-106,prod-2,Matcha Green Tea Latte,Coffee & Tea,9
2026-01-07,6,2,0,VM-106,prod-3,Electrolyte Spark Hydration,Hydration,9
2026-01-07,6,2,0,VM-106,prod-4,Dark Chocolate Almond Bar,Snacks,23
2026-01-07,6,2,0,VM-106,prod-5,Dragonfruit Sparkling Water,Hydration,8
2026-01-07,6,2,0,VM-106,prod-6,Organic Protein Crunch Bar,Snacks,10
2026-01-07,6,2,0,VM-106,prod-7,Detox Green Juice,Fresh Juices,11
2026-01-07,6,2,0,VM-106,prod-8,Mango Passion Kombucha,Fresh Juices,18
2026-01-07,6,2,0,VM-107,prod-1,Nitro Cold Brew,Coffee & Tea,23
2026-01-07,6,2,0,VM-107,prod-2,Matcha Green Tea Latte,Coffee & Tea,10
2026-01-07,6,2,0,VM-107,prod-3,Electrolyte Spark Hydration,Hydration,6
2026-01-07,6,2,0,VM-107,prod-4,Dark Chocolate Almond Bar,Snacks,14
2026-01-07,6,2,0,VM-107,prod-5,Dragonfruit Sparkling Water,Hydration,19
2026-01-07,6,2,0,VM-107,prod-6,Organic Protein Crunch Bar,Snacks,14
2026-01-07,6,2,0,VM-107,prod-7,Detox Green Juice,Fresh Juices,6
2026-01-07,6,2,0,VM-107,prod-8,Mango Passion Kombucha,Fresh Juices,10
2026-01-07,6,2,0,VM-108,prod-1,Nitro Cold Brew,Coffee & Tea,25
2026-01-07,6,2,0,VM-108,prod-2,Matcha Green Tea Latte,Coffee & Tea,15
2026-01-07,6,2,0,VM-108,prod-3,Electrolyte Spark Hydration,Hydration,14
2026-01-07,6,2,0,VM-108,prod-4,Dark Chocolate Almond Bar,Snacks,24
2026-01-07,6,2,0,VM-108,prod-5,Dragonfruit Sparkling Water,Hydration,13
2026-01-07,6,2,0,VM-108,prod-6,Organic Protein Crunch Bar,Snacks,11
2026-01-07,6,2,0,VM-108,prod-7,Detox Green Juice,Fresh Juices,6
2026-01-07,6,2,0,VM-108,prod-8,Mango Passion Kombucha,Fresh Juices,17
2026-01-07,6,2,0,VM-109,prod-1,Nitro Cold Brew,Coffee & Tea,10
2026-01-07,6,2,0,VM-109,prod-2,Matcha Green Tea Latte,Coffee & Tea,16
2026-01-07,6,2,0,VM-109,prod-3,Electrolyte Spark Hydration,Hydration,4
2026-01-07,6,2,0,VM-109,prod-4,Dark Chocolate Almond Bar,Snacks,31
2026-01-07,6,2,0,VM-109,prod-5,Dragonfruit Sparkling Water,Hydration,12
2026-01-07,6,2,0,VM-109,prod-6,Organic Protein Crunch Bar,Snacks,9
2026-01-07,6,2,0,VM-109,prod-7,Detox Green Juice,Fresh Juices,13
2026-01-07,6,2,0,VM-109,prod-8,Mango Passion Kombucha,Fresh Juices,12
2026-01-07,6,2,0,VM-110,prod-1,Nitro Cold Brew,Coffee & Tea,11
2026-01-07,6,2,0,VM-110,prod-2,Matcha Green Tea Latte,Coffee & Tea,14
2026-01-07,6,2,0,VM-110,prod-3,Electrolyte Spark Hydration,Hydration,5
2026-01-07,6,2,0,VM-110,prod-4,Dark Chocolate Almond Bar,Snacks,33
2026-01-07,6,2,0,VM-110,prod-5,Dragonfruit Sparkling Water,Hydration,7
2026-01-07,6,2,0,VM-110,prod-6,Organic Protein Crunch Bar,Snacks,26
2026-01-07,6,2,0,VM-110,prod-7,Detox Green Juice,Fresh Juices,12
2026-01-07,6,2,0,VM-110,prod-8,Mango Passion Kombucha,Fresh Juices,8
2026-01-08,7,3,0,VM-101,prod-1,Nitro Cold Brew,Coffee & Tea,15
2026-01-08,7,3,0,VM-101,prod-2,Matcha Green Tea Latte,Coffee & Tea,19
2026-01-08,7,3,0,VM-101,prod-3,Electrolyte Spark Hydration,Hydration,7
2026-01-08,7,3,0,VM-101,prod-4,Dark Chocolate Almond Bar,Snacks,15
2026-01-08,7,3,0,VM-101,prod-5,Dragonfruit Sparkling Water,Hydration,11
2026-01-08,7,3,0,VM-101,prod-6,Organic Protein Crunch Bar,Snacks,9
2026-01-08,7,3,0,VM-101,prod-7,Detox Green Juice,Fresh Juices,14
2026-01-08,7,3,0,VM-101,prod-8,Mango Passion Kombucha,Fresh Juices,10
2026-01-08,7,3,0,VM-102,prod-1,Nitro Cold Brew,Coffee & Tea,19
2026-01-08,7,3,0,VM-102,prod-2,Matcha Green Tea Latte,Coffee & Tea,21
2026-01-08,7,3,0,VM-102,prod-3,Electrolyte Spark Hydration,Hydration,15
2026-01-08,7,3,0,VM-102,prod-4,Dark Chocolate Almond Bar,Snacks,25
2026-01-08,7,3,0,VM-102,prod-5,Dragonfruit Sparkling Water,Hydration,15
2026-01-08,7,3,0,VM-102,prod-6,Organic Protein Crunch Bar,Snacks,14
2026-01-08,7,3,0,VM-102,prod-7,Detox Green Juice,Fresh Juices,14
2026-01-08,7,3,0,VM-102,prod-8,Mango Passion Kombucha,Fresh Juices,16
2026-01-08,7,3,0,VM-103,prod-1,Nitro Cold Brew,Coffee & Tea,18
2026-01-08,7,3,0,VM-103,prod-2,Matcha Green Tea Latte,Coffee & Tea,26
2026-01-08,7,3,0,VM-103,prod-3,Electrolyte Spark Hydration,Hydration,12
2026-01-08,7,3,0,VM-103,prod-4,Dark Chocolate Almond Bar,Snacks,36
2026-01-08,7,3,0,VM-103,prod-5,Dragonfruit Sparkling Water,Hydration,8
2026-01-08,7,3,0,VM-103,prod-6,Organic Protein Crunch Bar,Snacks,9
2026-01-08,7,3,0,VM-103,prod-7,Detox Green Juice,Fresh Juices,7
2026-01-08,7,3,0,VM-103,prod-8,Mango Passion Kombucha,Fresh Juices,16
2026-01-08,7,3,0,VM-104,prod-1,Nitro Cold Brew,Coffee & Tea,15
2026-01-08,7,3,0,VM-104,prod-2,Matcha Green Tea Latte,Coffee & Tea,26
2026-01-08,7,3,0,VM-104,prod-3,Electrolyte Spark Hydration,Hydration,13
2026-01-08,7,3,0,VM-104,prod-4,Dark Chocolate Almond Bar,Snacks,29
2026-01-08,7,3,0,VM-104,prod-5,Dragonfruit Sparkling Water,Hydration,6
2026-01-08,7,3,0,VM-104,prod-6,Organic Protein Crunch Bar,Snacks,9
2026-01-08,7,3,0,VM-104,prod-7,Detox Green Juice,Fresh Juices,8
2026-01-08,7,3,0,VM-104,prod-8,Mango Passion Kombucha,Fresh Juices,19
2026-01-08,7,3,0,VM-105,prod-1,Nitro Cold Brew,Coffee & Tea,15
2026-01-08,7,3,0,VM-105,prod-2,Matcha Green Tea Latte,Coffee & Tea,12
2026-01-08,7,3,0,VM-105,prod-3,Electrolyte Spark Hydration,Hydration,8
2026-01-08,7,3,0,VM-105,prod-4,Dark Chocolate Almond Bar,Snacks,26
2026-01-08,7,3,0,VM-105,prod-5,Dragonfruit Sparkling Water,Hydration,5
2026-01-08,7,3,0,VM-105,prod-6,Organic Protein Crunch Bar,Snacks,19
2026-01-08,7,3,0,VM-105,prod-7,Detox Green Juice,Fresh Juices,13
2026-01-08,7,3,0,VM-105,prod-8,Mango Passion Kombucha,Fresh Juices,9
2026-01-08,7,3,0,VM-106,prod-1,Nitro Cold Brew,Coffee & Tea,19
2026-01-08,7,3,0,VM-106,prod-2,Matcha Green Tea Latte,Coffee & Tea,14
2026-01-08,7,3,0,VM-106,prod-3,Electrolyte Spark Hydration,Hydration,10
2026-01-08,7,3,0,VM-106,prod-4,Dark Chocolate Almond Bar,Snacks,24
2026-01-08,7,3,0,VM-106,prod-5,Dragonfruit Sparkling Water,Hydration,15
2026-01-08,7,3,0,VM-106,prod-6,Organic Protein Crunch Bar,Snacks,11
2026-01-08,7,3,0,VM-106,prod-7,Detox Green Juice,Fresh Juices,11
2026-01-08,7,3,0,VM-106,prod-8,Mango Passion Kombucha,Fresh Juices,15
2026-01-08,7,3,0,VM-107,prod-1,Nitro Cold Brew,Coffee & Tea,19
2026-01-08,7,3,0,VM-107,prod-2,Matcha Green Tea Latte,Coffee & Tea,7
2026-01-08,7,3,0,VM-107,prod-3,Electrolyte Spark Hydration,Hydration,7
2026-01-08,7,3,0,VM-107,prod-4,Dark Chocolate Almond Bar,Snacks,13
2026-01-08,7,3,0,VM-107,prod-5,Dragonfruit Sparkling Water,Hydration,17
2026-01-08,7,3,0,VM-107,prod-6,Organic Protein Crunch Bar,Snacks,16
2026-01-08,7,3,0,VM-107,prod-7,Detox Green Juice,Fresh Juices,7
2026-01-08,7,3,0,VM-107,prod-8,Mango Passion Kombucha,Fresh Juices,12
2026-01-08,7,3,0,VM-108,prod-1,Nitro Cold Brew,Coffee & Tea,32
2026-01-08,7,3,0,VM-108,prod-2,Matcha Green Tea Latte,Coffee & Tea,19
2026-01-08,7,3,0,VM-108,prod-3,Electrolyte Spark Hydration,Hydration,12
2026-01-08,7,3,0,VM-108,prod-4,Dark Chocolate Almond Bar,Snacks,22
2026-01-08,7,3,0,VM-108,prod-5,Dragonfruit Sparkling Water,Hydration,13
2026-01-08,7,3,0,VM-108,prod-6,Organic Protein Crunch Bar,Snacks,13
2026-01-08,7,3,0,VM-108,prod-7,Detox Green Juice,Fresh Juices,7
2026-01-08,7,3,0,VM-108,prod-8,Mango Passion Kombucha,Fresh Juices,16
2026-01-08,7,3,0,VM-109,prod-1,Nitro Cold Brew,Coffee & Tea,11
2026-01-08,7,3,0,VM-109,prod-2,Matcha Green Tea Latte,Coffee & Tea,12
2026-01-08,7,3,0,VM-109,prod-3,Electrolyte Spark Hydration,Hydration,7
2026-01-08,7,3,0,VM-109,prod-4,Dark Chocolate Almond Bar,Snacks,22
2026-01-08,7,3,0,VM-109,prod-5,Dragonfruit Sparkling Water,Hydration,9
2026-01-08,7,3,0,VM-109,prod-6,Organic Protein Crunch Bar,Snacks,11
2026-01-08,7,3,0,VM-109,prod-7,Detox Green Juice,Fresh Juices,12
2026-01-08,7,3,0,VM-109,prod-8,Mango Passion Kombucha,Fresh Juices,16
2026-01-08,7,3,0,VM-110,prod-1,Nitro Cold Brew,Coffee & Tea,13
2026-01-08,7,3,0,VM-110,prod-2,Matcha Green Tea Latte,Coffee & Tea,23
2026-01-08,7,3,0,VM-110,prod-3,Electrolyte Spark Hydration,Hydration,7
2026-01-08,7,3,0,VM-110,prod-4,Dark Chocolate Almond Bar,Snacks,29
2026-01-08,7,3,0,VM-110,prod-5,Dragonfruit Sparkling Water,Hydration,6
2026-01-08,7,3,0,VM-110,prod-6,Organic Protein Crunch Bar,Snacks,25
2026-01-08,7,3,0,VM-110,prod-7,Detox Green Juice,Fresh Juices,10
2026-01-08,7,3,0,VM-110,prod-8,Mango Passion Kombucha,Fresh Juices,11
2026-01-09,8,4,0,VM-101,prod-1,Nitro Cold Brew,Coffee & Tea,29
2026-01-09,8,4,0,VM-101,prod-2,Matcha Green Tea Latte,Coffee & Tea,22
2026-01-09,8,4,0,VM-101,prod-3,Electrolyte Spark Hydration,Hydration,12
2026-01-09,8,4,0,VM-101,prod-4,Dark Chocolate Almond Bar,Snacks,15
2026-01-09,8,4,0,VM-101,prod-5,Dragonfruit Sparkling Water,Hydration,15
2026-01-09,8,4,0,VM-101,prod-6,Organic Protein Crunch Bar,Snacks,14
2026-01-09,8,4,0,VM-101,prod-7,Detox Green Juice,Fresh Juices,14
2026-01-09,8,4,0,VM-101,prod-8,Mango Passion Kombucha,Fresh Juices,15
2026-01-09,8,4,0,VM-102,prod-1,Nitro Cold Brew,Coffee & Tea,27
2026-01-09,8,4,0,VM-102,prod-2,Matcha Green Tea Latte,Coffee & Tea,20
2026-01-09,8,4,0,VM-102,prod-3,Electrolyte Spark Hydration,Hydration,24
2026-01-09,8,4,0,VM-102,prod-4,Dark Chocolate Almond Bar,Snacks,32
2026-01-09,8,4,0,VM-102,prod-5,Dragonfruit Sparkling Water,Hydration,18
2026-01-09,8,4,0,VM-102,prod-6,Organic Protein Crunch Bar,Snacks,14
2026-01-09,8,4,0,VM-102,prod-7,Detox Green Juice,Fresh Juices,15
2026-01-09,8,4,0,VM-102,prod-8,Mango Passion Kombucha,Fresh Juices,23
2026-01-09,8,4,0,VM-103,prod-1,Nitro Cold Brew,Coffee & Tea,19
2026-01-09,8,4,0,VM-103,prod-2,Matcha Green Tea Latte,Coffee & Tea,37
2026-01-09,8,4,0,VM-103,prod-3,Electrolyte Spark Hydration,Hydration,16
2026-01-09,8,4,0,VM-103,prod-4,Dark Chocolate Almond Bar,Snacks,31
2026-01-09,8,4,0,VM-103,prod-5,Dragonfruit Sparkling Water,Hydration,11
2026-01-09,8,4,0,VM-103,prod-6,Organic Protein Crunch Bar,Snacks,16
2026-01-09,8,4,0,VM-103,prod-7,Detox Green Juice,Fresh Juices,12
2026-01-09,8,4,0,VM-103,prod-8,Mango Passion Kombucha,Fresh Juices,21
2026-01-09,8,4,0,VM-104,prod-1,Nitro Cold Brew,Coffee & Tea,26
2026-01-09,8,4,0,VM-104,prod-2,Matcha Green Tea Latte,Coffee & Tea,28
2026-01-09,8,4,0,VM-104,prod-3,Electrolyte Spark Hydration,Hydration,23
2026-01-09,8,4,0,VM-104,prod-4,Dark Chocolate Almond Bar,Snacks,21
2026-01-09,8,4,0,VM-104,prod-5,Dragonfruit Sparkling Water,Hydration,8
2026-01-09,8,4,0,VM-104,prod-6,Organic Protein Crunch Bar,Snacks,12
2026-01-09,8,4,0,VM-104,prod-7,Detox Green Juice,Fresh Juices,11
2026-01-09,8,4,0,VM-104,prod-8,Mango Passion Kombucha,Fresh Juices,18
2026-01-09,8,4,0,VM-105,prod-1,Nitro Cold Brew,Coffee & Tea,16
2026-01-09,8,4,0,VM-105,prod-2,Matcha Green Tea Latte,Coffee & Tea,15
2026-01-09,8,4,0,VM-105,prod-3,Electrolyte Spark Hydration,Hydration,9
2026-01-09,8,4,0,VM-105,prod-4,Dark Chocolate Almond Bar,Snacks,35
2026-01-09,8,4,0,VM-105,prod-5,Dragonfruit Sparkling Water,Hydration,7
2026-01-09,8,4,0,VM-105,prod-6,Organic Protein Crunch Bar,Snacks,24
2026-01-09,8,4,0,VM-105,prod-7,Detox Green Juice,Fresh Juices,17
2026-01-09,8,4,0,VM-105,prod-8,Mango Passion Kombucha,Fresh Juices,13
2026-01-09,8,4,0,VM-106,prod-1,Nitro Cold Brew,Coffee & Tea,30
2026-01-09,8,4,0,VM-106,prod-2,Matcha Green Tea Latte,Coffee & Tea,14
2026-01-09,8,4,0,VM-106,prod-3,Electrolyte Spark Hydration,Hydration,12
2026-01-09,8,4,0,VM-106,prod-4,Dark Chocolate Almond Bar,Snacks,30
2026-01-09,8,4,0,VM-106,prod-5,Dragonfruit Sparkling Water,Hydration,19
2026-01-09,8,4,0,VM-106,prod-6,Organic Protein Crunch Bar,Snacks,12
2026-01-09,8,4,0,VM-106,prod-7,Detox Green Juice,Fresh Juices,18
2026-01-09,8,4,0,VM-106,prod-8,Mango Passion Kombucha,Fresh Juices,18
2026-01-09,8,4,0,VM-107,prod-1,Nitro Cold Brew,Coffee & Tea,23
2026-01-09,8,4,0,VM-107,prod-2,Matcha Green Tea Latte,Coffee & Tea,10
2026-01-09,8,4,0,VM-107,prod-3,Electrolyte Spark Hydration,Hydration,10
2026-01-09,8,4,0,VM-107,prod-4,Dark Chocolate Almond Bar,Snacks,23
2026-01-09,8,4,0,VM-107,prod-5,Dragonfruit Sparkling Water,Hydration,21
2026-01-09,8,4,0,VM-107,prod-6,Organic Protein Crunch Bar,Snacks,14
2026-01-09,8,4,0,VM-107,prod-7,Detox Green Juice,Fresh Juices,8
2026-01-09,8,4,0,VM-107,prod-8,Mango Passion Kombucha,Fresh Juices,15
2026-01-09,8,4,0,VM-108,prod-1,Nitro Cold Brew,Coffee & Tea,32
2026-01-09,8,4,0,VM-108,prod-2,Matcha Green Tea Latte,Coffee & Tea,24
2026-01-09,8,4,0,VM-108,prod-3,Electrolyte Spark Hydration,Hydration,19
2026-01-09,8,4,0,VM-108,prod-4,Dark Chocolate Almond Bar,Snacks,42
2026-01-09,8,4,0,VM-108,prod-5,Dragonfruit Sparkling Water,Hydration,23
2026-01-09,8,4,0,VM-108,prod-6,Organic Protein Crunch Bar,Snacks,15
2026-01-09,8,4,0,VM-108,prod-7,Detox Green Juice,Fresh Juices,8
2026-01-09,8,4,0,VM-108,prod-8,Mango Passion Kombucha,Fresh Juices,27
2026-01-09,8,4,0,VM-109,prod-1,Nitro Cold Brew,Coffee & Tea,16
2026-01-09,8,4,0,VM-109,prod-2,Matcha Green Tea Latte,Coffee & Tea,15
2026-01-09,8,4,0,VM-109,prod-3,Electrolyte Spark Hydration,Hydration,9
2026-01-09,8,4,0,VM-109,prod-4,Dark Chocolate Almond Bar,Snacks,34
2026-01-09,8,4,0,VM-109,prod-5,Dragonfruit Sparkling Water,Hydration,11
2026-01-09,8,4,0,VM-109,prod-6,Organic Protein Crunch Bar,Snacks,15
2026-01-09,8,4,0,VM-109,prod-7,Detox Green Juice,Fresh Juices,15
2026-01-09,8,4,0,VM-109,prod-8,Mango Passion Kombucha,Fresh Juices,15
2026-01-09,8,4,0,VM-110,prod-1,Nitro Cold Brew,Coffee & Tea,18
2026-01-09,8,4,0,VM-110,prod-2,Matcha Green Tea Latte,Coffee & Tea,21
2026-01-09,8,4,0,VM-110,prod-3,Electrolyte Spark Hydration,Hydration,11
2026-01-09,8,4,0,VM-110,prod-4,Dark Chocolate Almond Bar,Snacks,29
2026-01-09,8,4,0,VM-110,prod-5,Dragonfruit Sparkling Water,Hydration,10
2026-01-09,8,4,0,VM-110,prod-6,Organic Protein Crunch Bar,Snacks,27
2026-01-09,8,4,0,VM-110,prod-7,Detox Green Juice,Fresh Juices,14
2026-01-09,8,4,0,VM-110,prod-8,Mango Passion Kombucha,Fresh Juices,14
2026-01-10,9,5,1,VM-101,prod-1,Nitro Cold Brew,Coffee & Tea,18
2026-01-10,9,5,1,VM-101,prod-2,Matcha Green Tea Latte,Coffee & Tea,24
2026-01-10,9,5,1,VM-101,prod-3,Electrolyte Spark Hydration,Hydration,11
2026-01-10,9,5,1,VM-101,prod-4,Dark Chocolate Almond Bar,Snacks,19
2026-01-10,9,5,1,VM-101,prod-5,Dragonfruit Sparkling Water,Hydration,16
2026-01-10,9,5,1,VM-101,prod-6,Organic Protein Crunch Bar,Snacks,16
2026-01-10,9,5,1,VM-101,prod-7,Detox Green Juice,Fresh Juices,15
2026-01-10,9,5,1,VM-101,prod-8,Mango Passion Kombucha,Fresh Juices,11
2026-01-10,9,5,1,VM-102,prod-1,Nitro Cold Brew,Coffee & Tea,23
2026-01-10,9,5,1,VM-102,prod-2,Matcha Green Tea Latte,Coffee & Tea,21
2026-01-10,9,5,1,VM-102,prod-3,Electrolyte Spark Hydration,Hydration,21
2026-01-10,9,5,1,VM-102,prod-4,Dark Chocolate Almond Bar,Snacks,34
2026-01-10,9,5,1,VM-102,prod-5,Dragonfruit Sparkling Water,Hydration,21
2026-01-10,9,5,1,VM-102,prod-6,Organic Protein Crunch Bar,Snacks,17
2026-01-10,9,5,1,VM-102,prod-7,Detox Green Juice,Fresh Juices,15
2026-01-10,9,5,1,VM-102,prod-8,Mango Passion Kombucha,Fresh Juices,27
2026-01-10,9,5,1,VM-103,prod-1,Nitro Cold Brew,Coffee & Tea,18
2026-01-10,9,5,1,VM-103,prod-2,Matcha Green Tea Latte,Coffee & Tea,38
2026-01-10,9,5,1,VM-103,prod-3,Electrolyte Spark Hydration,Hydration,17
2026-01-10,9,5,1,VM-103,prod-4,Dark Chocolate Almond Bar,Snacks,31
2026-01-10,9,5,1,VM-103,prod-5,Dragonfruit Sparkling Water,Hydration,14
2026-01-10,9,5,1,VM-103,prod-6,Organic Protein Crunch Bar,Snacks,20
2026-01-10,9,5,1,VM-103,prod-7,Detox Green Juice,Fresh Juices,11
2026-01-10,9,5,1,VM-103,prod-8,Mango Passion Kombucha,Fresh Juices,18
2026-01-10,9,5,1,VM-104,prod-1,Nitro Cold Brew,Coffee & Tea,25
2026-01-10,9,5,1,VM-104,prod-2,Matcha Green Tea Latte,Coffee & Tea,28
2026-01-10,9,5,1,VM-104,prod-3,Electrolyte Spark Hydration,Hydration,26
2026-01-10,9,5,1,VM-104,prod-4,Dark Chocolate Almond Bar,Snacks,39
2026-01-10,9,5,1,VM-104,prod-5,Dragonfruit Sparkling Water,Hydration,8
2026-01-10,9,5,1,VM-104,prod-6,Organic Protein Crunch Bar,Snacks,10
2026-01-10,9,5,1,VM-104,prod-7,Detox Green Juice,Fresh Juices,8
2026-01-10,9,5,1,VM-104,prod-8,Mango Passion Kombucha,Fresh Juices,20
2026-01-10,9,5,1,VM-105,prod-1,Nitro Cold Brew,Coffee & Tea,19
2026-01-10,9,5,1,VM-105,prod-2,Matcha Green Tea Latte,Coffee & Tea,17
2026-01-10,9,5,1,VM-105,prod-3,Electrolyte Spark Hydration,Hydration,9
2026-01-10,9,5,1,VM-105,prod-4,Dark Chocolate Almond Bar,Snacks,34
2026-01-10,9,5,1,VM-105,prod-5,Dragonfruit Sparkling Water,Hydration,7
2026-01-10,9,5,1,VM-105,prod-6,Organic Protein Crunch Bar,Snacks,29
2026-01-10,9,5,1,VM-105,prod-7,Detox Green Juice,Fresh Juices,21
2026-01-10,9,5,1,VM-105,prod-8,Mango Passion Kombucha,Fresh Juices,14
2026-01-10,9,5,1,VM-106,prod-1,Nitro Cold Brew,Coffee & Tea,29
2026-01-10,9,5,1,VM-106,prod-2,Matcha Green Tea Latte,Coffee & Tea,18
2026-01-10,9,5,1,VM-106,prod-3,Electrolyte Spark Hydration,Hydration,14
2026-01-10,9,5,1,VM-106,prod-4,Dark Chocolate Almond Bar,Snacks,41
2026-01-10,9,5,1,VM-106,prod-5,Dragonfruit Sparkling Water,Hydration,20
2026-01-10,9,5,1,VM-106,prod-6,Organic Protein Crunch Bar,Snacks,13
2026-01-10,9,5,1,VM-106,prod-7,Detox Green Juice,Fresh Juices,17
2026-01-10,9,5,1,VM-106,prod-8,Mango Passion Kombucha,Fresh Juices,26
2026-01-10,9,5,1,VM-107,prod-1,Nitro Cold Brew,Coffee & Tea,27
2026-01-10,9,5,1,VM-107,prod-2,Matcha Green Tea Latte,Coffee & Tea,12
2026-01-10,9,5,1,VM-107,prod-3,Electrolyte Spark Hydration,Hydration,10
2026-01-10,9,5,1,VM-107,prod-4,Dark Chocolate Almond Bar,Snacks,27
2026-01-10,9,5,1,VM-107,prod-5,Dragonfruit Sparkling Water,Hydration,23
2026-01-10,9,5,1,VM-107,prod-6,Organic Protein Crunch Bar,Snacks,21
2026-01-10,9,5,1,VM-107,prod-7,Detox Green Juice,Fresh Juices,8
2026-01-10,9,5,1,VM-107,prod-8,Mango Passion Kombucha,Fresh Juices,14
2026-01-10,9,5,1,VM-108,prod-1,Nitro Cold Brew,Coffee & Tea,39
2026-01-10,9,5,1,VM-108,prod-2,Matcha Green Tea Latte,Coffee & Tea,19
2026-01-10,9,5,1,VM-108,prod-3,Electrolyte Spark Hydration,Hydration,22
2026-01-10,9,5,1,VM-108,prod-4,Dark Chocolate Almond Bar,Snacks,34
2026-01-10,9,5,1,VM-108,prod-5,Dragonfruit Sparkling Water,Hydration,18
2026-01-10,9,5,1,VM-108,prod-6,Organic Protein Crunch Bar,Snacks,20
2026-01-10,9,5,1,VM-108,prod-7,Detox Green Juice,Fresh Juices,9
2026-01-10,9,5,1,VM-108,prod-8,Mango Passion Kombucha,Fresh Juices,23
2026-01-10,9,5,1,VM-109,prod-1,Nitro Cold Brew,Coffee & Tea,11
2026-01-10,9,5,1,VM-109,prod-2,Matcha Green Tea Latte,Coffee & Tea,19
2026-01-10,9,5,1,VM-109,prod-3,Electrolyte Spark Hydration,Hydration,11
2026-01-10,9,5,1,VM-109,prod-4,Dark Chocolate Almond Bar,Snacks,48
2026-01-10,9,5,1,VM-109,prod-5,Dragonfruit Sparkling Water,Hydration,13
2026-01-10,9,5,1,VM-109,prod-6,Organic Protein Crunch Bar,Snacks,19
2026-01-10,9,5,1,VM-109,prod-7,Detox Green Juice,Fresh Juices,19
2026-01-10,9,5,1,VM-109,prod-8,Mango Passion Kombucha,Fresh Juices,22
2026-01-10,9,5,1,VM-110,prod-1,Nitro Cold Brew,Coffee & Tea,19
2026-01-10,9,5,1,VM-110,prod-2,Matcha Green Tea Latte,Coffee & Tea,22
2026-01-10,9,5,1,VM-110,prod-3,Electrolyte Spark Hydration,Hydration,10
2026-01-10,9,5,1,VM-110,prod-4,Dark Chocolate Almond Bar,Snacks,37
2026-01-10,9,5,1,VM-110,prod-5,Dragonfruit Sparkling Water,Hydration,8
2026-01-10,9,5,1,VM-110,prod-6,Organic Protein Crunch Bar,Snacks,30
2026-01-10,9,5,1,VM-110,prod-7,Detox Green Juice,Fresh Juices,17
2026-01-10,9,5,1,VM-110,prod-8,Mango Passion Kombucha,Fresh Juices,12
2026-01-11,10,6,1,VM-101,prod-1,Nitro Cold Brew,Coffee & Tea,19
2026-01-11,10,6,1,VM-101,prod-2,Matcha Green Tea Latte,Coffee & Tea,17
2026-01-11,10,6,1,VM-101,prod-3,Electrolyte Spark Hydration,Hydration,10
2026-01-11,10,6,1,VM-101,prod-4,Dark Chocolate Almond Bar,Snacks,12
2026-01-11,10,6,1,VM-101,prod-5,Dragonfruit Sparkling Water,Hydration,12
2026-01-11,10,6,1,VM-101,prod-6,Organic Protein Crunch Bar,Snacks,11
2026-01-11,10,6,1,VM-101,prod-7,Detox Green Juice,Fresh Juices,17
2026-01-11,10,6,1,VM-101,prod-8,Mango Passion Kombucha,Fresh Juices,10
2026-01-11,10,6,1,VM-102,prod-1,Nitro Cold Brew,Coffee & Tea,20
2026-01-11,10,6,1,VM-102,prod-2,Matcha Green Tea Latte,Coffee & Tea,25
2026-01-11,10,6,1,VM-102,prod-3,Electrolyte Spark Hydration,Hydration,15
2026-01-11,10,6,1,VM-102,prod-4,Dark Chocolate Almond Bar,Snacks,17
2026-01-11,10,6,1,VM-102,prod-5,Dragonfruit Sparkling Water,Hydration,16
2026-01-11,10,6,1,VM-102,prod-6,Organic Protein Crunch Bar,Snacks,15
2026-01-11,10,6,1,VM-102,prod-7,Detox Green Juice,Fresh Juices,12
2026-01-11,10,6,1,VM-102,prod-8,Mango Passion Kombucha,Fresh Juices,23
2026-01-11,10,6,1,VM-103,prod-1,Nitro Cold Brew,Coffee & Tea,18
2026-01-11,10,6,1,VM-103,prod-2,Matcha Green Tea Latte,Coffee & Tea,27
2026-01-11,10,6,1,VM-103,prod-3,Electrolyte Spark Hydration,Hydration,11
2026-01-11,10,6,1,VM-103,prod-4,Dark Chocolate Almond Bar,Snacks,39
2026-01-11,10,6,1,VM-103,prod-5,Dragonfruit Sparkling Water,Hydration,10
2026-01-11,10,6,1,VM-103,prod-6,Organic Protein Crunch Bar,Snacks,13
2026-01-11,10,6,1,VM-103,prod-7,Detox Green Juice,Fresh Juices,13
2026-01-11,10,6,1,VM-103,prod-8,Mango Passion Kombucha,Fresh Juices,14
2026-01-11,10,6,1,VM-104,prod-1,Nitro Cold Brew,Coffee & Tea,16
2026-01-11,10,6,1,VM-104,prod-2,Matcha Green Tea Latte,Coffee & Tea,21
2026-01-11,10,6,1,VM-104,prod-3,Electrolyte Spark Hydration,Hydration,20
2026-01-11,10,6,1,VM-104,prod-4,Dark Chocolate Almond Bar,Snacks,26
2026-01-11,10,6,1,VM-104,prod-5,Dragonfruit Sparkling Water,Hydration,6
2026-01-11,10,6,1,VM-104,prod-6,Organic Protein Crunch Bar,Snacks,10
2026-01-11,10,6,1,VM-104,prod-7,Detox Green Juice,Fresh Juices,7
2026-01-11,10,6,1,VM-104,prod-8,Mango Passion Kombucha,Fresh Juices,24
2026-01-11,10,6,1,VM-105,prod-1,Nitro Cold Brew,Coffee & Tea,16
2026-01-11,10,6,1,VM-105,prod-2,Matcha Green Tea Latte,Coffee & Tea,13
2026-01-11,10,6,1,VM-105,prod-3,Electrolyte Spark Hydration,Hydration,9
2026-01-11,10,6,1,VM-105,prod-4,Dark Chocolate Almond Bar,Snacks,30
2026-01-11,10,6,1,VM-105,prod-5,Dragonfruit Sparkling Water,Hydration,7
2026-01-11,10,6,1,VM-105,prod-6,Organic Protein Crunch Bar,Snacks,22
2026-01-11,10,6,1,VM-105,prod-7,Detox Green Juice,Fresh Juices,14
2026-01-11,10,6,1,VM-105,prod-8,Mango Passion Kombucha,Fresh Juices,15
2026-01-11,10,6,1,VM-106,prod-1,Nitro Cold Brew,Coffee & Tea,27
2026-01-11,10,6,1,VM-106,prod-2,Matcha Green Tea Latte,Coffee & Tea,15
2026-01-11,10,6,1,VM-106,prod-3,Electrolyte Spark Hydration,Hydration,11
2026-01-11,10,6,1,VM-106,prod-4,Dark Chocolate Almond Bar,Snacks,33
2026-01-11,10,6,1,VM-106,prod-5,Dragonfruit Sparkling Water,Hydration,14
2026-01-11,10,6,1,VM-106,prod-6,Organic Protein Crunch Bar,Snacks,15
2026-01-11,10,6,1,VM-106,prod-7,Detox Green Juice,Fresh Juices,13
2026-01-11,10,6,1,VM-106,prod-8,Mango Passion Kombucha,Fresh Juices,15
2026-01-11,10,6,1,VM-107,prod-1,Nitro Cold Brew,Coffee & Tea,21
2026-01-11,10,6,1,VM-107,prod-2,Matcha Green Tea Latte,Coffee & Tea,8
2026-01-11,10,6,1,VM-107,prod-3,Electrolyte Spark Hydration,Hydration,9
2026-01-11,10,6,1,VM-107,prod-4,Dark Chocolate Almond Bar,Snacks,18
2026-01-11,10,6,1,VM-107,prod-5,Dragonfruit Sparkling Water,Hydration,15
2026-01-11,10,6,1,VM-107,prod-6,Organic Protein Crunch Bar,Snacks,12
2026-01-11,10,6,1,VM-107,prod-7,Detox Green Juice,Fresh Juices,6
2026-01-11,10,6,1,VM-107,prod-8,Mango Passion Kombucha,Fresh Juices,8
2026-01-11,10,6,1,VM-108,prod-1,Nitro Cold Brew,Coffee & Tea,21
2026-01-11,10,6,1,VM-108,prod-2,Matcha Green Tea Latte,Coffee & Tea,20
2026-01-11,10,6,1,VM-108,prod-3,Electrolyte Spark Hydration,Hydration,20
2026-01-11,10,6,1,VM-108,prod-4,Dark Chocolate Almond Bar,Snacks,32
2026-01-11,10,6,1,VM-108,prod-5,Dragonfruit Sparkling Water,Hydration,13
2026-01-11,10,6,1,VM-108,prod-6,Organic Protein Crunch Bar,Snacks,14
2026-01-11,10,6,1,VM-108,prod-7,Detox Green Juice,Fresh Juices,7
2026-01-11,10,6,1,VM-108,prod-8,Mango Passion Kombucha,Fresh Juices,16
2026-01-11,10,6,1,VM-109,prod-1,Nitro Cold Brew,Coffee & Tea,14
2026-01-11,10,6,1,VM-109,prod-2,Matcha Green Tea Latte,Coffee & Tea,17
2026-01-11,10,6,1,VM-109,prod-3,Electrolyte Spark Hydration,Hydration,8
2026-01-11,10,6,1,VM-109,prod-4,Dark Chocolate Almond Bar,Snacks,31
2026-01-11,10,6,1,VM-109,prod-5,Dragonfruit Sparkling Water,Hydration,12
2026-01-11,10,6,1,VM-109,prod-6,Organic Protein Crunch Bar,Snacks,11
2026-01-11,10,6,1,VM-109,prod-7,Detox Green Juice,Fresh Juices,15
2026-01-11,10,6,1,VM-109,prod-8,Mango Passion Kombucha,Fresh Juices,13
2026-01-11,10,6,1,VM-110,prod-1,Nitro Cold Brew,Coffee & Tea,14
2026-01-11,10,6,1,VM-110,prod-2,Matcha Green Tea Latte,Coffee & Tea,17
2026-01-11,10,6,1,VM-110,prod-3,Electrolyte Spark Hydration,Hydration,10
2026-01-11,10,6,1,VM-110,prod-4,Dark Chocolate Almond Bar,Snacks,33
2026-01-11,10,6,1,VM-110,prod-5,Dragonfruit Sparkling Water,Hydration,7
2026-01-11,10,6,1,VM-110,prod-6,Organic Protein Crunch Bar,Snacks,27
2026-01-11,10,6,1,VM-110,prod-7,Detox Green Juice,Fresh Juices,15
2026-01-11,10,6,1,VM-110,prod-8,Mango Passion Kombucha,Fresh Juices,13
2026-01-12,11,0,0,VM-101,prod-1,Nitro Cold Brew,Coffee & Tea,14
2026-01-12,11,0,0,VM-101,prod-2,Matcha Green Tea Latte,Coffee & Tea,13
2026-01-12,11,0,0,VM-101,prod-3,Electrolyte Spark Hydration,Hydration,7
2026-01-12,11,0,0,VM-101,prod-4,Dark Chocolate Almond Bar,Snacks,12
2026-01-12,11,0,0,VM-101,prod-5,Dragonfruit Sparkling Water,Hydration,11
2026-01-12,11,0,0,VM-101,prod-6,Organic Protein Crunch Bar,Snacks,8
2026-01-12,11,0,0,VM-101,prod-7,Detox Green Juice,Fresh Juices,12
2026-01-12,11,0,0,VM-101,prod-8,Mango Passion Kombucha,Fresh Juices,7
2026-01-12,11,0,0,VM-102,prod-1,Nitro Cold Brew,Coffee & Tea,19
2026-01-12,11,0,0,VM-102,prod-2,Matcha Green Tea Latte,Coffee & Tea,15
2026-01-12,11,0,0,VM-102,prod-3,Electrolyte Spark Hydration,Hydration,19
2026-01-12,11,0,0,VM-102,prod-4,Dark Chocolate Almond Bar,Snacks,17
2026-01-12,11,0,0,VM-102,prod-5,Dragonfruit Sparkling Water,Hydration,14
2026-01-12,11,0,0,VM-102,prod-6,Organic Protein Crunch Bar,Snacks,12
2026-01-12,11,0,0,VM-102,prod-7,Detox Green Juice,Fresh Juices,10
2026-01-12,11,0,0,VM-102,prod-8,Mango Passion Kombucha,Fresh Juices,14
2026-01-12,11,0,0,VM-103,prod-1,Nitro Cold Brew,Coffee & Tea,12
2026-01-12,11,0,0,VM-103,prod-2,Matcha Green Tea Latte,Coffee & Tea,23
2026-01-12,11,0,0,VM-103,prod-3,Electrolyte Spark Hydration,Hydration,11
2026-01-12,11,0,0,VM-103,prod-4,Dark Chocolate Almond Bar,Snacks,23
2026-01-12,11,0,0,VM-103,prod-5,Dragonfruit Sparkling Water,Hydration,7
2026-01-12,11,0,0,VM-103,prod-6,Organic Protein Crunch Bar,Snacks,13
2026-01-12,11,0,0,VM-103,prod-7,Detox Green Juice,Fresh Juices,10
2026-01-12,11,0,0,VM-103,prod-8,Mango Passion Kombucha,Fresh Juices,13
2026-01-12,11,0,0,VM-104,prod-1,Nitro Cold Brew,Coffee & Tea,15
2026-01-12,11,0,0,VM-104,prod-2,Matcha Green Tea Latte,Coffee & Tea,17
2026-01-12,11,0,0,VM-104,prod-3,Electrolyte Spark Hydration,Hydration,16
2026-01-12,11,0,0,VM-104,prod-4,Dark Chocolate Almond Bar,Snacks,16
2026-01-12,11,0,0,VM-104,prod-5,Dragonfruit Sparkling Water,Hydration,5
2026-01-12,11,0,0,VM-104,prod-6,Organic Protein Crunch Bar,Snacks,5
2026-01-12,11,0,0,VM-104,prod-7,Detox Green Juice,Fresh Juices,7
2026-01-12,11,0,0,VM-104,prod-8,Mango Passion Kombucha,Fresh Juices,16
2026-01-12,11,0,0,VM-105,prod-1,Nitro Cold Brew,Coffee & Tea,11
2026-01-12,11,0,0,VM-105,prod-2,Matcha Green Tea Latte,Coffee & Tea,11
2026-01-12,11,0,0,VM-105,prod-3,Electrolyte Spark Hydration,Hydration,5
2026-01-12,11,0,0,VM-105,prod-4,Dark Chocolate Almond Bar,Snacks,16
2026-01-12,11,0,0,VM-105,prod-5,Dragonfruit Sparkling Water,Hydration,5
2026-01-12,11,0,0,VM-105,prod-6,Organic Protein Crunch Bar,Snacks,18
2026-01-12,11,0,0,VM-105,prod-7,Detox Green Juice,Fresh Juices,12
2026-01-12,11,0,0,VM-105,prod-8,Mango Passion Kombucha,Fresh Juices,9
2026-01-12,11,0,0,VM-106,prod-1,Nitro Cold Brew,Coffee & Tea,23
2026-01-12,11,0,0,VM-106,prod-2,Matcha Green Tea Latte,Coffee & Tea,10
2026-01-12,11,0,0,VM-106,prod-3,Electrolyte Spark Hydration,Hydration,8
2026-01-12,11,0,0,VM-106,prod-4,Dark Chocolate Almond Bar,Snacks,23
2026-01-12,11,0,0,VM-106,prod-5,Dragonfruit Sparkling Water,Hydration,13
2026-01-12,11,0,0,VM-106,prod-6,Organic Protein Crunch Bar,Snacks,6
2026-01-12,11,0,0,VM-106,prod-7,Detox Green Juice,Fresh Juices,12
2026-01-12,11,0,0,VM-106,prod-8,Mango Passion Kombucha,Fresh Juices,17
2026-01-12,11,0,0,VM-107,prod-1,Nitro Cold Brew,Coffee & Tea,14
2026-01-12,11,0,0,VM-107,prod-2,Matcha Green Tea Latte,Coffee & Tea,7
2026-01-12,11,0,0,VM-107,prod-3,Electrolyte Spark Hydration,Hydration,6
2026-01-12,11,0,0,VM-107,prod-4,Dark Chocolate Almond Bar,Snacks,15
2026-01-12,11,0,0,VM-107,prod-5,Dragonfruit Sparkling Water,Hydration,11
2026-01-12,11,0,0,VM-107,prod-6,Organic Protein Crunch Bar,Snacks,11
2026-01-12,11,0,0,VM-107,prod-7,Detox Green Juice,Fresh Juices,5
2026-01-12,11,0,0,VM-107,prod-8,Mango Passion Kombucha,Fresh Juices,10
2026-01-12,11,0,0,VM-108,prod-1,Nitro Cold Brew,Coffee & Tea,22
2026-01-12,11,0,0,VM-108,prod-2,Matcha Green Tea Latte,Coffee & Tea,13
2026-01-12,11,0,0,VM-108,prod-3,Electrolyte Spark Hydration,Hydration,15
2026-01-12,11,0,0,VM-108,prod-4,Dark Chocolate Almond Bar,Snacks,13
2026-01-12,11,0,0,VM-108,prod-5,Dragonfruit Sparkling Water,Hydration,13
2026-01-12,11,0,0,VM-108,prod-6,Organic Protein Crunch Bar,Snacks,8
2026-01-12,11,0,0,VM-108,prod-7,Detox Green Juice,Fresh Juices,5
2026-01-12,11,0,0,VM-108,prod-8,Mango Passion Kombucha,Fresh Juices,12
2026-01-12,11,0,0,VM-109,prod-1,Nitro Cold Brew,Coffee & Tea,7
2026-01-12,11,0,0,VM-109,prod-2,Matcha Green Tea Latte,Coffee & Tea,13
2026-01-12,11,0,0,VM-109,prod-3,Electrolyte Spark Hydration,Hydration,6
2026-01-12,11,0,0,VM-109,prod-4,Dark Chocolate Almond Bar,Snacks,24
2026-01-12,11,0,0,VM-109,prod-5,Dragonfruit Sparkling Water,Hydration,9
2026-01-12,11,0,0,VM-109,prod-6,Organic Protein Crunch Bar,Snacks,12
2026-01-12,11,0,0,VM-109,prod-7,Detox Green Juice,Fresh Juices,12
2026-01-12,11,0,0,VM-109,prod-8,Mango Passion Kombucha,Fresh Juices,9
2026-01-12,11,0,0,VM-110,prod-1,Nitro Cold Brew,Coffee & Tea,14
2026-01-12,11,0,0,VM-110,prod-2,Matcha Green Tea Latte,Coffee & Tea,12
2026-01-12,11,0,0,VM-110,prod-3,Electrolyte Spark Hydration,Hydration,4
2026-01-12,11,0,0,VM-110,prod-4,Dark Chocolate Almond Bar,Snacks,21
2026-01-12,11,0,0,VM-110,prod-5,Dragonfruit Sparkling Water,Hydration,7
2026-01-12,11,0,0,VM-110,prod-6,Organic Protein Crunch Bar,Snacks,21
2026-01-12,11,0,0,VM-110,prod-7,Detox Green Juice,Fresh Juices,9
2026-01-12,11,0,0,VM-110,prod-8,Mango Passion Kombucha,Fresh Juices,8
2026-01-13,12,1,0,VM-101,prod-1,Nitro Cold Brew,Coffee & Tea,15
2026-01-13,12,1,0,VM-101,prod-2,Matcha Green Tea Latte,Coffee & Tea,21
2026-01-13,12,1,0,VM-101,prod-3,Electrolyte Spark Hydration,Hydration,8
2026-01-13,12,1,0,VM-101,prod-4,Dark Chocolate Almond Bar,Snacks,14
2026-01-13,12,1,0,VM-101,prod-5,Dragonfruit Sparkling Water,Hydration,12
2026-01-13,12,1,0,VM-101,prod-6,Organic Protein Crunch Bar,Snacks,9
2026-01-13,12,1,0,VM-101,prod-7,Detox Green Juice,Fresh Juices,11
2026-01-13,12,1,0,VM-101,prod-8,Mango Passion Kombucha,Fresh Juices,8
2026-01-13,12,1,0,VM-102,prod-1,Nitro Cold Brew,Coffee & Tea,18
2026-01-13,12,1,0,VM-102,prod-2,Matcha Green Tea Latte,Coffee & Tea,16
2026-01-13,12,1,0,VM-102,prod-3,Electrolyte Spark Hydration,Hydration,18
2026-01-13,12,1,0,VM-102,prod-4,Dark Chocolate Almond Bar,Snacks,21
2026-01-13,12,1,0,VM-102,prod-5,Dragonfruit Sparkling Water,Hydration,14
2026-01-13,12,1,0,VM-102,prod-6,Organic Protein Crunch Bar,Snacks,13
2026-01-13,12,1,0,VM-102,prod-7,Detox Green Juice,Fresh Juices,12
2026-01-13,12,1,0,VM-102,prod-8,Mango Passion Kombucha,Fresh Juices,12
2026-01-13,12,1,0,VM-103,prod-1,Nitro Cold Brew,Coffee & Tea,16
2026-01-13,12,1,0,VM-103,prod-2,Matcha Green Tea Latte,Coffee & Tea,26
2026-01-13,12,1,0,VM-103,prod-3,Electrolyte Spark Hydration,Hydration,13
2026-01-13,12,1,0,VM-103,prod-4,Dark Chocolate Almond Bar,Snacks,16
2026-01-13,12,1,0,VM-103,prod-5,Dragonfruit Sparkling Water,Hydration,10
2026-01-13,12,1,0,VM-103,prod-6,Organic Protein Crunch Bar,Snacks,11
2026-01-13,12,1,0,VM-103,prod-7,Detox Green Juice,Fresh Juices,10
2026-01-13,12,1,0,VM-103,prod-8,Mango Passion Kombucha,Fresh Juices,11
2026-01-13,12,1,0,VM-104,prod-1,Nitro Cold Brew,Coffee & Tea,19
2026-01-13,12,1,0,VM-104,prod-2,Matcha Green Tea Latte,Coffee & Tea,16
2026-01-13,12,1,0,VM-104,prod-3,Electrolyte Spark Hydration,Hydration,15
2026-01-13,12,1,0,VM-104,prod-4,Dark Chocolate Almond Bar,Snacks,27
2026-01-13,12,1,0,VM-104,prod-5,Dragonfruit Sparkling Water,Hydration,5
2026-01-13,12,1,0,VM-104,prod-6,Organic Protein Crunch Bar,Snacks,8
2026-01-13,12,1,0,VM-104,prod-7,Detox Green Juice,Fresh Juices,8
2026-01-13,12,1,0,VM-104,prod-8,Mango Passion Kombucha,Fresh Juices,17
2026-01-13,12,1,0,VM-105,prod-1,Nitro Cold Brew,Coffee & Tea,14
2026-01-13,12,1,0,VM-105,prod-2,Matcha Green Tea Latte,Coffee & Tea,10
2026-01-13,12,1,0,VM-105,prod-3,Electrolyte Spark Hydration,Hydration,10
2026-01-13,12,1,0,VM-105,prod-4,Dark Chocolate Almond Bar,Snacks,23
2026-01-13,12,1,0,VM-105,prod-5,Dragonfruit Sparkling Water,Hydration,5
2026-01-13,12,1,0,VM-105,prod-6,Organic Protein Crunch Bar,Snacks,20
2026-01-13,12,1,0,VM-105,prod-7,Detox Green Juice,Fresh Juices,13
2026-01-13,12,1,0,VM-105,prod-8,Mango Passion Kombucha,Fresh Juices,12
2026-01-13,12,1,0,VM-106,prod-1,Nitro Cold Brew,Coffee & Tea,24
2026-01-13,12,1,0,VM-106,prod-2,Matcha Green Tea Latte,Coffee & Tea,9
2026-01-13,12,1,0,VM-106,prod-3,Electrolyte Spark Hydration,Hydration,11
2026-01-13,12,1,0,VM-106,prod-4,Dark Chocolate Almond Bar,Snacks,19
2026-01-13,12,1,0,VM-106,prod-5,Dragonfruit Sparkling Water,Hydration,14
2026-01-13,12,1,0,VM-106,prod-6,Organic Protein Crunch Bar,Snacks,8
2026-01-13,12,1,0,VM-106,prod-7,Detox Green Juice,Fresh Juices,11
2026-01-13,12,1,0,VM-106,prod-8,Mango Passion Kombucha,Fresh Juices,16
2026-01-13,12,1,0,VM-107,prod-1,Nitro Cold Brew,Coffee & Tea,18
2026-01-13,12,1,0,VM-107,prod-2,Matcha Green Tea Latte,Coffee & Tea,8
2026-01-13,12,1,0,VM-107,prod-3,Electrolyte Spark Hydration,Hydration,8
2026-01-13,12,1,0,VM-107,prod-4,Dark Chocolate Almond Bar,Snacks,17
2026-01-13,12,1,0,VM-107,prod-5,Dragonfruit Sparkling Water,Hydration,13
2026-01-13,12,1,0,VM-107,prod-6,Organic Protein Crunch Bar,Snacks,15
2026-01-13,12,1,0,VM-107,prod-7,Detox Green Juice,Fresh Juices,7
2026-01-13,12,1,0,VM-107,prod-8,Mango Passion Kombucha,Fresh Juices,8
2026-01-13,12,1,0,VM-108,prod-1,Nitro Cold Brew,Coffee & Tea,25
2026-01-13,12,1,0,VM-108,prod-2,Matcha Green Tea Latte,Coffee & Tea,17
2026-01-13,12,1,0,VM-108,prod-3,Electrolyte Spark Hydration,Hydration,14
2026-01-13,12,1,0,VM-108,prod-4,Dark Chocolate Almond Bar,Snacks,30
2026-01-13,12,1,0,VM-108,prod-5,Dragonfruit Sparkling Water,Hydration,13
2026-01-13,12,1,0,VM-108,prod-6,Organic Protein Crunch Bar,Snacks,12
2026-01-13,12,1,0,VM-108,prod-7,Detox Green Juice,Fresh Juices,6
2026-01-13,12,1,0,VM-108,prod-8,Mango Passion Kombucha,Fresh Juices,16
2026-01-13,12,1,0,VM-109,prod-1,Nitro Cold Brew,Coffee & Tea,8
2026-01-13,12,1,0,VM-109,prod-2,Matcha Green Tea Latte,Coffee & Tea,10
2026-01-13,12,1,0,VM-109,prod-3,Electrolyte Spark Hydration,Hydration,9
2026-01-13,12,1,0,VM-109,prod-4,Dark Chocolate Almond Bar,Snacks,22
2026-01-13,12,1,0,VM-109,prod-5,Dragonfruit Sparkling Water,Hydration,8
2026-01-13,12,1,0,VM-109,prod-6,Organic Protein Crunch Bar,Snacks,9
2026-01-13,12,1,0,VM-109,prod-7,Detox Green Juice,Fresh Juices,12
2026-01-13,12,1,0,VM-109,prod-8,Mango Passion Kombucha,Fresh Juices,10
2026-01-13,12,1,0,VM-110,prod-1,Nitro Cold Brew,Coffee & Tea,17
2026-01-13,12,1,0,VM-110,prod-2,Matcha Green Tea Latte,Coffee & Tea,17
2026-01-13,12,1,0,VM-110,prod-3,Electrolyte Spark Hydration,Hydration,6
2026-01-13,12,1,0,VM-110,prod-4,Dark Chocolate Almond Bar,Snacks,34
2026-01-13,12,1,0,VM-110,prod-5,Dragonfruit Sparkling Water,Hydration,7
2026-01-13,12,1,0,VM-110,prod-6,Organic Protein Crunch Bar,Snacks,20
2026-01-13,12,1,0,VM-110,prod-7,Detox Green Juice,Fresh Juices,7
2026-01-13,12,1,0,VM-110,prod-8,Mango Passion Kombucha,Fresh Juices,13
2026-01-14,13,2,0,VM-101,prod-1,Nitro Cold Brew,Coffee & Tea,13
2026-01-14,13,2,0,VM-101,prod-2,Matcha Green Tea Latte,Coffee & Tea,13
2026-01-14,13,2,0,VM-101,prod-3,Electrolyte Spark Hydration,Hydration,9
2026-01-14,13,2,0,VM-101,prod-4,Dark Chocolate Almond Bar,Snacks,18
2026-01-14,13,2,0,VM-101,prod-5,Dragonfruit Sparkling Water,Hydration,14
2026-01-14,13,2,0,VM-101,prod-6,Organic Protein Crunch Bar,Snacks,10
2026-01-14,13,2,0,VM-101,prod-7,Detox Green Juice,Fresh Juices,13
2026-01-14,13,2,0,VM-101,prod-8,Mango Passion Kombucha,Fresh Juices,10
2026-01-14,13,2,0,VM-102,prod-1,Nitro Cold Brew,Coffee & Tea,21
2026-01-14,13,2,0,VM-102,prod-2,Matcha Green Tea Latte,Coffee & Tea,18
2026-01-14,13,2,0,VM-102,prod-3,Electrolyte Spark Hydration,Hydration,17
2026-01-14,13,2,0,VM-102,prod-4,Dark Chocolate Almond Bar,Snacks,21
2026-01-14,13,2,0,VM-102,prod-5,Dragonfruit Sparkling Water,Hydration,12
2026-01-14,13,2,0,VM-102,prod-6,Organic Protein Crunch Bar,Snacks,14
2026-01-14,13,2,0,VM-102,prod-7,Detox Green Juice,Fresh Juices,9
2026-01-14,13,2,0,VM-102,prod-8,Mango Passion Kombucha,Fresh Juices,18
2026-01-14,13,2,0,VM-103,prod-1,Nitro Cold Brew,Coffee & Tea,13
2026-01-14,13,2,0,VM-103,prod-2,Matcha Green Tea Latte,Coffee & Tea,22
2026-01-14,13,2,0,VM-103,prod-3,Electrolyte Spark Hydration,Hydration,13
2026-01-14,13,2,0,VM-103,prod-4,Dark Chocolate Almond Bar,Snacks,36
2026-01-14,13,2,0,VM-103,prod-5,Dragonfruit Sparkling Water,Hydration,9
2026-01-14,13,2,0,VM-103,prod-6,Organic Protein Crunch Bar,Snacks,9
2026-01-14,13,2,0,VM-103,prod-7,Detox Green Juice,Fresh Juices,8
2026-01-14,13,2,0,VM-103,prod-8,Mango Passion Kombucha,Fresh Juices,16
2026-01-14,13,2,0,VM-104,prod-1,Nitro Cold Brew,Coffee & Tea,15
2026-01-14,13,2,0,VM-104,prod-2,Matcha Green Tea Latte,Coffee & Tea,19
2026-01-14,13,2,0,VM-104,prod-3,Electrolyte Spark Hydration,Hydration,19
2026-01-14,13,2,0,VM-104,prod-4,Dark Chocolate Almond Bar,Snacks,19
2026-01-14,13,2,0,VM-104,prod-5,Dragonfruit Sparkling Water,Hydration,6
2026-01-14,13,2,0,VM-104,prod-6,Organic Protein Crunch Bar,Snacks,7
2026-01-14,13,2,0,VM-104,prod-7,Detox Green Juice,Fresh Juices,7
2026-01-14,13,2,0,VM-104,prod-8,Mango Passion Kombucha,Fresh Juices,18
2026-01-14,13,2,0,VM-105,prod-1,Nitro Cold Brew,Coffee & Tea,11
2026-01-14,13,2,0,VM-105,prod-2,Matcha Green Tea Latte,Coffee & Tea,11
2026-01-14,13,2,0,VM-105,prod-3,Electrolyte Spark Hydration,Hydration,8
2026-01-14,13,2,0,VM-105,prod-4,Dark Chocolate Almond Bar,Snacks,26
2026-01-14,13,2,0,VM-105,prod-5,Dragonfruit Sparkling Water,Hydration,6
2026-01-14,13,2,0,VM-105,prod-6,Organic Protein Crunch Bar,Snacks,22
2026-01-14,13,2,0,VM-105,prod-7,Detox Green Juice,Fresh Juices,12
2026-01-14,13,2,0,VM-105,prod-8,Mango Passion Kombucha,Fresh Juices,10
2026-01-14,13,2,0,VM-106,prod-1,Nitro Cold Brew,Coffee & Tea,24
2026-01-14,13,2,0,VM-106,prod-2,Matcha Green Tea Latte,Coffee & Tea,13
2026-01-14,13,2,0,VM-106,prod-3,Electrolyte Spark Hydration,Hydration,10
2026-01-14,13,2,0,VM-106,prod-4,Dark Chocolate Almond Bar,Snacks,24
2026-01-14,13,2,0,VM-106,prod-5,Dragonfruit Sparkling Water,Hydration,13
2026-01-14,13,2,0,VM-106,prod-6,Organic Protein Crunch Bar,Snacks,9
2026-01-14,13,2,0,VM-106,prod-7,Detox Green Juice,Fresh Juices,9
2026-01-14,13,2,0,VM-106,prod-8,Mango Passion Kombucha,Fresh Juices,21
2026-01-14,13,2,0,VM-107,prod-1,Nitro Cold Brew,Coffee & Tea,15
2026-01-14,13,2,0,VM-107,prod-2,Matcha Green Tea Latte,Coffee & Tea,7
2026-01-14,13,2,0,VM-107,prod-3,Electrolyte Spark Hydration,Hydration,6
2026-01-14,13,2,0,VM-107,prod-4,Dark Chocolate Almond Bar,Snacks,19
2026-01-14,13,2,0,VM-107,prod-5,Dragonfruit Sparkling Water,Hydration,13
2026-01-14,13,2,0,VM-107,prod-6,Organic Protein Crunch Bar,Snacks,17
2026-01-14,13,2,0,VM-107,prod-7,Detox Green Juice,Fresh Juices,5
2026-01-14,13,2,0,VM-107,prod-8,Mango Passion Kombucha,Fresh Juices,11
2026-01-14,13,2,0,VM-108,prod-1,Nitro Cold Brew,Coffee & Tea,21
2026-01-14,13,2,0,VM-108,prod-2,Matcha Green Tea Latte,Coffee & Tea,21
2026-01-14,13,2,0,VM-108,prod-3,Electrolyte Spark Hydration,Hydration,13
2026-01-14,13,2,0,VM-108,prod-4,Dark Chocolate Almond Bar,Snacks,28
2026-01-14,13,2,0,VM-108,prod-5,Dragonfruit Sparkling Water,Hydration,15
2026-01-14,13,2,0,VM-108,prod-6,Organic Protein Crunch Bar,Snacks,13
2026-01-14,13,2,0,VM-108,prod-7,Detox Green Juice,Fresh Juices,6
2026-01-14,13,2,0,VM-108,prod-8,Mango Passion Kombucha,Fresh Juices,17
2026-01-14,13,2,0,VM-109,prod-1,Nitro Cold Brew,Coffee & Tea,10
2026-01-14,13,2,0,VM-109,prod-2,Matcha Green Tea Latte,Coffee & Tea,13
2026-01-14,13,2,0,VM-109,prod-3,Electrolyte Spark Hydration,Hydration,8
2026-01-14,13,2,0,VM-109,prod-4,Dark Chocolate Almond Bar,Snacks,36
2026-01-14,13,2,0,VM-109,prod-5,Dragonfruit Sparkling Water,Hydration,10
2026-01-14,13,2,0,VM-109,prod-6,Organic Protein Crunch Bar,Snacks,11
2026-01-14,13,2,0,VM-109,prod-7,Detox Green Juice,Fresh Juices,13
2026-01-14,13,2,0,VM-109,prod-8,Mango Passion Kombucha,Fresh Juices,18
2026-01-14,13,2,0,VM-110,prod-1,Nitro Cold Brew,Coffee & Tea,12
2026-01-14,13,2,0,VM-110,prod-2,Matcha Green Tea Latte,Coffee & Tea,19
2026-01-14,13,2,0,VM-110,prod-3,Electrolyte Spark Hydration,Hydration,8
2026-01-14,13,2,0,VM-110,prod-4,Dark Chocolate Almond Bar,Snacks,24
2026-01-14,13,2,0,VM-110,prod-5,Dragonfruit Sparkling Water,Hydration,7
2026-01-14,13,2,0,VM-110,prod-6,Organic Protein Crunch Bar,Snacks,27
2026-01-14,13,2,0,VM-110,prod-7,Detox Green Juice,Fresh Juices,10
2026-01-14,13,2,0,VM-110,prod-8,Mango Passion Kombucha,Fresh Juices,10
2026-01-15,14,3,0,VM-101,prod-1,Nitro Cold Brew,Coffee & Tea,16
2026-01-15,14,3,0,VM-101,prod-2,Matcha Green Tea Latte,Coffee & Tea,15
2026-01-15,14,3,0,VM-101,prod-3,Electrolyte Spark Hydration,Hydration,7
2026-01-15,14,3,0,VM-101,prod-4,Dark Chocolate Almond Bar,Snacks,12
2026-01-15,14,3,0,VM-101,prod-5,Dragonfruit Sparkling Water,Hydration,12
2026-01-15,14,3,0,VM-101,prod-6,Organic Protein Crunch Bar,Snacks,8
2026-01-15,14,3,0,VM-101,prod-7,Detox Green Juice,Fresh Juices,13
2026-01-15,14,3,0,VM-101,prod-8,Mango Passion Kombucha,Fresh Juices,7
2026-01-15,14,3,0,VM-102,prod-1,Nitro Cold Brew,Coffee & Tea,21
2026-01-15,14,3,0,VM-102,prod-2,Matcha Green Tea Latte,Coffee & Tea,20
2026-01-15,14,3,0,VM-102,prod-3,Electrolyte Spark Hydration,Hydration,13
2026-01-15,14,3,0,VM-102,prod-4,Dark Chocolate Almond Bar,Snacks,24
2026-01-15,14,3,0,VM-102,prod-5,Dragonfruit Sparkling Water,Hydration,16
2026-01-15,14,3,0,VM-102,prod-6,Organic Protein Crunch Bar,Snacks,12
2026-01-15,14,3,0,VM-102,prod-7,Detox Green Juice,Fresh Juices,16
2026-01-15,14,3,0,VM-102,prod-8,Mango Passion Kombucha,Fresh Juices,20
2026-01-15,14,3,0,VM-103,prod-1,Nitro Cold Brew,Coffee & Tea,14
2026-01-15,14,3,0,VM-103,prod-2,Matcha Green Tea Latte,Coffee & Tea,27
2026-01-15,14,3,0,VM-103,prod-3,Electrolyte Spark Hydration,Hydration,14
2026-01-15,14,3,0,VM-103,prod-4,Dark Chocolate Almond Bar,Snacks,32
2026-01-15,14,3,0,VM-103,prod-5,Dragonfruit Sparkling Water,Hydration,9
2026-01-15,14,3,0,VM-103,prod-6,Organic Protein Crunch Bar,Snacks,11
2026-01-15,14,3,0,VM-103,prod-7,Detox Green Juice,Fresh Juices,10
2026-01-15,14,3,0,VM-103,prod-8,Mango Passion Kombucha,Fresh Juices,12
2026-01-15,14,3,0,VM-104,prod-1,Nitro Cold Brew,Coffee & Tea,19
2026-01-15,14,3,0,VM-104,prod-2,Matcha Green Tea Latte,Coffee & Tea,18
2026-01-15,14,3,0,VM-104,prod-3,Electrolyte Spark Hydration,Hydration,17
2026-01-15,14,3,0,VM-104,prod-4,Dark Chocolate Almond Bar,Snacks,28
2026-01-15,14,3,0,VM-104,prod-5,Dragonfruit Sparkling Water,Hydration,7
2026-01-15,14,3,0,VM-104,prod-6,Organic Protein Crunch Bar,Snacks,10
2026-01-15,14,3,0,VM-104,prod-7,Detox Green Juice,Fresh Juices,7
2026-01-15,14,3,0,VM-104,prod-8,Mango Passion Kombucha,Fresh Juices,17
2026-01-15,14,3,0,VM-105,prod-1,Nitro Cold Brew,Coffee & Tea,18
2026-01-15,14,3,0,VM-105,prod-2,Matcha Green Tea Latte,Coffee & Tea,11
2026-01-15,14,3,0,VM-105,prod-3,Electrolyte Spark Hydration,Hydration,11
2026-01-15,14,3,0,VM-105,prod-4,Dark Chocolate Almond Bar,Snacks,27
2026-01-15,14,3,0,VM-105,prod-5,Dragonfruit Sparkling Water,Hydration,6
2026-01-15,14,3,0,VM-105,prod-6,Organic Protein Crunch Bar,Snacks,18
2026-01-15,14,3,0,VM-105,prod-7,Detox Green Juice,Fresh Juices,12
2026-01-15,14,3,0,VM-105,prod-8,Mango Passion Kombucha,Fresh Juices,11
2026-01-15,14,3,0,VM-106,prod-1,Nitro Cold Brew,Coffee & Tea,27
2026-01-15,14,3,0,VM-106,prod-2,Matcha Green Tea Latte,Coffee & Tea,14
2026-01-15,14,3,0,VM-106,prod-3,Electrolyte Spark Hydration,Hydration,9
2026-01-15,14,3,0,VM-106,prod-4,Dark Chocolate Almond Bar,Snacks,20
2026-01-15,14,3,0,VM-106,prod-5,Dragonfruit Sparkling Water,Hydration,11
2026-01-15,14,3,0,VM-106,prod-6,Organic Protein Crunch Bar,Snacks,11
2026-01-15,14,3,0,VM-106,prod-7,Detox Green Juice,Fresh Juices,10
2026-01-15,14,3,0,VM-106,prod-8,Mango Passion Kombucha,Fresh Juices,12
2026-01-15,14,3,0,VM-107,prod-1,Nitro Cold Brew,Coffee & Tea,20
2026-01-15,14,3,0,VM-107,prod-2,Matcha Green Tea Latte,Coffee & Tea,12
2026-01-15,14,3,0,VM-107,prod-3,Electrolyte Spark Hydration,Hydration,7
2026-01-15,14,3,0,VM-107,prod-4,Dark Chocolate Almond Bar,Snacks,20
2026-01-15,14,3,0,VM-107,prod-5,Dragonfruit Sparkling Water,Hydration,15
2026-01-15,14,3,0,VM-107,prod-6,Organic Protein Crunch Bar,Snacks,15
2026-01-15,14,3,0,VM-107,prod-7,Detox Green Juice,Fresh Juices,7
2026-01-15,14,3,0,VM-107,prod-8,Mango Passion Kombucha,Fresh Juices,10
2026-01-15,14,3,0,VM-108,prod-1,Nitro Cold Brew,Coffee & Tea,27
2026-01-15,14,3,0,VM-108,prod-2,Matcha Green Tea Latte,Coffee & Tea,18
2026-01-15,14,3,0,VM-108,prod-3,Electrolyte Spark Hydration,Hydration,15
2026-01-15,14,3,0,VM-108,prod-4,Dark Chocolate Almond Bar,Snacks,32
2026-01-15,14,3,0,VM-108,prod-5,Dragonfruit Sparkling Water,Hydration,14
2026-01-15,14,3,0,VM-108,prod-6,Organic Protein Crunch Bar,Snacks,11
2026-01-15,14,3,0,VM-108,prod-7,Detox Green Juice,Fresh Juices,7
2026-01-15,14,3,0,VM-108,prod-8,Mango Passion Kombucha,Fresh Juices,16
2026-01-15,14,3,0,VM-109,prod-1,Nitro Cold Brew,Coffee & Tea,11
2026-01-15,14,3,0,VM-109,prod-2,Matcha Green Tea Latte,Coffee & Tea,13
2026-01-15,14,3,0,VM-109,prod-3,Electrolyte Spark Hydration,Hydration,9
2026-01-15,14,3,0,VM-109,prod-4,Dark Chocolate Almond Bar,Snacks,30
2026-01-15,14,3,0,VM-109,prod-5,Dragonfruit Sparkling Water,Hydration,11
2026-01-15,14,3,0,VM-109,prod-6,Organic Protein Crunch Bar,Snacks,16
2026-01-15,14,3,0,VM-109,prod-7,Detox Green Juice,Fresh Juices,17
2026-01-15,14,3,0,VM-109,prod-8,Mango Passion Kombucha,Fresh Juices,15
2026-01-15,14,3,0,VM-110,prod-1,Nitro Cold Brew,Coffee & Tea,15
2026-01-15,14,3,0,VM-110,prod-2,Matcha Green Tea Latte,Coffee & Tea,13
2026-01-15,14,3,0,VM-110,prod-3,Electrolyte Spark Hydration,Hydration,6
2026-01-15,14,3,0,VM-110,prod-4,Dark Chocolate Almond Bar,Snacks,26
2026-01-15,14,3,0,VM-110,prod-5,Dragonfruit Sparkling Water,Hydration,6
2026-01-15,14,3,0,VM-110,prod-6,Organic Protein Crunch Bar,Snacks,22
2026-01-15,14,3,0,VM-110,prod-7,Detox Green Juice,Fresh Juices,12
2026-01-15,14,3,0,VM-110,prod-8,Mango Passion Kombucha,Fresh Juices,12
2026-01-16,15,4,0,VM-101,prod-1,Nitro Cold Brew,Coffee & Tea,21
2026-01-16,15,4,0,VM-101,prod-2,Matcha Green Tea Latte,Coffee & Tea,24
2026-01-16,15,4,0,VM-101,prod-3,Electrolyte Spark Hydration,Hydration,10
2026-01-16,15,4,0,VM-101,prod-4,Dark Chocolate Almond Bar,Snacks,12
2026-01-16,15,4,0,VM-101,prod-5,Dragonfruit Sparkling Water,Hydration,13
2026-01-16,15,4,0,VM-101,prod-6,Organic Protein Crunch Bar,Snacks,11
2026-01-16,15,4,0,VM-101,prod-7,Detox Green Juice,Fresh Juices,13
2026-01-16,15,4,0,VM-101,prod-8,Mango Passion Kombucha,Fresh Juices,13
2026-01-16,15,4,0,VM-102,prod-1,Nitro Cold Brew,Coffee & Tea,31
2026-01-16,15,4,0,VM-102,prod-2,Matcha Green Tea Latte,Coffee & Tea,26
2026-01-16,15,4,0,VM-102,prod-3,Electrolyte Spark Hydration,Hydration,21
2026-01-16,15,4,0,VM-102,prod-4,Dark Chocolate Almond Bar,Snacks,34
2026-01-16,15,4,0,VM-102,prod-5,Dragonfruit Sparkling Water,Hydration,17
2026-01-16,15,4,0,VM-102,prod-6,Organic Protein Crunch Bar,Snacks,18
2026-01-16,15,4,0,VM-102,prod-7,Detox Green Juice,Fresh Juices,15
2026-01-16,15,4,0,VM-102,prod-8,Mango Passion Kombucha,Fresh Juices,23
2026-01-16,15,4,0,VM-103,prod-1,Nitro Cold Brew,Coffee & Tea,19
2026-01-16,15,4,0,VM-103,prod-2,Matcha Green Tea Latte,Coffee & Tea,35
2026-01-16,15,4,0,VM-103,prod-3,Electrolyte Spark Hydration,Hydration,16
2026-01-16,15,4,0,VM-103,prod-4,Dark Chocolate Almond Bar,Snacks,39
2026-01-16,15,4,0,VM-103,prod-5,Dragonfruit Sparkling Water,Hydration,11
2026-01-16,15,4,0,VM-103,prod-6,Organic Protein Crunch Bar,Snacks,18
2026-01-16,15,4,0,VM-103,prod-7,Detox Green Juice,Fresh Juices,13
2026-01-16,15,4,0,VM-103,prod-8,Mango Passion Kombucha,Fresh Juices,14
2026-01-16,15,4,0,VM-104,prod-1,Nitro Cold Brew,Coffee & Tea,14
2026-01-16,15,4,0,VM-104,prod-2,Matcha Green Tea Latte,Coffee & Tea,30
2026-01-16,15,4,0,VM-104,prod-3,Electrolyte Spark Hydration,Hydration,18
2026-01-16,15,4,0,VM-104,prod-4,Dark Chocolate Almond Bar,Snacks,28
2026-01-16,15,4,0,VM-104,prod-5,Dragonfruit Sparkling Water,Hydration,6
2026-01-16,15,4,0,VM-104,prod-6,Organic Protein Crunch Bar,Snacks,8
2026-01-16,15,4,0,VM-104,prod-7,Detox Green Juice,Fresh Juices,11
2026-01-16,15,4,0,VM-104,prod-8,Mango Passion Kombucha,Fresh Juices,25
2026-01-16,15,4,0,VM-105,prod-1,Nitro Cold Brew,Coffee & Tea,17
2026-01-16,15,4,0,VM-105,prod-2,Matcha Green Tea Latte,Coffee & Tea,8
2026-01-16,15,4,0,VM-105,prod-3,Electrolyte Spark Hydration,Hydration,9
2026-01-16,15,4,0,VM-105,prod-4,Dark Chocolate Almond Bar,Snacks,33
2026-01-16,15,4,0,VM-105,prod-5,Dragonfruit Sparkling Water,Hydration,6
2026-01-16,15,4,0,VM-105,prod-6,Organic Protein Crunch Bar,Snacks,24
2026-01-16,15,4,0,VM-105,prod-7,Detox Green Juice,Fresh Juices,15
2026-01-16,15,4,0,VM-105,prod-8,Mango Passion Kombucha,Fresh Juices,16
2026-01-16,15,4,0,VM-106,prod-1,Nitro Cold Brew,Coffee & Tea,31
2026-01-16,15,4,0,VM-106,prod-2,Matcha Green Tea Latte,Coffee & Tea,13
2026-01-16,15,4,0,VM-106,prod-3,Electrolyte Spark Hydration,Hydration,15
2026-01-16,15,4,0,VM-106,prod-4,Dark Chocolate Almond Bar,Snacks,30
2026-01-16,15,4,0,VM-106,prod-5,Dragonfruit Sparkling Water,Hydration,18
2026-01-16,15,4,0,VM-106,prod-6,Organic Protein Crunch Bar,Snacks,11
2026-01-16,15,4,0,VM-106,prod-7,Detox Green Juice,Fresh Juices,14
2026-01-16,15,4,0,VM-106,prod-8,Mango Passion Kombucha,Fresh Juices,18
2026-01-16,15,4,0,VM-107,prod-1,Nitro Cold Brew,Coffee & Tea,23
2026-01-16,15,4,0,VM-107,prod-2,Matcha Green Tea Latte,Coffee & Tea,13
2026-01-16,15,4,0,VM-107,prod-3,Electrolyte Spark Hydration,Hydration,7
2026-01-16,15,4,0,VM-107,prod-4,Dark Chocolate Almond Bar,Snacks,17
2026-01-16,15,4,0,VM-107,prod-5,Dragonfruit Sparkling Water,Hydration,22
2026-01-16,15,4,0,VM-107,prod-6,Organic Protein Crunch Bar,Snacks,18
2026-01-16,15,4,0,VM-107,prod-7,Detox Green Juice,Fresh Juices,7
2026-01-16,15,4,0,VM-107,prod-8,Mango Passion Kombucha,Fresh Juices,15
2026-01-16,15,4,0,VM-108,prod-1,Nitro Cold Brew,Coffee & Tea,29
2026-01-16,15,4,0,VM-108,prod-2,Matcha Green Tea Latte,Coffee & Tea,27
2026-01-16,15,4,0,VM-108,prod-3,Electrolyte Spark Hydration,Hydration,22
2026-01-16,15,4,0,VM-108,prod-4,Dark Chocolate Almond Bar,Snacks,32
2026-01-16,15,4,0,VM-108,prod-5,Dragonfruit Sparkling Water,Hydration,24
2026-01-16,15,4,0,VM-108,prod-6,Organic Protein Crunch Bar,Snacks,14
2026-01-16,15,4,0,VM-108,prod-7,Detox Green Juice,Fresh Juices,9
2026-01-16,15,4,0,VM-108,prod-8,Mango Passion Kombucha,Fresh Juices,24
2026-01-16,15,4,0,VM-109,prod-1,Nitro Cold Brew,Coffee & Tea,16
2026-01-16,15,4,0,VM-109,prod-2,Matcha Green Tea Latte,Coffee & Tea,21
2026-01-16,15,4,0,VM-109,prod-3,Electrolyte Spark Hydration,Hydration,10
2026-01-16,15,4,0,VM-109,prod-4,Dark Chocolate Almond Bar,Snacks,31
2026-01-16,15,4,0,VM-109,prod-5,Dragonfruit Sparkling Water,Hydration,15
2026-01-16,15,4,0,VM-109,prod-6,Organic Protein Crunch Bar,Snacks,16
2026-01-16,15,4,0,VM-109,prod-7,Detox Green Juice,Fresh Juices,23
2026-01-16,15,4,0,VM-109,prod-8,Mango Passion Kombucha,Fresh Juices,17
2026-01-16,15,4,0,VM-110,prod-1,Nitro Cold Brew,Coffee & Tea,17
2026-01-16,15,4,0,VM-110,prod-2,Matcha Green Tea Latte,Coffee & Tea,21
2026-01-16,15,4,0,VM-110,prod-3,Electrolyte Spark Hydration,Hydration,7
2026-01-16,15,4,0,VM-110,prod-4,Dark Chocolate Almond Bar,Snacks,29
2026-01-16,15,4,0,VM-110,prod-5,Dragonfruit Sparkling Water,Hydration,10
2026-01-16,15,4,0,VM-110,prod-6,Organic Protein Crunch Bar,Snacks,25
2026-01-16,15,4,0,VM-110,prod-7,Detox Green Juice,Fresh Juices,12
2026-01-16,15,4,0,VM-110,prod-8,Mango Passion Kombucha,Fresh Juices,14
2026-01-17,16,5,1,VM-101,prod-1,Nitro Cold Brew,Coffee & Tea,26
2026-01-17,16,5,1,VM-101,prod-2,Matcha Green Tea Latte,Coffee & Tea,26
2026-01-17,16,5,1,VM-101,prod-3,Electrolyte Spark Hydration,Hydration,12
2026-01-17,16,5,1,VM-101,prod-4,Dark Chocolate Almond Bar,Snacks,16
2026-01-17,16,5,1,VM-101,prod-5,Dragonfruit Sparkling Water,Hydration,12
2026-01-17,16,5,1,VM-101,prod-6,Organic Protein Crunch Bar,Snacks,15
2026-01-17,16,5,1,VM-101,prod-7,Detox Green Juice,Fresh Juices,16
2026-01-17,16,5,1,VM-101,prod-8,Mango Passion Kombucha,Fresh Juices,12
2026-01-17,16,5,1,VM-102,prod-1,Nitro Cold Brew,Coffee & Tea,31
2026-01-17,16,5,1,VM-102,prod-2,Matcha Green Tea Latte,Coffee & Tea,25
2026-01-17,16,5,1,VM-102,prod-3,Electrolyte Spark Hydration,Hydration,24
2026-01-17,16,5,1,VM-102,prod-4,Dark Chocolate Almond Bar,Snacks,39
2026-01-17,16,5,1,VM-102,prod-5,Dragonfruit Sparkling Water,Hydration,16
2026-01-17,16,5,1,VM-102,prod-6,Organic Protein Crunch Bar,Snacks,22
2026-01-17,16,5,1,VM-102,prod-7,Detox Green Juice,Fresh Juices,17
2026-01-17,16,5,1,VM-102,prod-8,Mango Passion Kombucha,Fresh Juices,26
2026-01-17,16,5,1,VM-103,prod-1,Nitro Cold Brew,Coffee & Tea,25
2026-01-17,16,5,1,VM-103,prod-2,Matcha Green Tea Latte,Coffee & Tea,38
2026-01-17,16,5,1,VM-103,prod-3,Electrolyte Spark Hydration,Hydration,18
2026-01-17,16,5,1,VM-103,prod-4,Dark Chocolate Almond Bar,Snacks,47
2026-01-17,16,5,1,VM-103,prod-5,Dragonfruit Sparkling Water,Hydration,11
2026-01-17,16,5,1,VM-103,prod-6,Organic Protein Crunch Bar,Snacks,14
2026-01-17,16,5,1,VM-103,prod-7,Detox Green Juice,Fresh Juices,10
2026-01-17,16,5,1,VM-103,prod-8,Mango Passion Kombucha,Fresh Juices,14
2026-01-17,16,5,1,VM-104,prod-1,Nitro Cold Brew,Coffee & Tea,32
2026-01-17,16,5,1,VM-104,prod-2,Matcha Green Tea Latte,Coffee & Tea,23
2026-01-17,16,5,1,VM-104,prod-3,Electrolyte Spark Hydration,Hydration,23
2026-01-17,16,5,1,VM-104,prod-4,Dark Chocolate Almond Bar,Snacks,29
2026-01-17,16,5,1,VM-104,prod-5,Dragonfruit Sparkling Water,Hydration,8
2026-01-17,16,5,1,VM-104,prod-6,Organic Protein Crunch Bar,Snacks,13
2026-01-17,16,5,1,VM-104,prod-7,Detox Green Juice,Fresh Juices,12
2026-01-17,16,5,1,VM-104,prod-8,Mango Passion Kombucha,Fresh Juices,21
2026-01-17,16,5,1,VM-105,prod-1,Nitro Cold Brew,Coffee & Tea,19
2026-01-17,16,5,1,VM-105,prod-2,Matcha Green Tea Latte,Coffee & Tea,14
2026-01-17,16,5,1,VM-105,prod-3,Electrolyte Spark Hydration,Hydration,10
2026-01-17,16,5,1,VM-105,prod-4,Dark Chocolate Almond Bar,Snacks,40
2026-01-17,16,5,1,VM-105,prod-5,Dragonfruit Sparkling Water,Hydration,8
2026-01-17,16,5,1,VM-105,prod-6,Organic Protein Crunch Bar,Snacks,28
2026-01-17,16,5,1,VM-105,prod-7,Detox Green Juice,Fresh Juices,17
2026-01-17,16,5,1,VM-105,prod-8,Mango Passion Kombucha,Fresh Juices,17
2026-01-17,16,5,1,VM-106,prod-1,Nitro Cold Brew,Coffee & Tea,32
2026-01-17,16,5,1,VM-106,prod-2,Matcha Green Tea Latte,Coffee & Tea,13
2026-01-17,16,5,1,VM-106,prod-3,Electrolyte Spark Hydration,Hydration,14
2026-01-17,16,5,1,VM-106,prod-4,Dark Chocolate Almond Bar,Snacks,29
2026-01-17,16,5,1,VM-106,prod-5,Dragonfruit Sparkling Water,Hydration,17
2026-01-17,16,5,1,VM-106,prod-6,Organic Protein Crunch Bar,Snacks,15
2026-01-17,16,5,1,VM-106,prod-7,Detox Green Juice,Fresh Juices,19
2026-01-17,16,5,1,VM-106,prod-8,Mango Passion Kombucha,Fresh Juices,22
2026-01-17,16,5,1,VM-107,prod-1,Nitro Cold Brew,Coffee & Tea,25
2026-01-17,16,5,1,VM-107,prod-2,Matcha Green Tea Latte,Coffee & Tea,13
2026-01-17,16,5,1,VM-107,prod-3,Electrolyte Spark Hydration,Hydration,9
2026-01-17,16,5,1,VM-107,prod-4,Dark Chocolate Almond Bar,Snacks,32
2026-01-17,16,5,1,VM-107,prod-5,Dragonfruit Sparkling Water,Hydration,20
2026-01-17,16,5,1,VM-107,prod-6,Organic Protein Crunch Bar,Snacks,14
2026-01-17,16,5,1,VM-107,prod-7,Detox Green Juice,Fresh Juices,9
2026-01-17,16,5,1,VM-107,prod-8,Mango Passion Kombucha,Fresh Juices,15
2026-01-17,16,5,1,VM-108,prod-1,Nitro Cold Brew,Coffee & Tea,39
2026-01-17,16,5,1,VM-108,prod-2,Matcha Green Tea Latte,Coffee & Tea,24
2026-01-17,16,5,1,VM-108,prod-3,Electrolyte Spark Hydration,Hydration,20
2026-01-17,16,5,1,VM-108,prod-4,Dark Chocolate Almond Bar,Snacks,29
2026-01-17,16,5,1,VM-108,prod-5,Dragonfruit Sparkling Water,Hydration,18
2026-01-17,16,5,1,VM-108,prod-6,Organic Protein Crunch Bar,Snacks,14
2026-01-17,16,5,1,VM-108,prod-7,Detox Green Juice,Fresh Juices,8
2026-01-17,16,5,1,VM-108,prod-8,Mango Passion Kombucha,Fresh Juices,26
2026-01-17,16,5,1,VM-109,prod-1,Nitro Cold Brew,Coffee & Tea,17
2026-01-17,16,5,1,VM-109,prod-2,Matcha Green Tea Latte,Coffee & Tea,18
2026-01-17,16,5,1,VM-109,prod-3,Electrolyte Spark Hydration,Hydration,8
2026-01-17,16,5,1,VM-109,prod-4,Dark Chocolate Almond Bar,Snacks,39
2026-01-17,16,5,1,VM-109,prod-5,Dragonfruit Sparkling Water,Hydration,17
2026-01-17,16,5,1,VM-109,prod-6,Organic Protein Crunch Bar,Snacks,17
2026-01-17,16,5,1,VM-109,prod-7,Detox Green Juice,Fresh Juices,18
2026-01-17,16,5,1,VM-109,prod-8,Mango Passion Kombucha,Fresh Juices,17
2026-01-17,16,5,1,VM-110,prod-1,Nitro Cold Brew,Coffee & Tea,16
2026-01-17,16,5,1,VM-110,prod-2,Matcha Green Tea Latte,Coffee & Tea,23
2026-01-17,16,5,1,VM-110,prod-3,Electrolyte Spark Hydration,Hydration,9
2026-01-17,16,5,1,VM-110,prod-4,Dark Chocolate Almond Bar,Snacks,38
2026-01-17,16,5,1,VM-110,prod-5,Dragonfruit Sparkling Water,Hydration,8
2026-01-17,16,5,1,VM-110,prod-6,Organic Protein Crunch Bar,Snacks,27
2026-01-17,16,5,1,VM-110,prod-7,Detox Green Juice,Fresh Juices,17
2026-01-17,16,5,1,VM-110,prod-8,Mango Passion Kombucha,Fresh Juices,13
2026-01-18,17,6,1,VM-101,prod-1,Nitro Cold Brew,Coffee & Tea,24
2026-01-18,17,6,1,VM-101,prod-2,Matcha Green Tea Latte,Coffee & Tea,18
2026-01-18,17,6,1,VM-101,prod-3,Electrolyte Spark Hydration,Hydration,9
2026-01-18,17,6,1,VM-101,prod-4,Dark Chocolate Almond Bar,Snacks,18
2026-01-18,17,6,1,VM-101,prod-5,Dragonfruit Sparkling Water,Hydration,10
2026-01-18,17,6,1,VM-101,prod-6,Organic Protein Crunch Bar,Snacks,8
2026-01-18,17,6,1,VM-101,prod-7,Detox Green Juice,Fresh Juices,11
2026-01-18,17,6,1,VM-101,prod-8,Mango Passion Kombucha,Fresh Juices,12
2026-01-18,17,6,1,VM-102,prod-1,Nitro Cold Brew,Coffee & Tea,20
2026-01-18,17,6,1,VM-102,prod-2,Matcha Green Tea Latte,Coffee & Tea,27
2026-01-18,17,6,1,VM-102,prod-3,Electrolyte Spark Hydration,Hydration,18
2026-01-18,17,6,1,VM-102,prod-4,Dark Chocolate Almond Bar,Snacks,26
2026-01-18,17,6,1,VM-102,prod-5,Dragonfruit Sparkling Water,Hydration,19
2026-01-18,17,6,1,VM-102,prod-6,Organic Protein Crunch Bar,Snacks,21
2026-01-18,17,6,1,VM-102,prod-7,Detox Green Juice,Fresh Juices,19
2026-01-18,17,6,1,VM-102,prod-8,Mango Passion Kombucha,Fresh Juices,25
2026-01-18,17,6,1,VM-103,prod-1,Nitro Cold Brew,Coffee & Tea,20
2026-01-18,17,6,1,VM-103,prod-2,Matcha Green Tea Latte,Coffee & Tea,33
2026-01-18,17,6,1,VM-103,prod-3,Electrolyte Spark Hydration,Hydration,15
2026-01-18,17,6,1,VM-103,prod-4,Dark Chocolate Almond Bar,Snacks,32
2026-01-18,17,6,1,VM-103,prod-5,Dragonfruit Sparkling Water,Hydration,8
2026-01-18,17,6,1,VM-103,prod-6,Organic Protein Crunch Bar,Snacks,14
2026-01-18,17,6,1,VM-103,prod-7,Detox Green Juice,Fresh Juices,10
2026-01-18,17,6,1,VM-103,prod-8,Mango Passion Kombucha,Fresh Juices,15
2026-01-18,17,6,1,VM-104,prod-1,Nitro Cold Brew,Coffee & Tea,23
2026-01-18,17,6,1,VM-104,prod-2,Matcha Green Tea Latte,Coffee & Tea,27
2026-01-18,17,6,1,VM-104,prod-3,Electrolyte Spark Hydration,Hydration,21
2026-01-18,17,6,1,VM-104,prod-4,Dark Chocolate Almond Bar,Snacks,31
2026-01-18,17,6,1,VM-104,prod-5,Dragonfruit Sparkling Water,Hydration,5
2026-01-18,17,6,1,VM-104,prod-6,Organic Protein Crunch Bar,Snacks,10
2026-01-18,17,6,1,VM-104,prod-7,Detox Green Juice,Fresh Juices,8
2026-01-18,17,6,1,VM-104,prod-8,Mango Passion Kombucha,Fresh Juices,14
2026-01-18,17,6,1,VM-105,prod-1,Nitro Cold Brew,Coffee & Tea,16
2026-01-18,17,6,1,VM-105,prod-2,Matcha Green Tea Latte,Coffee & Tea,12
2026-01-18,17,6,1,VM-105,prod-3,Electrolyte Spark Hydration,Hydration,11
2026-01-18,17,6,1,VM-105,prod-4,Dark Chocolate Almond Bar,Snacks,30
2026-01-18,17,6,1,VM-105,prod-5,Dragonfruit Sparkling Water,Hydration,5
2026-01-18,17,6,1,VM-105,prod-6,Organic Protein Crunch Bar,Snacks,27
2026-01-18,17,6,1,VM-105,prod-7,Detox Green Juice,Fresh Juices,15
2026-01-18,17,6,1,VM-105,prod-8,Mango Passion Kombucha,Fresh Juices,14
2026-01-18,17,6,1,VM-106,prod-1,Nitro Cold Brew,Coffee & Tea,26
2026-01-18,17,6,1,VM-106,prod-2,Matcha Green Tea Latte,Coffee & Tea,11
2026-01-18,17,6,1,VM-106,prod-3,Electrolyte Spark Hydration,Hydration,10
2026-01-18,17,6,1,VM-106,prod-4,Dark Chocolate Almond Bar,Snacks,32
2026-01-18,17,6,1,VM-106,prod-5,Dragonfruit Sparkling Water,Hydration,21
2026-01-18,17,6,1,VM-106,prod-6,Organic Protein Crunch Bar,Snacks,14
2026-01-18,17,6,1,VM-106,prod-7,Detox Green Juice,Fresh Juices,13
2026-01-18,17,6,1,VM-106,prod-8,Mango Passion Kombucha,Fresh Juices,16
2026-01-18,17,6,1,VM-107,prod-1,Nitro Cold Brew,Coffee & Tea,21
2026-01-18,17,6,1,VM-107,prod-2,Matcha Green Tea Latte,Coffee & Tea,7
2026-01-18,17,6,1,VM-107,prod-3,Electrolyte Spark Hydration,Hydration,8
2026-01-18,17,6,1,VM-107,prod-4,Dark Chocolate Almond Bar,Snacks,19
2026-01-18,17,6,1,VM-107,prod-5,Dragonfruit Sparkling Water,Hydration,15
2026-01-18,17,6,1,VM-107,prod-6,Organic Protein Crunch Bar,Snacks,12
2026-01-18,17,6,1,VM-107,prod-7,Detox Green Juice,Fresh Juices,7
2026-01-18,17,6,1,VM-107,prod-8,Mango Passion Kombucha,Fresh Juices,11
2026-01-18,17,6,1,VM-108,prod-1,Nitro Cold Brew,Coffee & Tea,23
2026-01-18,17,6,1,VM-108,prod-2,Matcha Green Tea Latte,Coffee & Tea,11
2026-01-18,17,6,1,VM-108,prod-3,Electrolyte Spark Hydration,Hydration,18
2026-01-18,17,6,1,VM-108,prod-4,Dark Chocolate Almond Bar,Snacks,39
2026-01-18,17,6,1,VM-108,prod-5,Dragonfruit Sparkling Water,Hydration,20
2026-01-18,17,6,1,VM-108,prod-6,Organic Protein Crunch Bar,Snacks,13
2026-01-18,17,6,1,VM-108,prod-7,Detox Green Juice,Fresh Juices,7
2026-01-18,17,6,1,VM-108,prod-8,Mango Passion Kombucha,Fresh Juices,22
2026-01-18,17,6,1,VM-109,prod-1,Nitro Cold Brew,Coffee & Tea,10
2026-01-18,17,6,1,VM-109,prod-2,Matcha Green Tea Latte,Coffee & Tea,15
2026-01-18,17,6,1,VM-109,prod-3,Electrolyte Spark Hydration,Hydration,9
2026-01-18,17,6,1,VM-109,prod-4,Dark Chocolate Almond Bar,Snacks,37
2026-01-18,17,6,1,VM-109,prod-5,Dragonfruit Sparkling Water,Hydration,12
2026-01-18,17,6,1,VM-109,prod-6,Organic Protein Crunch Bar,Snacks,15
2026-01-18,17,6,1,VM-109,prod-7,Detox Green Juice,Fresh Juices,13
2026-01-18,17,6,1,VM-109,prod-8,Mango Passion Kombucha,Fresh Juices,13
2026-01-18,17,6,1,VM-110,prod-1,Nitro Cold Brew,Coffee & Tea,15
2026-01-18,17,6,1,VM-110,prod-2,Matcha Green Tea Latte,Coffee & Tea,19
2026-01-18,17,6,1,VM-110,prod-3,Electrolyte Spark Hydration,Hydration,8
2026-01-18,17,6,1,VM-110,prod-4,Dark Chocolate Almond Bar,Snacks,27
2026-01-18,17,6,1,VM-110,prod-5,Dragonfruit Sparkling Water,Hydration,9
2026-01-18,17,6,1,VM-110,prod-6,Organic Protein Crunch Bar,Snacks,24
2026-01-18,17,6,1,VM-110,prod-7,Detox Green Juice,Fresh Juices,13
2026-01-18,17,6,1,VM-110,prod-8,Mango Passion Kombucha,Fresh Juices,11
2026-01-19,18,0,0,VM-101,prod-1,Nitro Cold Brew,Coffee & Tea,9
2026-01-19,18,0,0,VM-101,prod-2,Matcha Green Tea Latte,Coffee & Tea,16
2026-01-19,18,0,0,VM-101,prod-3,Electrolyte Spark Hydration,Hydration,7
2026-01-19,18,0,0,VM-101,prod-4,Dark Chocolate Almond Bar,Snacks,11
2026-01-19,18,0,0,VM-101,prod-5,Dragonfruit Sparkling Water,Hydration,10
2026-01-19,18,0,0,VM-101,prod-6,Organic Protein Crunch Bar,Snacks,8
2026-01-19,18,0,0,VM-101,prod-7,Detox Green Juice,Fresh Juices,8
2026-01-19,18,0,0,VM-101,prod-8,Mango Passion Kombucha,Fresh Juices,7
2026-01-19,18,0,0,VM-102,prod-1,Nitro Cold Brew,Coffee & Tea,18
2026-01-19,18,0,0,VM-102,prod-2,Matcha Green Tea Latte,Coffee & Tea,12
2026-01-19,18,0,0,VM-102,prod-3,Electrolyte Spark Hydration,Hydration,15
2026-01-19,18,0,0,VM-102,prod-4,Dark Chocolate Almond Bar,Snacks,15
2026-01-19,18,0,0,VM-102,prod-5,Dragonfruit Sparkling Water,Hydration,12
2026-01-19,18,0,0,VM-102,prod-6,Organic Protein Crunch Bar,Snacks,12
2026-01-19,18,0,0,VM-102,prod-7,Detox Green Juice,Fresh Juices,8
2026-01-19,18,0,0,VM-102,prod-8,Mango Passion Kombucha,Fresh Juices,18
2026-01-19,18,0,0,VM-103,prod-1,Nitro Cold Brew,Coffee & Tea,12
2026-01-19,18,0,0,VM-103,prod-2,Matcha Green Tea Latte,Coffee & Tea,20
2026-01-19,18,0,0,VM-103,prod-3,Electrolyte Spark Hydration,Hydration,11
2026-01-19,18,0,0,VM-103,prod-4,Dark Chocolate Almond Bar,Snacks,30
2026-01-19,18,0,0,VM-103,prod-5,Dragonfruit Sparkling Water,Hydration,6
2026-01-19,18,0,0,VM-103,prod-6,Organic Protein Crunch Bar,Snacks,10
2026-01-19,18,0,0,VM-103,prod-7,Detox Green Juice,Fresh Juices,8
2026-01-19,18,0,0,VM-103,prod-8,Mango Passion Kombucha,Fresh Juices,13
2026-01-19,18,0,0,VM-104,prod-1,Nitro Cold Brew,Coffee & Tea,16
2026-01-19,18,0,0,VM-104,prod-2,Matcha Green Tea Latte,Coffee & Tea,16
2026-01-19,18,0,0,VM-104,prod-3,Electrolyte Spark Hydration,Hydration,13
2026-01-19,18,0,0,VM-104,prod-4,Dark Chocolate Almond Bar,Snacks,19
2026-01-19,18,0,0,VM-104,prod-5,Dragonfruit Sparkling Water,Hydration,4
2026-01-19,18,0,0,VM-104,prod-6,Organic Protein Crunch Bar,Snacks,4
2026-01-19,18,0,0,VM-104,prod-7,Detox Green Juice,Fresh Juices,7
2026-01-19,18,0,0,VM-104,prod-8,Mango Passion Kombucha,Fresh Juices,16
2026-01-19,18,0,0,VM-105,prod-1,Nitro Cold Brew,Coffee & Tea,8
2026-01-19,18,0,0,VM-105,prod-2,Matcha Green Tea Latte,Coffee & Tea,7
2026-01-19,18,0,0,VM-105,prod-3,Electrolyte Spark Hydration,Hydration,7
2026-01-19,18,0,0,VM-105,prod-4,Dark Chocolate Almond Bar,Snacks,27
2026-01-19,18,0,0,VM-105,prod-5,Dragonfruit Sparkling Water,Hydration,5
2026-01-19,18,0,0,VM-105,prod-6,Organic Protein Crunch Bar,Snacks,14
2026-01-19,18,0,0,VM-105,prod-7,Detox Green Juice,Fresh Juices,9
2026-01-19,18,0,0,VM-105,prod-8,Mango Passion Kombucha,Fresh Juices,11
2026-01-19,18,0,0,VM-106,prod-1,Nitro Cold Brew,Coffee & Tea,18
2026-01-19,18,0,0,VM-106,prod-2,Matcha Green Tea Latte,Coffee & Tea,9
2026-01-19,18,0,0,VM-106,prod-3,Electrolyte Spark Hydration,Hydration,8
2026-01-19,18,0,0,VM-106,prod-4,Dark Chocolate Almond Bar,Snacks,18
2026-01-19,18,0,0,VM-106,prod-5,Dragonfruit Sparkling Water,Hydration,12
2026-01-19,18,0,0,VM-106,prod-6,Organic Protein Crunch Bar,Snacks,11
2026-01-19,18,0,0,VM-106,prod-7,Detox Green Juice,Fresh Juices,11
2026-01-19,18,0,0,VM-106,prod-8,Mango Passion Kombucha,Fresh Juices,13
2026-01-19,18,0,0,VM-107,prod-1,Nitro Cold Brew,Coffee & Tea,15
2026-01-19,18,0,0,VM-107,prod-2,Matcha Green Tea Latte,Coffee & Tea,5
2026-01-19,18,0,0,VM-107,prod-3,Electrolyte Spark Hydration,Hydration,7
2026-01-19,18,0,0,VM-107,prod-4,Dark Chocolate Almond Bar,Snacks,14
2026-01-19,18,0,0,VM-107,prod-5,Dragonfruit Sparkling Water,Hydration,11
2026-01-19,18,0,0,VM-107,prod-6,Organic Protein Crunch Bar,Snacks,18
2026-01-19,18,0,0,VM-107,prod-7,Detox Green Juice,Fresh Juices,5
2026-01-19,18,0,0,VM-107,prod-8,Mango Passion Kombucha,Fresh Juices,8
2026-01-19,18,0,0,VM-108,prod-1,Nitro Cold Brew,Coffee & Tea,20
2026-01-19,18,0,0,VM-108,prod-2,Matcha Green Tea Latte,Coffee & Tea,16
2026-01-19,18,0,0,VM-108,prod-3,Electrolyte Spark Hydration,Hydration,13
2026-01-19,18,0,0,VM-108,prod-4,Dark Chocolate Almond Bar,Snacks,18
2026-01-19,18,0,0,VM-108,prod-5,Dragonfruit Sparkling Water,Hydration,13
2026-01-19,18,0,0,VM-108,prod-6,Organic Protein Crunch Bar,Snacks,9
2026-01-19,18,0,0,VM-108,prod-7,Detox Green Juice,Fresh Juices,7
2026-01-19,18,0,0,VM-108,prod-8,Mango Passion Kombucha,Fresh Juices,17
2026-01-19,18,0,0,VM-109,prod-1,Nitro Cold Brew,Coffee & Tea,8
2026-01-19,18,0,0,VM-109,prod-2,Matcha Green Tea Latte,Coffee & Tea,13
2026-01-19,18,0,0,VM-109,prod-3,Electrolyte Spark Hydration,Hydration,6
2026-01-19,18,0,0,VM-109,prod-4,Dark Chocolate Almond Bar,Snacks,26
2026-01-19,18,0,0,VM-109,prod-5,Dragonfruit Sparkling Water,Hydration,10
2026-01-19,18,0,0,VM-109,prod-6,Organic Protein Crunch Bar,Snacks,10
2026-01-19,18,0,0,VM-109,prod-7,Detox Green Juice,Fresh Juices,10
2026-01-19,18,0,0,VM-109,prod-8,Mango Passion Kombucha,Fresh Juices,13
2026-01-19,18,0,0,VM-110,prod-1,Nitro Cold Brew,Coffee & Tea,11
2026-01-19,18,0,0,VM-110,prod-2,Matcha Green Tea Latte,Coffee & Tea,12
2026-01-19,18,0,0,VM-110,prod-3,Electrolyte Spark Hydration,Hydration,5
2026-01-19,18,0,0,VM-110,prod-4,Dark Chocolate Almond Bar,Snacks,24
2026-01-19,18,0,0,VM-110,prod-5,Dragonfruit Sparkling Water,Hydration,8
2026-01-19,18,0,0,VM-110,prod-6,Organic Protein Crunch Bar,Snacks,15
2026-01-19,18,0,0,VM-110,prod-7,Detox Green Juice,Fresh Juices,10
2026-01-19,18,0,0,VM-110,prod-8,Mango Passion Kombucha,Fresh Juices,11
2026-01-20,19,1,0,VM-101,prod-1,Nitro Cold Brew,Coffee & Tea,15
2026-01-20,19,1,0,VM-101,prod-2,Matcha Green Tea Latte,Coffee & Tea,17
2026-01-20,19,1,0,VM-101,prod-3,Electrolyte Spark Hydration,Hydration,6
2026-01-20,19,1,0,VM-101,prod-4,Dark Chocolate Almond Bar,Snacks,14
2026-01-20,19,1,0,VM-101,prod-5,Dragonfruit Sparkling Water,Hydration,11
2026-01-20,19,1,0,VM-101,prod-6,Organic Protein Crunch Bar,Snacks,10
2026-01-20,19,1,0,VM-101,prod-7,Detox Green Juice,Fresh Juices,14
2026-01-20,19,1,0,VM-101,prod-8,Mango Passion Kombucha,Fresh Juices,12
2026-01-20,19,1,0,VM-102,prod-1,Nitro Cold Brew,Coffee & Tea,20
2026-01-20,19,1,0,VM-102,prod-2,Matcha Green Tea Latte,Coffee & Tea,17
2026-01-20,19,1,0,VM-102,prod-3,Electrolyte Spark Hydration,Hydration,17
2026-01-20,19,1,0,VM-102,prod-4,Dark Chocolate Almond Bar,Snacks,19
2026-01-20,19,1,0,VM-102,prod-5,Dragonfruit Sparkling Water,Hydration,13
2026-01-20,19,1,0,VM-102,prod-6,Organic Protein Crunch Bar,Snacks,13
2026-01-20,19,1,0,VM-102,prod-7,Detox Green Juice,Fresh Juices,12
2026-01-20,19,1,0,VM-102,prod-8,Mango Passion Kombucha,Fresh Juices,21
2026-01-20,19,1,0,VM-103,prod-1,Nitro Cold Brew,Coffee & Tea,12
2026-01-20,19,1,0,VM-103,prod-2,Matcha Green Tea Latte,Coffee & Tea,29
2026-01-20,19,1,0,VM-103,prod-3,Electrolyte Spark Hydration,Hydration,14
2026-01-20,19,1,0,VM-103,prod-4,Dark Chocolate Almond Bar,Snacks,28
2026-01-20,19,1,0,VM-103,prod-5,Dragonfruit Sparkling Water,Hydration,5
2026-01-20,19,1,0,VM-103,prod-6,Organic Protein Crunch Bar,Snacks,10
2026-01-20,19,1,0,VM-103,prod-7,Detox Green Juice,Fresh Juices,10
2026-01-20,19,1,0,VM-103,prod-8,Mango Passion Kombucha,Fresh Juices,13
2026-01-20,19,1,0,VM-104,prod-1,Nitro Cold Brew,Coffee & Tea,14
2026-01-20,19,1,0,VM-104,prod-2,Matcha Green Tea Latte,Coffee & Tea,18
2026-01-20,19,1,0,VM-104,prod-3,Electrolyte Spark Hydration,Hydration,19
2026-01-20,19,1,0,VM-104,prod-4,Dark Chocolate Almond Bar,Snacks,23
2026-01-20,19,1,0,VM-104,prod-5,Dragonfruit Sparkling Water,Hydration,5
2026-01-20,19,1,0,VM-104,prod-6,Organic Protein Crunch Bar,Snacks,8
2026-01-20,19,1,0,VM-104,prod-7,Detox Green Juice,Fresh Juices,7
2026-01-20,19,1,0,VM-104,prod-8,Mango Passion Kombucha,Fresh Juices,14
2026-01-20,19,1,0,VM-105,prod-1,Nitro Cold Brew,Coffee & Tea,17
2026-01-20,19,1,0,VM-105,prod-2,Matcha Green Tea Latte,Coffee & Tea,9
2026-01-20,19,1,0,VM-105,prod-3,Electrolyte Spark Hydration,Hydration,9
2026-01-20,19,1,0,VM-105,prod-4,Dark Chocolate Almond Bar,Snacks,28
2026-01-20,19,1,0,VM-105,prod-5,Dragonfruit Sparkling Water,Hydration,6
2026-01-20,19,1,0,VM-105,prod-6,Organic Protein Crunch Bar,Snacks,16
2026-01-20,19,1,0,VM-105,prod-7,Detox Green Juice,Fresh Juices,11
2026-01-20,19,1,0,VM-105,prod-8,Mango Passion Kombucha,Fresh Juices,10
2026-01-20,19,1,0,VM-106,prod-1,Nitro Cold Brew,Coffee & Tea,19
2026-01-20,19,1,0,VM-106,prod-2,Matcha Green Tea Latte,Coffee & Tea,11
2026-01-20,19,1,0,VM-106,prod-3,Electrolyte Spark Hydration,Hydration,8
2026-01-20,19,1,0,VM-106,prod-4,Dark Chocolate Almond Bar,Snacks,27
2026-01-20,19,1,0,VM-106,prod-5,Dragonfruit Sparkling Water,Hydration,12
2026-01-20,19,1,0,VM-106,prod-6,Organic Protein Crunch Bar,Snacks,10
2026-01-20,19,1,0,VM-106,prod-7,Detox Green Juice,Fresh Juices,12
2026-01-20,19,1,0,VM-106,prod-8,Mango Passion Kombucha,Fresh Juices,15
2026-01-20,19,1,0,VM-107,prod-1,Nitro Cold Brew,Coffee & Tea,19
2026-01-20,19,1,0,VM-107,prod-2,Matcha Green Tea Latte,Coffee & Tea,7
2026-01-20,19,1,0,VM-107,prod-3,Electrolyte Spark Hydration,Hydration,7
2026-01-20,19,1,0,VM-107,prod-4,Dark Chocolate Almond Bar,Snacks,13
2026-01-20,19,1,0,VM-107,prod-5,Dragonfruit Sparkling Water,Hydration,13
2026-01-20,19,1,0,VM-107,prod-6,Organic Protein Crunch Bar,Snacks,18
2026-01-20,19,1,0,VM-107,prod-7,Detox Green Juice,Fresh Juices,5
2026-01-20,19,1,0,VM-107,prod-8,Mango Passion Kombucha,Fresh Juices,9
2026-01-20,19,1,0,VM-108,prod-1,Nitro Cold Brew,Coffee & Tea,25
2026-01-20,19,1,0,VM-108,prod-2,Matcha Green Tea Latte,Coffee & Tea,16
2026-01-20,19,1,0,VM-108,prod-3,Electrolyte Spark Hydration,Hydration,15
2026-01-20,19,1,0,VM-108,prod-4,Dark Chocolate Almond Bar,Snacks,27
2026-01-20,19,1,0,VM-108,prod-5,Dragonfruit Sparkling Water,Hydration,14
2026-01-20,19,1,0,VM-108,prod-6,Organic Protein Crunch Bar,Snacks,13
2026-01-20,19,1,0,VM-108,prod-7,Detox Green Juice,Fresh Juices,6
2026-01-20,19,1,0,VM-108,prod-8,Mango Passion Kombucha,Fresh Juices,16
2026-01-20,19,1,0,VM-109,prod-1,Nitro Cold Brew,Coffee & Tea,11
2026-01-20,19,1,0,VM-109,prod-2,Matcha Green Tea Latte,Coffee & Tea,16
2026-01-20,19,1,0,VM-109,prod-3,Electrolyte Spark Hydration,Hydration,7
2026-01-20,19,1,0,VM-109,prod-4,Dark Chocolate Almond Bar,Snacks,22
2026-01-20,19,1,0,VM-109,prod-5,Dragonfruit Sparkling Water,Hydration,12
2026-01-20,19,1,0,VM-109,prod-6,Organic Protein Crunch Bar,Snacks,13
2026-01-20,19,1,0,VM-109,prod-7,Detox Green Juice,Fresh Juices,9
2026-01-20,19,1,0,VM-109,prod-8,Mango Passion Kombucha,Fresh Juices,14
2026-01-20,19,1,0,VM-110,prod-1,Nitro Cold Brew,Coffee & Tea,12
2026-01-20,19,1,0,VM-110,prod-2,Matcha Green Tea Latte,Coffee & Tea,15
2026-01-20,19,1,0,VM-110,prod-3,Electrolyte Spark Hydration,Hydration,6
2026-01-20,19,1,0,VM-110,prod-4,Dark Chocolate Almond Bar,Snacks,26
2026-01-20,19,1,0,VM-110,prod-5,Dragonfruit Sparkling Water,Hydration,7
2026-01-20,19,1,0,VM-110,prod-6,Organic Protein Crunch Bar,Snacks,19
2026-01-20,19,1,0,VM-110,prod-7,Detox Green Juice,Fresh Juices,12
2026-01-20,19,1,0,VM-110,prod-8,Mango Passion Kombucha,Fresh Juices,9
2026-01-21,20,2,0,VM-101,prod-1,Nitro Cold Brew,Coffee & Tea,18
2026-01-21,20,2,0,VM-101,prod-2,Matcha Green Tea Latte,Coffee & Tea,19
2026-01-21,20,2,0,VM-101,prod-3,Electrolyte Spark Hydration,Hydration,6
2026-01-21,20,2,0,VM-101,prod-4,Dark Chocolate Almond Bar,Snacks,16
2026-01-21,20,2,0,VM-101,prod-5,Dragonfruit Sparkling Water,Hydration,11
2026-01-21,20,2,0,VM-101,prod-6,Organic Protein Crunch Bar,Snacks,10
2026-01-21,20,2,0,VM-101,prod-7,Detox Green Juice,Fresh Juices,13
2026-01-21,20,2,0,VM-101,prod-8,Mango Passion Kombucha,Fresh Juices,11
2026-01-21,20,2,0,VM-102,prod-1,Nitro Cold Brew,Coffee & Tea,19
2026-01-21,20,2,0,VM-102,prod-2,Matcha Green Tea Latte,Coffee & Tea,16
2026-01-21,20,2,0,VM-102,prod-3,Electrolyte Spark Hydration,Hydration,17
2026-01-21,20,2,0,VM-102,prod-4,Dark Chocolate Almond Bar,Snacks,21
2026-01-21,20,2,0,VM-102,prod-5,Dragonfruit Sparkling Water,Hydration,15
2026-01-21,20,2,0,VM-102,prod-6,Organic Protein Crunch Bar,Snacks,11
2026-01-21,20,2,0,VM-102,prod-7,Detox Green Juice,Fresh Juices,10
2026-01-21,20,2,0,VM-102,prod-8,Mango Passion Kombucha,Fresh Juices,15
2026-01-21,20,2,0,VM-103,prod-1,Nitro Cold Brew,Coffee & Tea,18
2026-01-21,20,2,0,VM-103,prod-2,Matcha Green Tea Latte,Coffee & Tea,33
2026-01-21,20,2,0,VM-103,prod-3,Electrolyte Spark Hydration,Hydration,12
2026-01-21,20,2,0,VM-103,prod-4,Dark Chocolate Almond Bar,Snacks,29
2026-01-21,20,2,0,VM-103,prod-5,Dragonfruit Sparkling Water,Hydration,8
2026-01-21,20,2,0,VM-103,prod-6,Organic Protein Crunch Bar,Snacks,14
2026-01-21,20,2,0,VM-103,prod-7,Detox Green Juice,Fresh Juices,8
2026-01-21,20,2,0,VM-103,prod-8,Mango Passion Kombucha,Fresh Juices,15
2026-01-21,20,2,0,VM-104,prod-1,Nitro Cold Brew,Coffee & Tea,21
2026-01-21,20,2,0,VM-104,prod-2,Matcha Green Tea Latte,Coffee & Tea,22
2026-01-21,20,2,0,VM-104,prod-3,Electrolyte Spark Hydration,Hydration,19
2026-01-21,20,2,0,VM-104,prod-4,Dark Chocolate Almond Bar,Snacks,26
2026-01-21,20,2,0,VM-104,prod-5,Dragonfruit Sparkling Water,Hydration,3
2026-01-21,20,2,0,VM-104,prod-6,Organic Protein Crunch Bar,Snacks,9
2026-01-21,20,2,0,VM-104,prod-7,Detox Green Juice,Fresh Juices,7
2026-01-21,20,2,0,VM-104,prod-8,Mango Passion Kombucha,Fresh Juices,12
2026-01-21,20,2,0,VM-105,prod-1,Nitro Cold Brew,Coffee & Tea,16
2026-01-21,20,2,0,VM-105,prod-2,Matcha Green Tea Latte,Coffee & Tea,13
2026-01-21,20,2,0,VM-105,prod-3,Electrolyte Spark Hydration,Hydration,8
2026-01-21,20,2,0,VM-105,prod-4,Dark Chocolate Almond Bar,Snacks,28
2026-01-21,20,2,0,VM-105,prod-5,Dragonfruit Sparkling Water,Hydration,7
2026-01-21,20,2,0,VM-105,prod-6,Organic Protein Crunch Bar,Snacks,22
2026-01-21,20,2,0,VM-105,prod-7,Detox Green Juice,Fresh Juices,14
2026-01-21,20,2,0,VM-105,prod-8,Mango Passion Kombucha,Fresh Juices,12
2026-01-21,20,2,0,VM-106,prod-1,Nitro Cold Brew,Coffee & Tea,24
2026-01-21,20,2,0,VM-106,prod-2,Matcha Green Tea Latte,Coffee & Tea,9
2026-01-21,20,2,0,VM-106,prod-3,Electrolyte Spark Hydration,Hydration,9
2026-01-21,20,2,0,VM-106,prod-4,Dark Chocolate Almond Bar,Snacks,21
2026-01-21,20,2,0,VM-106,prod-5,Dragonfruit Sparkling Water,Hydration,19
2026-01-21,20,2,0,VM-106,prod-6,Organic Protein Crunch Bar,Snacks,10
2026-01-21,20,2,0,VM-106,prod-7,Detox Green Juice,Fresh Juices,12
2026-01-21,20,2,0,VM-106,prod-8,Mango Passion Kombucha,Fresh Juices,18
2026-01-21,20,2,0,VM-107,prod-1,Nitro Cold Brew,Coffee & Tea,18
2026-01-21,20,2,0,VM-107,prod-2,Matcha Green Tea Latte,Coffee & Tea,10
2026-01-21,20,2,0,VM-107,prod-3,Electrolyte Spark Hydration,Hydration,6
2026-01-21,20,2,0,VM-107,prod-4,Dark Chocolate Almond Bar,Snacks,18
2026-01-21,20,2,0,VM-107,prod-5,Dragonfruit Sparkling Water,Hydration,12
2026-01-21,20,2,0,VM-107,prod-6,Organic Protein Crunch Bar,Snacks,12
2026-01-21,20,2,0,VM-107,prod-7,Detox Green Juice,Fresh Juices,5
2026-01-21,20,2,0,VM-107,prod-8,Mango Passion Kombucha,Fresh Juices,10
2026-01-21,20,2,0,VM-108,prod-1,Nitro Cold Brew,Coffee & Tea,23
2026-01-21,20,2,0,VM-108,prod-2,Matcha Green Tea Latte,Coffee & Tea,15
2026-01-21,20,2,0,VM-108,prod-3,Electrolyte Spark Hydration,Hydration,12
2026-01-21,20,2,0,VM-108,prod-4,Dark Chocolate Almond Bar,Snacks,26
2026-01-21,20,2,0,VM-108,prod-5,Dragonfruit Sparkling Water,Hydration,11
2026-01-21,20,2,0,VM-108,prod-6,Organic Protein Crunch Bar,Snacks,13
2026-01-21,20,2,0,VM-108,prod-7,Detox Green Juice,Fresh Juices,6
2026-01-21,20,2,0,VM-108,prod-8,Mango Passion Kombucha,Fresh Juices,14
2026-01-21,20,2,0,VM-109,prod-1,Nitro Cold Brew,Coffee & Tea,10
2026-01-21,20,2,0,VM-109,prod-2,Matcha Green Tea Latte,Coffee & Tea,11
2026-01-21,20,2,0,VM-109,prod-3,Electrolyte Spark Hydration,Hydration,8
2026-01-21,20,2,0,VM-109,prod-4,Dark Chocolate Almond Bar,Snacks,32
2026-01-21,20,2,0,VM-109,prod-5,Dragonfruit Sparkling Water,Hydration,8
2026-01-21,20,2,0,VM-109,prod-6,Organic Protein Crunch Bar,Snacks,14
2026-01-21,20,2,0,VM-109,prod-7,Detox Green Juice,Fresh Juices,13
2026-01-21,20,2,0,VM-109,prod-8,Mango Passion Kombucha,Fresh Juices,14
2026-01-21,20,2,0,VM-110,prod-1,Nitro Cold Brew,Coffee & Tea,14
2026-01-21,20,2,0,VM-110,prod-2,Matcha Green Tea Latte,Coffee & Tea,14
2026-01-21,20,2,0,VM-110,prod-3,Electrolyte Spark Hydration,Hydration,6
2026-01-21,20,2,0,VM-110,prod-4,Dark Chocolate Almond Bar,Snacks,23
2026-01-21,20,2,0,VM-110,prod-5,Dragonfruit Sparkling Water,Hydration,8
2026-01-21,20,2,0,VM-110,prod-6,Organic Protein Crunch Bar,Snacks,22
2026-01-21,20,2,0,VM-110,prod-7,Detox Green Juice,Fresh Juices,15
2026-01-21,20,2,0,VM-110,prod-8,Mango Passion Kombucha,Fresh Juices,10
2026-01-22,21,3,0,VM-101,prod-1,Nitro Cold Brew,Coffee & Tea,16
2026-01-22,21,3,0,VM-101,prod-2,Matcha Green Tea Latte,Coffee & Tea,14
2026-01-22,21,3,0,VM-101,prod-3,Electrolyte Spark Hydration,Hydration,6
2026-01-22,21,3,0,VM-101,prod-4,Dark Chocolate Almond Bar,Snacks,11
2026-01-22,21,3,0,VM-101,prod-5,Dragonfruit Sparkling Water,Hydration,13
2026-01-22,21,3,0,VM-101,prod-6,Organic Protein Crunch Bar,Snacks,10
2026-01-22,21,3,0,VM-101,prod-7,Detox Green Juice,Fresh Juices,10
2026-01-22,21,3,0,VM-101,prod-8,Mango Passion Kombucha,Fresh Juices,11
2026-01-22,21,3,0,VM-102,prod-1,Nitro Cold Brew,Coffee & Tea,19
2026-01-22,21,3,0,VM-102,prod-2,Matcha Green Tea Latte,Coffee & Tea,18
2026-01-22,21,3,0,VM-102,prod-3,Electrolyte Spark Hydration,Hydration,22
2026-01-22,21,3,0,VM-102,prod-4,Dark Chocolate Almond Bar,Snacks,26
2026-01-22,21,3,0,VM-102,prod-5,Dragonfruit Sparkling Water,Hydration,13
2026-01-22,21,3,0,VM-102,prod-6,Organic Protein Crunch Bar,Snacks,13
2026-01-22,21,3,0,VM-102,prod-7,Detox Green Juice,Fresh Juices,9
2026-01-22,21,3,0,VM-102,prod-8,Mango Passion Kombucha,Fresh Juices,17
2026-01-22,21,3,0,VM-103,prod-1,Nitro Cold Brew,Coffee & Tea,16
2026-01-22,21,3,0,VM-103,prod-2,Matcha Green Tea Latte,Coffee & Tea,24
2026-01-22,21,3,0,VM-103,prod-3,Electrolyte Spark Hydration,Hydration,12
2026-01-22,21,3,0,VM-103,prod-4,Dark Chocolate Almond Bar,Snacks,32
2026-01-22,21,3,0,VM-103,prod-5,Dragonfruit Sparkling Water,Hydration,8
2026-01-22,21,3,0,VM-103,prod-6,Organic Protein Crunch Bar,Snacks,12
2026-01-22,21,3,0,VM-103,prod-7,Detox Green Juice,Fresh Juices,10
2026-01-22,21,3,0,VM-103,prod-8,Mango Passion Kombucha,Fresh Juices,16
2026-01-22,21,3,0,VM-104,prod-1,Nitro Cold Brew,Coffee & Tea,16
2026-01-22,21,3,0,VM-104,prod-2,Matcha Green Tea Latte,Coffee & Tea,26
2026-01-22,21,3,0,VM-104,prod-3,Electrolyte Spark Hydration,Hydration,19
2026-01-22,21,3,0,VM-104,prod-4,Dark Chocolate Almond Bar,Snacks,24
2026-01-22,21,3,0,VM-104,prod-5,Dragonfruit Sparkling Water,Hydration,7
2026-01-22,21,3,0,VM-104,prod-6,Organic Protein Crunch Bar,Snacks,9
2026-01-22,21,3,0,VM-104,prod-7,Detox Green Juice,Fresh Juices,9
2026-01-22,21,3,0,VM-104,prod-8,Mango Passion Kombucha,Fresh Juices,19
2026-01-22,21,3,0,VM-105,prod-1,Nitro Cold Brew,Coffee & Tea,14
2026-01-22,21,3,0,VM-105,prod-2,Matcha Green Tea Latte,Coffee & Tea,12
2026-01-22,21,3,0,VM-105,prod-3,Electrolyte Spark Hydration,Hydration,7
2026-01-22,21,3,0,VM-105,prod-4,Dark Chocolate Almond Bar,Snacks,26
2026-01-22,21,3,0,VM-105,prod-5,Dragonfruit Sparkling Water,Hydration,6
2026-01-22,21,3,0,VM-105,prod-6,Organic Protein Crunch Bar,Snacks,19
2026-01-22,21,3,0,VM-105,prod-7,Detox Green Juice,Fresh Juices,12
2026-01-22,21,3,0,VM-105,prod-8,Mango Passion Kombucha,Fresh Juices,8
2026-01-22,21,3,0,VM-106,prod-1,Nitro Cold Brew,Coffee & Tea,23
2026-01-22,21,3,0,VM-106,prod-2,Matcha Green Tea Latte,Coffee & Tea,12
2026-01-22,21,3,0,VM-106,prod-3,Electrolyte Spark Hydration,Hydration,10
2026-01-22,21,3,0,VM-106,prod-4,Dark Chocolate Almond Bar,Snacks,21
2026-01-22,21,3,0,VM-106,prod-5,Dragonfruit Sparkling Water,Hydration,18
2026-01-22,21,3,0,VM-106,prod-6,Organic Protein Crunch Bar,Snacks,9
2026-01-22,21,3,0,VM-106,prod-7,Detox Green Juice,Fresh Juices,14
2026-01-22,21,3,0,VM-106,prod-8,Mango Passion Kombucha,Fresh Juices,18
2026-01-22,21,3,0,VM-107,prod-1,Nitro Cold Brew,Coffee & Tea,17
2026-01-22,21,3,0,VM-107,prod-2,Matcha Green Tea Latte,Coffee & Tea,10
2026-01-22,21,3,0,VM-107,prod-3,Electrolyte Spark Hydration,Hydration,6
2026-01-22,21,3,0,VM-107,prod-4,Dark Chocolate Almond Bar,Snacks,21
2026-01-22,21,3,0,VM-107,prod-5,Dragonfruit Sparkling Water,Hydration,17
2026-01-22,21,3,0,VM-107,prod-6,Organic Protein Crunch Bar,Snacks,14
2026-01-22,21,3,0,VM-107,prod-7,Detox Green Juice,Fresh Juices,7
2026-01-22,21,3,0,VM-107,prod-8,Mango Passion Kombucha,Fresh Juices,10
2026-01-22,21,3,0,VM-108,prod-1,Nitro Cold Brew,Coffee & Tea,27
2026-01-22,21,3,0,VM-108,prod-2,Matcha Green Tea Latte,Coffee & Tea,18
2026-01-22,21,3,0,VM-108,prod-3,Electrolyte Spark Hydration,Hydration,16
2026-01-22,21,3,0,VM-108,prod-4,Dark Chocolate Almond Bar,Snacks,31
2026-01-22,21,3,0,VM-108,prod-5,Dragonfruit Sparkling Water,Hydration,16
2026-01-22,21,3,0,VM-108,prod-6,Organic Protein Crunch Bar,Snacks,9
2026-01-22,21,3,0,VM-108,prod-7,Detox Green Juice,Fresh Juices,8
2026-01-22,21,3,0,VM-108,prod-8,Mango Passion Kombucha,Fresh Juices,14
2026-01-22,21,3,0,VM-109,prod-1,Nitro Cold Brew,Coffee & Tea,13
2026-01-22,21,3,0,VM-109,prod-2,Matcha Green Tea Latte,Coffee & Tea,16
2026-01-22,21,3,0,VM-109,prod-3,Electrolyte Spark Hydration,Hydration,6
2026-01-22,21,3,0,VM-109,prod-4,Dark Chocolate Almond Bar,Snacks,27
2026-01-22,21,3,0,VM-109,prod-5,Dragonfruit Sparkling Water,Hydration,9
2026-01-22,21,3,0,VM-109,prod-6,Organic Protein Crunch Bar,Snacks,14
2026-01-22,21,3,0,VM-109,prod-7,Detox Green Juice,Fresh Juices,13
2026-01-22,21,3,0,VM-109,prod-8,Mango Passion Kombucha,Fresh Juices,15
2026-01-22,21,3,0,VM-110,prod-1,Nitro Cold Brew,Coffee & Tea,17
2026-01-22,21,3,0,VM-110,prod-2,Matcha Green Tea Latte,Coffee & Tea,20
2026-01-22,21,3,0,VM-110,prod-3,Electrolyte Spark Hydration,Hydration,6
2026-01-22,21,3,0,VM-110,prod-4,Dark Chocolate Almond Bar,Snacks,27
2026-01-22,21,3,0,VM-110,prod-5,Dragonfruit Sparkling Water,Hydration,5
2026-01-22,21,3,0,VM-110,prod-6,Organic Protein Crunch Bar,Snacks,20
2026-01-22,21,3,0,VM-110,prod-7,Detox Green Juice,Fresh Juices,14
2026-01-22,21,3,0,VM-110,prod-8,Mango Passion Kombucha,Fresh Juices,14
2026-01-23,22,4,0,VM-101,prod-1,Nitro Cold Brew,Coffee & Tea,18
2026-01-23,22,4,0,VM-101,prod-2,Matcha Green Tea Latte,Coffee & Tea,20
2026-01-23,22,4,0,VM-101,prod-3,Electrolyte Spark Hydration,Hydration,10
2026-01-23,22,4,0,VM-101,prod-4,Dark Chocolate Almond Bar,Snacks,19
2026-01-23,22,4,0,VM-101,prod-5,Dragonfruit Sparkling Water,Hydration,13
2026-01-23,22,4,0,VM-101,prod-6,Organic Protein Crunch Bar,Snacks,13
2026-01-23,22,4,0,VM-101,prod-7,Detox Green Juice,Fresh Juices,15
2026-01-23,22,4,0,VM-101,prod-8,Mango Passion Kombucha,Fresh Juices,11
2026-01-23,22,4,0,VM-102,prod-1,Nitro Cold Brew,Coffee & Tea,27
2026-01-23,22,4,0,VM-102,prod-2,Matcha Green Tea Latte,Coffee & Tea,22
2026-01-23,22,4,0,VM-102,prod-3,Electrolyte Spark Hydration,Hydration,20
2026-01-23,22,4,0,VM-102,prod-4,Dark Chocolate Almond Bar,Snacks,28
2026-01-23,22,4,0,VM-102,prod-5,Dragonfruit Sparkling Water,Hydration,17
2026-01-23,22,4,0,VM-102,prod-6,Organic Protein Crunch Bar,Snacks,18
2026-01-23,22,4,0,VM-102,prod-7,Detox Green Juice,Fresh Juices,15
2026-01-23,22,4,0,VM-102,prod-8,Mango Passion Kombucha,Fresh Juices,29
2026-01-23,22,4,0,VM-103,prod-1,Nitro Cold Brew,Coffee & Tea,22
2026-01-23,22,4,0,VM-103,prod-2,Matcha Green Tea Latte,Coffee & Tea,33
2026-01-23,22,4,0,VM-103,prod-3,Electrolyte Spark Hydration,Hydration,17
2026-01-23,22,4,0,VM-103,prod-4,Dark Chocolate Almond Bar,Snacks,37
2026-01-23,22,4,0,VM-103,prod-5,Dragonfruit Sparkling Water,Hydration,13
2026-01-23,22,4,0,VM-103,prod-6,Organic Protein Crunch Bar,Snacks,17
2026-01-23,22,4,0,VM-103,prod-7,Detox Green Juice,Fresh Juices,12
2026-01-23,22,4,0,VM-103,prod-8,Mango Passion Kombucha,Fresh Juices,20
2026-01-23,22,4,0,VM-104,prod-1,Nitro Cold Brew,Coffee & Tea,18
2026-01-23,22,4,0,VM-104,prod-2,Matcha Green Tea Latte,Coffee & Tea,22
2026-01-23,22,4,0,VM-104,prod-3,Electrolyte Spark Hydration,Hydration,19
2026-01-23,22,4,0,VM-104,prod-4,Dark Chocolate Almond Bar,Snacks,30
2026-01-23,22,4,0,VM-104,prod-5,Dragonfruit Sparkling Water,Hydration,9
2026-01-23,22,4,0,VM-104,prod-6,Organic Protein Crunch Bar,Snacks,15
2026-01-23,22,4,0,VM-104,prod-7,Detox Green Juice,Fresh Juices,11
2026-01-23,22,4,0,VM-104,prod-8,Mango Passion Kombucha,Fresh Juices,24
2026-01-23,22,4,0,VM-105,prod-1,Nitro Cold Brew,Coffee & Tea,14
2026-01-23,22,4,0,VM-105,prod-2,Matcha Green Tea Latte,Coffee & Tea,12
2026-01-23,22,4,0,VM-105,prod-3,Electrolyte Spark Hydration,Hydration,9
2026-01-23,22,4,0,VM-105,prod-4,Dark Chocolate Almond Bar,Snacks,28
2026-01-23,22,4,0,VM-105,prod-5,Dragonfruit Sparkling Water,Hydration,7
2026-01-23,22,4,0,VM-105,prod-6,Organic Protein Crunch Bar,Snacks,22
2026-01-23,22,4,0,VM-105,prod-7,Detox Green Juice,Fresh Juices,10
2026-01-23,22,4,0,VM-105,prod-8,Mango Passion Kombucha,Fresh Juices,16
2026-01-23,22,4,0,VM-106,prod-1,Nitro Cold Brew,Coffee & Tea,26
2026-01-23,22,4,0,VM-106,prod-2,Matcha Green Tea Latte,Coffee & Tea,15
2026-01-23,22,4,0,VM-106,prod-3,Electrolyte Spark Hydration,Hydration,16
2026-01-23,22,4,0,VM-106,prod-4,Dark Chocolate Almond Bar,Snacks,27
2026-01-23,22,4,0,VM-106,prod-5,Dragonfruit Sparkling Water,Hydration,11
2026-01-23,22,4,0,VM-106,prod-6,Organic Protein Crunch Bar,Snacks,13
2026-01-23,22,4,0,VM-106,prod-7,Detox Green Juice,Fresh Juices,18
2026-01-23,22,4,0,VM-106,prod-8,Mango Passion Kombucha,Fresh Juices,28
2026-01-23,22,4,0,VM-107,prod-1,Nitro Cold Brew,Coffee & Tea,19
2026-01-23,22,4,0,VM-107,prod-2,Matcha Green Tea Latte,Coffee & Tea,11
2026-01-23,22,4,0,VM-107,prod-3,Electrolyte Spark Hydration,Hydration,8
2026-01-23,22,4,0,VM-107,prod-4,Dark Chocolate Almond Bar,Snacks,22
2026-01-23,22,4,0,VM-107,prod-5,Dragonfruit Sparkling Water,Hydration,25
2026-01-23,22,4,0,VM-107,prod-6,Organic Protein Crunch Bar,Snacks,15
2026-01-23,22,4,0,VM-107,prod-7,Detox Green Juice,Fresh Juices,8
2026-01-23,22,4,0,VM-107,prod-8,Mango Passion Kombucha,Fresh Juices,14
2026-01-23,22,4,0,VM-108,prod-1,Nitro Cold Brew,Coffee & Tea,37
2026-01-23,22,4,0,VM-108,prod-2,Matcha Green Tea Latte,Coffee & Tea,22
2026-01-23,22,4,0,VM-108,prod-3,Electrolyte Spark Hydration,Hydration,21
2026-01-23,22,4,0,VM-108,prod-4,Dark Chocolate Almond Bar,Snacks,33
2026-01-23,22,4,0,VM-108,prod-5,Dragonfruit Sparkling Water,Hydration,19
2026-01-23,22,4,0,VM-108,prod-6,Organic Protein Crunch Bar,Snacks,15
2026-01-23,22,4,0,VM-108,prod-7,Detox Green Juice,Fresh Juices,9
2026-01-23,22,4,0,VM-108,prod-8,Mango Passion Kombucha,Fresh Juices,22
2026-01-23,22,4,0,VM-109,prod-1,Nitro Cold Brew,Coffee & Tea,14
2026-01-23,22,4,0,VM-109,prod-2,Matcha Green Tea Latte,Coffee & Tea,16
2026-01-23,22,4,0,VM-109,prod-3,Electrolyte Spark Hydration,Hydration,11
2026-01-23,22,4,0,VM-109,prod-4,Dark Chocolate Almond Bar,Snacks,35
2026-01-23,22,4,0,VM-109,prod-5,Dragonfruit Sparkling Water,Hydration,10
2026-01-23,22,4,0,VM-109,prod-6,Organic Protein Crunch Bar,Snacks,22
2026-01-23,22,4,0,VM-109,prod-7,Detox Green Juice,Fresh Juices,15
2026-01-23,22,4,0,VM-109,prod-8,Mango Passion Kombucha,Fresh Juices,15
2026-01-23,22,4,0,VM-110,prod-1,Nitro Cold Brew,Coffee & Tea,16
2026-01-23,22,4,0,VM-110,prod-2,Matcha Green Tea Latte,Coffee & Tea,24
2026-01-23,22,4,0,VM-110,prod-3,Electrolyte Spark Hydration,Hydration,6
2026-01-23,22,4,0,VM-110,prod-4,Dark Chocolate Almond Bar,Snacks,50
2026-01-23,22,4,0,VM-110,prod-5,Dragonfruit Sparkling Water,Hydration,10
2026-01-23,22,4,0,VM-110,prod-6,Organic Protein Crunch Bar,Snacks,29
2026-01-23,22,4,0,VM-110,prod-7,Detox Green Juice,Fresh Juices,15
2026-01-23,22,4,0,VM-110,prod-8,Mango Passion Kombucha,Fresh Juices,14
2026-01-24,23,5,1,VM-101,prod-1,Nitro Cold Brew,Coffee & Tea,24
2026-01-24,23,5,1,VM-101,prod-2,Matcha Green Tea Latte,Coffee & Tea,25
2026-01-24,23,5,1,VM-101,prod-3,Electrolyte Spark Hydration,Hydration,11
2026-01-24,23,5,1,VM-101,prod-4,Dark Chocolate Almond Bar,Snacks,19
2026-01-24,23,5,1,VM-101,prod-5,Dragonfruit Sparkling Water,Hydration,15
2026-01-24,23,5,1,VM-101,prod-6,Organic Protein Crunch Bar,Snacks,12
2026-01-24,23,5,1,VM-101,prod-7,Detox Green Juice,Fresh Juices,16
2026-01-24,23,5,1,VM-101,prod-8,Mango Passion Kombucha,Fresh Juices,14
2026-01-24,23,5,1,VM-102,prod-1,Nitro Cold Brew,Coffee & Tea,28
2026-01-24,23,5,1,VM-102,prod-2,Matcha Green Tea Latte,Coffee & Tea,13
2026-01-24,23,5,1,VM-102,prod-3,Electrolyte Spark Hydration,Hydration,25
2026-01-24,23,5,1,VM-102,prod-4,Dark Chocolate Almond Bar,Snacks,30
2026-01-24,23,5,1,VM-102,prod-5,Dragonfruit Sparkling Water,Hydration,18
2026-01-24,23,5,1,VM-102,prod-6,Organic Protein Crunch Bar,Snacks,18
2026-01-24,23,5,1,VM-102,prod-7,Detox Green Juice,Fresh Juices,19
2026-01-24,23,5,1,VM-102,prod-8,Mango Passion Kombucha,Fresh Juices,28
2026-01-24,23,5,1,VM-103,prod-1,Nitro Cold Brew,Coffee & Tea,19
2026-01-24,23,5,1,VM-103,prod-2,Matcha Green Tea Latte,Coffee & Tea,38
2026-01-24,23,5,1,VM-103,prod-3,Electrolyte Spark Hydration,Hydration,14
2026-01-24,23,5,1,VM-103,prod-4,Dark Chocolate Almond Bar,Snacks,32
2026-01-24,23,5,1,VM-103,prod-5,Dragonfruit Sparkling Water,Hydration,10
2026-01-24,23,5,1,VM-103,prod-6,Organic Protein Crunch Bar,Snacks,19
2026-01-24,23,5,1,VM-103,prod-7,Detox Green Juice,Fresh Juices,14
2026-01-24,23,5,1,VM-103,prod-8,Mango Passion Kombucha,Fresh Juices,21
2026-01-24,23,5,1,VM-104,prod-1,Nitro Cold Brew,Coffee & Tea,27
2026-01-24,23,5,1,VM-104,prod-2,Matcha Green Tea Latte,Coffee & Tea,30
2026-01-24,23,5,1,VM-104,prod-3,Electrolyte Spark Hydration,Hydration,22
2026-01-24,23,5,1,VM-104,prod-4,Dark Chocolate Almond Bar,Snacks,32
2026-01-24,23,5,1,VM-104,prod-5,Dragonfruit Sparkling Water,Hydration,8
2026-01-24,23,5,1,VM-104,prod-6,Organic Protein Crunch Bar,Snacks,13
2026-01-24,23,5,1,VM-104,prod-7,Detox Green Juice,Fresh Juices,12
2026-01-24,23,5,1,VM-104,prod-8,Mango Passion Kombucha,Fresh Juices,25
2026-01-24,23,5,1,VM-105,prod-1,Nitro Cold Brew,Coffee & Tea,21
2026-01-24,23,5,1,VM-105,prod-2,Matcha Green Tea Latte,Coffee & Tea,16
2026-01-24,23,5,1,VM-105,prod-3,Electrolyte Spark Hydration,Hydration,11
2026-01-24,23,5,1,VM-105,prod-4,Dark Chocolate Almond Bar,Snacks,28
2026-01-24,23,5,1,VM-105,prod-5,Dragonfruit Sparkling Water,Hydration,8
2026-01-24,23,5,1,VM-105,prod-6,Organic Protein Crunch Bar,Snacks,22
2026-01-24,23,5,1,VM-105,prod-7,Detox Green Juice,Fresh Juices,14
2026-01-24,23,5,1,VM-105,prod-8,Mango Passion Kombucha,Fresh Juices,14
2026-01-24,23,5,1,VM-106,prod-1,Nitro Cold Brew,Coffee & Tea,28
2026-01-24,23,5,1,VM-106,prod-2,Matcha Green Tea Latte,Coffee & Tea,15
2026-01-24,23,5,1,VM-106,prod-3,Electrolyte Spark Hydration,Hydration,9
2026-01-24,23,5,1,VM-106,prod-4,Dark Chocolate Almond Bar,Snacks,34
2026-01-24,23,5,1,VM-106,prod-5,Dragonfruit Sparkling Water,Hydration,19
2026-01-24,23,5,1,VM-106,prod-6,Organic Protein Crunch Bar,Snacks,12
2026-01-24,23,5,1,VM-106,prod-7,Detox Green Juice,Fresh Juices,18
2026-01-24,23,5,1,VM-106,prod-8,Mango Passion Kombucha,Fresh Juices,25
2026-01-24,23,5,1,VM-107,prod-1,Nitro Cold Brew,Coffee & Tea,18
2026-01-24,23,5,1,VM-107,prod-2,Matcha Green Tea Latte,Coffee & Tea,9
2026-01-24,23,5,1,VM-107,prod-3,Electrolyte Spark Hydration,Hydration,8
2026-01-24,23,5,1,VM-107,prod-4,Dark Chocolate Almond Bar,Snacks,20
2026-01-24,23,5,1,VM-107,prod-5,Dragonfruit Sparkling Water,Hydration,21
2026-01-24,23,5,1,VM-107,prod-6,Organic Protein Crunch Bar,Snacks,19
2026-01-24,23,5,1,VM-107,prod-7,Detox Green Juice,Fresh Juices,7
2026-01-24,23,5,1,VM-107,prod-8,Mango Passion Kombucha,Fresh Juices,10
2026-01-24,23,5,1,VM-108,prod-1,Nitro Cold Brew,Coffee & Tea,37
2026-01-24,23,5,1,VM-108,prod-2,Matcha Green Tea Latte,Coffee & Tea,18
2026-01-24,23,5,1,VM-108,prod-3,Electrolyte Spark Hydration,Hydration,21
2026-01-24,23,5,1,VM-108,prod-4,Dark Chocolate Almond Bar,Snacks,37
2026-01-24,23,5,1,VM-108,prod-5,Dragonfruit Sparkling Water,Hydration,23
2026-01-24,23,5,1,VM-108,prod-6,Organic Protein Crunch Bar,Snacks,13
2026-01-24,23,5,1,VM-108,prod-7,Detox Green Juice,Fresh Juices,5
2026-01-24,23,5,1,VM-108,prod-8,Mango Passion Kombucha,Fresh Juices,25
2026-01-24,23,5,1,VM-109,prod-1,Nitro Cold Brew,Coffee & Tea,18
2026-01-24,23,5,1,VM-109,prod-2,Matcha Green Tea Latte,Coffee & Tea,20
2026-01-24,23,5,1,VM-109,prod-3,Electrolyte Spark Hydration,Hydration,10
2026-01-24,23,5,1,VM-109,prod-4,Dark Chocolate Almond Bar,Snacks,34
2026-01-24,23,5,1,VM-109,prod-5,Dragonfruit Sparkling Water,Hydration,16
2026-01-24,23,5,1,VM-109,prod-6,Organic Protein Crunch Bar,Snacks,16
2026-01-24,23,5,1,VM-109,prod-7,Detox Green Juice,Fresh Juices,19
2026-01-24,23,5,1,VM-109,prod-8,Mango Passion Kombucha,Fresh Juices,19
2026-01-24,23,5,1,VM-110,prod-1,Nitro Cold Brew,Coffee & Tea,21
2026-01-24,23,5,1,VM-110,prod-2,Matcha Green Tea Latte,Coffee & Tea,30
2026-01-24,23,5,1,VM-110,prod-3,Electrolyte Spark Hydration,Hydration,9
2026-01-24,23,5,1,VM-110,prod-4,Dark Chocolate Almond Bar,Snacks,33
2026-01-24,23,5,1,VM-110,prod-5,Dragonfruit Sparkling Water,Hydration,9
2026-01-24,23,5,1,VM-110,prod-6,Organic Protein Crunch Bar,Snacks,21
2026-01-24,23,5,1,VM-110,prod-7,Detox Green Juice,Fresh Juices,14
2026-01-24,23,5,1,VM-110,prod-8,Mango Passion Kombucha,Fresh Juices,13
2026-01-25,24,6,1,VM-101,prod-1,Nitro Cold Brew,Coffee & Tea,18
2026-01-25,24,6,1,VM-101,prod-2,Matcha Green Tea Latte,Coffee & Tea,20
2026-01-25,24,6,1,VM-101,prod-3,Electrolyte Spark Hydration,Hydration,8
2026-01-25,24,6,1,VM-101,prod-4,Dark Chocolate Almond Bar,Snacks,19
2026-01-25,24,6,1,VM-101,prod-5,Dragonfruit Sparkling Water,Hydration,13
2026-01-25,24,6,1,VM-101,prod-6,Organic Protein Crunch Bar,Snacks,11
2026-01-25,24,6,1,VM-101,prod-7,Detox Green Juice,Fresh Juices,13
2026-01-25,24,6,1,VM-101,prod-8,Mango Passion Kombucha,Fresh Juices,10
2026-01-25,24,6,1,VM-102,prod-1,Nitro Cold Brew,Coffee & Tea,25
2026-01-25,24,6,1,VM-102,prod-2,Matcha Green Tea Latte,Coffee & Tea,17
2026-01-25,24,6,1,VM-102,prod-3,Electrolyte Spark Hydration,Hydration,17
2026-01-25,24,6,1,VM-102,prod-4,Dark Chocolate Almond Bar,Snacks,24
2026-01-25,24,6,1,VM-102,prod-5,Dragonfruit Sparkling Water,Hydration,12
2026-01-25,24,6,1,VM-102,prod-6,Organic Protein Crunch Bar,Snacks,15
2026-01-25,24,6,1,VM-102,prod-7,Detox Green Juice,Fresh Juices,13
2026-01-25,24,6,1,VM-102,prod-8,Mango Passion Kombucha,Fresh Juices,24
2026-01-25,24,6,1,VM-103,prod-1,Nitro Cold Brew,Coffee & Tea,19
2026-01-25,24,6,1,VM-103,prod-2,Matcha Green Tea Latte,Coffee & Tea,31
2026-01-25,24,6,1,VM-103,prod-3,Electrolyte Spark Hydration,Hydration,15
2026-01-25,24,6,1,VM-103,prod-4,Dark Chocolate Almond Bar,Snacks,34
2026-01-25,24,6,1,VM-103,prod-5,Dragonfruit Sparkling Water,Hydration,10
2026-01-25,24,6,1,VM-103,prod-6,Organic Protein Crunch Bar,Snacks,14
2026-01-25,24,6,1,VM-103,prod-7,Detox Green Juice,Fresh Juices,11
2026-01-25,24,6,1,VM-103,prod-8,Mango Passion Kombucha,Fresh Juices,15
2026-01-25,24,6,1,VM-104,prod-1,Nitro Cold Brew,Coffee & Tea,13
2026-01-25,24,6,1,VM-104,prod-2,Matcha Green Tea Latte,Coffee & Tea,23
2026-01-25,24,6,1,VM-104,prod-3,Electrolyte Spark Hydration,Hydration,25
2026-01-25,24,6,1,VM-104,prod-4,Dark Chocolate Almond Bar,Snacks,30
2026-01-25,24,6,1,VM-104,prod-5,Dragonfruit Sparkling Water,Hydration,7
2026-01-25,24,6,1,VM-104,prod-6,Organic Protein Crunch Bar,Snacks,12
2026-01-25,24,6,1,VM-104,prod-7,Detox Green Juice,Fresh Juices,9
2026-01-25,24,6,1,VM-104,prod-8,Mango Passion Kombucha,Fresh Juices,20
2026-01-25,24,6,1,VM-105,prod-1,Nitro Cold Brew,Coffee & Tea,15
2026-01-25,24,6,1,VM-105,prod-2,Matcha Green Tea Latte,Coffee & Tea,12
2026-01-25,24,6,1,VM-105,prod-3,Electrolyte Spark Hydration,Hydration,10
2026-01-25,24,6,1,VM-105,prod-4,Dark Chocolate Almond Bar,Snacks,33
2026-01-25,24,6,1,VM-105,prod-5,Dragonfruit Sparkling Water,Hydration,7
2026-01-25,24,6,1,VM-105,prod-6,Organic Protein Crunch Bar,Snacks,20
2026-01-25,24,6,1,VM-105,prod-7,Detox Green Juice,Fresh Juices,13
2026-01-25,24,6,1,VM-105,prod-8,Mango Passion Kombucha,Fresh Juices,14
2026-01-25,24,6,1,VM-106,prod-1,Nitro Cold Brew,Coffee & Tea,21
2026-01-25,24,6,1,VM-106,prod-2,Matcha Green Tea Latte,Coffee & Tea,9
2026-01-25,24,6,1,VM-106,prod-3,Electrolyte Spark Hydration,Hydration,10
2026-01-25,24,6,1,VM-106,prod-4,Dark Chocolate Almond Bar,Snacks,23
2026-01-25,24,6,1,VM-106,prod-5,Dragonfruit Sparkling Water,Hydration,15
2026-01-25,24,6,1,VM-106,prod-6,Organic Protein Crunch Bar,Snacks,12
2026-01-25,24,6,1,VM-106,prod-7,Detox Green Juice,Fresh Juices,13
2026-01-25,24,6,1,VM-106,prod-8,Mango Passion Kombucha,Fresh Juices,23
2026-01-25,24,6,1,VM-107,prod-1,Nitro Cold Brew,Coffee & Tea,22
2026-01-25,24,6,1,VM-107,prod-2,Matcha Green Tea Latte,Coffee & Tea,9
2026-01-25,24,6,1,VM-107,prod-3,Electrolyte Spark Hydration,Hydration,9
2026-01-25,24,6,1,VM-107,prod-4,Dark Chocolate Almond Bar,Snacks,16
2026-01-25,24,6,1,VM-107,prod-5,Dragonfruit Sparkling Water,Hydration,18
2026-01-25,24,6,1,VM-107,prod-6,Organic Protein Crunch Bar,Snacks,16
2026-01-25,24,6,1,VM-107,prod-7,Detox Green Juice,Fresh Juices,7
2026-01-25,24,6,1,VM-107,prod-8,Mango Passion Kombucha,Fresh Juices,10
2026-01-25,24,6,1,VM-108,prod-1,Nitro Cold Brew,Coffee & Tea,22
2026-01-25,24,6,1,VM-108,prod-2,Matcha Green Tea Latte,Coffee & Tea,21
2026-01-25,24,6,1,VM-108,prod-3,Electrolyte Spark Hydration,Hydration,19
2026-01-25,24,6,1,VM-108,prod-4,Dark Chocolate Almond Bar,Snacks,26
2026-01-25,24,6,1,VM-108,prod-5,Dragonfruit Sparkling Water,Hydration,14
2026-01-25,24,6,1,VM-108,prod-6,Organic Protein Crunch Bar,Snacks,16
2026-01-25,24,6,1,VM-108,prod-7,Detox Green Juice,Fresh Juices,6
2026-01-25,24,6,1,VM-108,prod-8,Mango Passion Kombucha,Fresh Juices,25
2026-01-25,24,6,1,VM-109,prod-1,Nitro Cold Brew,Coffee & Tea,10
2026-01-25,24,6,1,VM-109,prod-2,Matcha Green Tea Latte,Coffee & Tea,16
2026-01-25,24,6,1,VM-109,prod-3,Electrolyte Spark Hydration,Hydration,8
2026-01-25,24,6,1,VM-109,prod-4,Dark Chocolate Almond Bar,Snacks,34
2026-01-25,24,6,1,VM-109,prod-5,Dragonfruit Sparkling Water,Hydration,11
2026-01-25,24,6,1,VM-109,prod-6,Organic Protein Crunch Bar,Snacks,16
2026-01-25,24,6,1,VM-109,prod-7,Detox Green Juice,Fresh Juices,15
2026-01-25,24,6,1,VM-109,prod-8,Mango Passion Kombucha,Fresh Juices,13
2026-01-25,24,6,1,VM-110,prod-1,Nitro Cold Brew,Coffee & Tea,17
2026-01-25,24,6,1,VM-110,prod-2,Matcha Green Tea Latte,Coffee & Tea,17
2026-01-25,24,6,1,VM-110,prod-3,Electrolyte Spark Hydration,Hydration,7
2026-01-25,24,6,1,VM-110,prod-4,Dark Chocolate Almond Bar,Snacks,26
2026-01-25,24,6,1,VM-110,prod-5,Dragonfruit Sparkling Water,Hydration,5
2026-01-25,24,6,1,VM-110,prod-6,Organic Protein Crunch Bar,Snacks,24
2026-01-25,24,6,1,VM-110,prod-7,Detox Green Juice,Fresh Juices,18
2026-01-25,24,6,1,VM-110,prod-8,Mango Passion Kombucha,Fresh Juices,14
2026-01-26,25,0,0,VM-101,prod-1,Nitro Cold Brew,Coffee & Tea,14
2026-01-26,25,0,0,VM-101,prod-2,Matcha Green Tea Latte,Coffee & Tea,14
2026-01-26,25,0,0,VM-101,prod-3,Electrolyte Spark Hydration,Hydration,6
2026-01-26,25,0,0,VM-101,prod-4,Dark Chocolate Almond Bar,Snacks,13
2026-01-26,25,0,0,VM-101,prod-5,Dragonfruit Sparkling Water,Hydration,8
2026-01-26,25,0,0,VM-101,prod-6,Organic Protein Crunch Bar,Snacks,9
2026-01-26,25,0,0,VM-101,prod-7,Detox Green Juice,Fresh Juices,11
2026-01-26,25,0,0,VM-101,prod-8,Mango Passion Kombucha,Fresh Juices,8
2026-01-26,25,0,0,VM-102,prod-1,Nitro Cold Brew,Coffee & Tea,18
2026-01-26,25,0,0,VM-102,prod-2,Matcha Green Tea Latte,Coffee & Tea,14
2026-01-26,25,0,0,VM-102,prod-3,Electrolyte Spark Hydration,Hydration,16
2026-01-26,25,0,0,VM-102,prod-4,Dark Chocolate Almond Bar,Snacks,20
2026-01-26,25,0,0,VM-102,prod-5,Dragonfruit Sparkling Water,Hydration,11
2026-01-26,25,0,0,VM-102,prod-6,Organic Protein Crunch Bar,Snacks,11
2026-01-26,25,0,0,VM-102,prod-7,Detox Green Juice,Fresh Juices,10
2026-01-26,25,0,0,VM-102,prod-8,Mango Passion Kombucha,Fresh Juices,19
2026-01-26,25,0,0,VM-103,prod-1,Nitro Cold Brew,Coffee & Tea,11
2026-01-26,25,0,0,VM-103,prod-2,Matcha Green Tea Latte,Coffee & Tea,18
2026-01-26,25,0,0,VM-103,prod-3,Electrolyte Spark Hydration,Hydration,10
2026-01-26,25,0,0,VM-103,prod-4,Dark Chocolate Almond Bar,Snacks,26
2026-01-26,25,0,0,VM-103,prod-5,Dragonfruit Sparkling Water,Hydration,7
2026-01-26,25,0,0,VM-103,prod-6,Organic Protein Crunch Bar,Snacks,11
2026-01-26,25,0,0,VM-103,prod-7,Detox Green Juice,Fresh Juices,8
2026-01-26,25,0,0,VM-103,prod-8,Mango Passion Kombucha,Fresh Juices,15
2026-01-26,25,0,0,VM-104,prod-1,Nitro Cold Brew,Coffee & Tea,12
2026-01-26,25,0,0,VM-104,prod-2,Matcha Green Tea Latte,Coffee & Tea,15
2026-01-26,25,0,0,VM-104,prod-3,Electrolyte Spark Hydration,Hydration,15
2026-01-26,25,0,0,VM-104,prod-4,Dark Chocolate Almond Bar,Snacks,15
2026-01-26,25,0,0,VM-104,prod-5,Dragonfruit Sparkling Water,Hydration,5
2026-01-26,25,0,0,VM-104,prod-6,Organic Protein Crunch Bar,Snacks,9
2026-01-26,25,0,0,VM-104,prod-7,Detox Green Juice,Fresh Juices,7
2026-01-26,25,0,0,VM-104,prod-8,Mango Passion Kombucha,Fresh Juices,15
2026-01-26,25,0,0,VM-105,prod-1,Nitro Cold Brew,Coffee & Tea,10
2026-01-26,25,0,0,VM-105,prod-2,Matcha Green Tea Latte,Coffee & Tea,8
2026-01-26,25,0,0,VM-105,prod-3,Electrolyte Spark Hydration,Hydration,7
2026-01-26,25,0,0,VM-105,prod-4,Dark Chocolate Almond Bar,Snacks,19
2026-01-26,25,0,0,VM-105,prod-5,Dragonfruit Sparkling Water,Hydration,6
2026-01-26,25,0,0,VM-105,prod-6,Organic Protein Crunch Bar,Snacks,17
2026-01-26,25,0,0,VM-105,prod-7,Detox Green Juice,Fresh Juices,8
2026-01-26,25,0,0,VM-105,prod-8,Mango Passion Kombucha,Fresh Juices,10
2026-01-26,25,0,0,VM-106,prod-1,Nitro Cold Brew,Coffee & Tea,21
2026-01-26,25,0,0,VM-106,prod-2,Matcha Green Tea Latte,Coffee & Tea,11
2026-01-26,25,0,0,VM-106,prod-3,Electrolyte Spark Hydration,Hydration,10
2026-01-26,25,0,0,VM-106,prod-4,Dark Chocolate Almond Bar,Snacks,17
2026-01-26,25,0,0,VM-106,prod-5,Dragonfruit Sparkling Water,Hydration,11
2026-01-26,25,0,0,VM-106,prod-6,Organic Protein Crunch Bar,Snacks,7
2026-01-26,25,0,0,VM-106,prod-7,Detox Green Juice,Fresh Juices,10
2026-01-26,25,0,0,VM-106,prod-8,Mango Passion Kombucha,Fresh Juices,15
2026-01-26,25,0,0,VM-107,prod-1,Nitro Cold Brew,Coffee & Tea,18
2026-01-26,25,0,0,VM-107,prod-2,Matcha Green Tea Latte,Coffee & Tea,7
2026-01-26,25,0,0,VM-107,prod-3,Electrolyte Spark Hydration,Hydration,6
2026-01-26,25,0,0,VM-107,prod-4,Dark Chocolate Almond Bar,Snacks,15
2026-01-26,25,0,0,VM-107,prod-5,Dragonfruit Sparkling Water,Hydration,10
2026-01-26,25,0,0,VM-107,prod-6,Organic Protein Crunch Bar,Snacks,16
2026-01-26,25,0,0,VM-107,prod-7,Detox Green Juice,Fresh Juices,3
2026-01-26,25,0,0,VM-107,prod-8,Mango Passion Kombucha,Fresh Juices,9
2026-01-26,25,0,0,VM-108,prod-1,Nitro Cold Brew,Coffee & Tea,27
2026-01-26,25,0,0,VM-108,prod-2,Matcha Green Tea Latte,Coffee & Tea,14
2026-01-26,25,0,0,VM-108,prod-3,Electrolyte Spark Hydration,Hydration,13
2026-01-26,25,0,0,VM-108,prod-4,Dark Chocolate Almond Bar,Snacks,21
2026-01-26,25,0,0,VM-108,prod-5,Dragonfruit Sparkling Water,Hydration,12
2026-01-26,25,0,0,VM-108,prod-6,Organic Protein Crunch Bar,Snacks,12
2026-01-26,25,0,0,VM-108,prod-7,Detox Green Juice,Fresh Juices,3
2026-01-26,25,0,0,VM-108,prod-8,Mango Passion Kombucha,Fresh Juices,19
2026-01-26,25,0,0,VM-109,prod-1,Nitro Cold Brew,Coffee & Tea,7
2026-01-26,25,0,0,VM-109,prod-2,Matcha Green Tea Latte,Coffee & Tea,10
2026-01-26,25,0,0,VM-109,prod-3,Electrolyte Spark Hydration,Hydration,6
2026-01-26,25,0,0,VM-109,prod-4,Dark Chocolate Almond Bar,Snacks,25
2026-01-26,25,0,0,VM-109,prod-5,Dragonfruit Sparkling Water,Hydration,7
2026-01-26,25,0,0,VM-109,prod-6,Organic Protein Crunch Bar,Snacks,13
2026-01-26,25,0,0,VM-109,prod-7,Detox Green Juice,Fresh Juices,15
2026-01-26,25,0,0,VM-109,prod-8,Mango Passion Kombucha,Fresh Juices,9
2026-01-26,25,0,0,VM-110,prod-1,Nitro Cold Brew,Coffee & Tea,12
2026-01-26,25,0,0,VM-110,prod-2,Matcha Green Tea Latte,Coffee & Tea,12
2026-01-26,25,0,0,VM-110,prod-3,Electrolyte Spark Hydration,Hydration,6
2026-01-26,25,0,0,VM-110,prod-4,Dark Chocolate Almond Bar,Snacks,22
2026-01-26,25,0,0,VM-110,prod-5,Dragonfruit Sparkling Water,Hydration,5
2026-01-26,25,0,0,VM-110,prod-6,Organic Protein Crunch Bar,Snacks,20
2026-01-26,25,0,0,VM-110,prod-7,Detox Green Juice,Fresh Juices,12
2026-01-26,25,0,0,VM-110,prod-8,Mango Passion Kombucha,Fresh Juices,9
2026-01-27,26,1,0,VM-101,prod-1,Nitro Cold Brew,Coffee & Tea,18
2026-01-27,26,1,0,VM-101,prod-2,Matcha Green Tea Latte,Coffee & Tea,13
2026-01-27,26,1,0,VM-101,prod-3,Electrolyte Spark Hydration,Hydration,6
2026-01-27,26,1,0,VM-101,prod-4,Dark Chocolate Almond Bar,Snacks,14
2026-01-27,26,1,0,VM-101,prod-5,Dragonfruit Sparkling Water,Hydration,14
2026-01-27,26,1,0,VM-101,prod-6,Organic Protein Crunch Bar,Snacks,10
2026-01-27,26,1,0,VM-101,prod-7,Detox Green Juice,Fresh Juices,11
2026-01-27,26,1,0,VM-101,prod-8,Mango Passion Kombucha,Fresh Juices,8
2026-01-27,26,1,0,VM-102,prod-1,Nitro Cold Brew,Coffee & Tea,15
2026-01-27,26,1,0,VM-102,prod-2,Matcha Green Tea Latte,Coffee & Tea,18
2026-01-27,26,1,0,VM-102,prod-3,Electrolyte Spark Hydration,Hydration,18
2026-01-27,26,1,0,VM-102,prod-4,Dark Chocolate Almond Bar,Snacks,19
2026-01-27,26,1,0,VM-102,prod-5,Dragonfruit Sparkling Water,Hydration,12
2026-01-27,26,1,0,VM-102,prod-6,Organic Protein Crunch Bar,Snacks,14
2026-01-27,26,1,0,VM-102,prod-7,Detox Green Juice,Fresh Juices,11
2026-01-27,26,1,0,VM-102,prod-8,Mango Passion Kombucha,Fresh Juices,17
2026-01-27,26,1,0,VM-103,prod-1,Nitro Cold Brew,Coffee & Tea,20
2026-01-27,26,1,0,VM-103,prod-2,Matcha Green Tea Latte,Coffee & Tea,24
2026-01-27,26,1,0,VM-103,prod-3,Electrolyte Spark Hydration,Hydration,11
2026-01-27,26,1,0,VM-103,prod-4,Dark Chocolate Almond Bar,Snacks,26
2026-01-27,26,1,0,VM-103,prod-5,Dragonfruit Sparkling Water,Hydration,9
2026-01-27,26,1,0,VM-103,prod-6,Organic Protein Crunch Bar,Snacks,12
2026-01-27,26,1,0,VM-103,prod-7,Detox Green Juice,Fresh Juices,8
2026-01-27,26,1,0,VM-103,prod-8,Mango Passion Kombucha,Fresh Juices,16
2026-01-27,26,1,0,VM-104,prod-1,Nitro Cold Brew,Coffee & Tea,21
2026-01-27,26,1,0,VM-104,prod-2,Matcha Green Tea Latte,Coffee & Tea,18
2026-01-27,26,1,0,VM-104,prod-3,Electrolyte Spark Hydration,Hydration,13
2026-01-27,26,1,0,VM-104,prod-4,Dark Chocolate Almond Bar,Snacks,25
2026-01-27,26,1,0,VM-104,prod-5,Dragonfruit Sparkling Water,Hydration,5
2026-01-27,26,1,0,VM-104,prod-6,Organic Protein Crunch Bar,Snacks,9
2026-01-27,26,1,0,VM-104,prod-7,Detox Green Juice,Fresh Juices,5
2026-01-27,26,1,0,VM-104,prod-8,Mango Passion Kombucha,Fresh Juices,18
2026-01-27,26,1,0,VM-105,prod-1,Nitro Cold Brew,Coffee & Tea,11
2026-01-27,26,1,0,VM-105,prod-2,Matcha Green Tea Latte,Coffee & Tea,11
2026-01-27,26,1,0,VM-105,prod-3,Electrolyte Spark Hydration,Hydration,8
2026-01-27,26,1,0,VM-105,prod-4,Dark Chocolate Almond Bar,Snacks,20
2026-01-27,26,1,0,VM-105,prod-5,Dragonfruit Sparkling Water,Hydration,5
2026-01-27,26,1,0,VM-105,prod-6,Organic Protein Crunch Bar,Snacks,20
2026-01-27,26,1,0,VM-105,prod-7,Detox Green Juice,Fresh Juices,11
2026-01-27,26,1,0,VM-105,prod-8,Mango Passion Kombucha,Fresh Juices,11
2026-01-27,26,1,0,VM-106,prod-1,Nitro Cold Brew,Coffee & Tea,29
2026-01-27,26,1,0,VM-106,prod-2,Matcha Green Tea Latte,Coffee & Tea,8
2026-01-27,26,1,0,VM-106,prod-3,Electrolyte Spark Hydration,Hydration,11
2026-01-27,26,1,0,VM-106,prod-4,Dark Chocolate Almond Bar,Snacks,23
2026-01-27,26,1,0,VM-106,prod-5,Dragonfruit Sparkling Water,Hydration,12
2026-01-27,26,1,0,VM-106,prod-6,Organic Protein Crunch Bar,Snacks,8
2026-01-27,26,1,0,VM-106,prod-7,Detox Green Juice,Fresh Juices,11
2026-01-27,26,1,0,VM-106,prod-8,Mango Passion Kombucha,Fresh Juices,18
2026-01-27,26,1,0,VM-107,prod-1,Nitro Cold Brew,Coffee & Tea,17
2026-01-27,26,1,0,VM-107,prod-2,Matcha Green Tea Latte,Coffee & Tea,9
2026-01-27,26,1,0,VM-107,prod-3,Electrolyte Spark Hydration,Hydration,5
2026-01-27,26,1,0,VM-107,prod-4,Dark Chocolate Almond Bar,Snacks,16
2026-01-27,26,1,0,VM-107,prod-5,Dragonfruit Sparkling Water,Hydration,11
2026-01-27,26,1,0,VM-107,prod-6,Organic Protein Crunch Bar,Snacks,15
2026-01-27,26,1,0,VM-107,prod-7,Detox Green Juice,Fresh Juices,6
2026-01-27,26,1,0,VM-107,prod-8,Mango Passion Kombucha,Fresh Juices,9
2026-01-27,26,1,0,VM-108,prod-1,Nitro Cold Brew,Coffee & Tea,14
2026-01-27,26,1,0,VM-108,prod-2,Matcha Green Tea Latte,Coffee & Tea,16
2026-01-27,26,1,0,VM-108,prod-3,Electrolyte Spark Hydration,Hydration,15
2026-01-27,26,1,0,VM-108,prod-4,Dark Chocolate Almond Bar,Snacks,27
2026-01-27,26,1,0,VM-108,prod-5,Dragonfruit Sparkling Water,Hydration,16
2026-01-27,26,1,0,VM-108,prod-6,Organic Protein Crunch Bar,Snacks,9
2026-01-27,26,1,0,VM-108,prod-7,Detox Green Juice,Fresh Juices,7
2026-01-27,26,1,0,VM-108,prod-8,Mango Passion Kombucha,Fresh Juices,20
2026-01-27,26,1,0,VM-109,prod-1,Nitro Cold Brew,Coffee & Tea,7
2026-01-27,26,1,0,VM-109,prod-2,Matcha Green Tea Latte,Coffee & Tea,13
2026-01-27,26,1,0,VM-109,prod-3,Electrolyte Spark Hydration,Hydration,6
2026-01-27,26,1,0,VM-109,prod-4,Dark Chocolate Almond Bar,Snacks,25
2026-01-27,26,1,0,VM-109,prod-5,Dragonfruit Sparkling Water,Hydration,11
2026-01-27,26,1,0,VM-109,prod-6,Organic Protein Crunch Bar,Snacks,13
2026-01-27,26,1,0,VM-109,prod-7,Detox Green Juice,Fresh Juices,11
2026-01-27,26,1,0,VM-109,prod-8,Mango Passion Kombucha,Fresh Juices,12
2026-01-27,26,1,0,VM-110,prod-1,Nitro Cold Brew,Coffee & Tea,11
2026-01-27,26,1,0,VM-110,prod-2,Matcha Green Tea Latte,Coffee & Tea,12
2026-01-27,26,1,0,VM-110,prod-3,Electrolyte Spark Hydration,Hydration,7
2026-01-27,26,1,0,VM-110,prod-4,Dark Chocolate Almond Bar,Snacks,21
2026-01-27,26,1,0,VM-110,prod-5,Dragonfruit Sparkling Water,Hydration,7
2026-01-27,26,1,0,VM-110,prod-6,Organic Protein Crunch Bar,Snacks,22
2026-01-27,26,1,0,VM-110,prod-7,Detox Green Juice,Fresh Juices,8
2026-01-27,26,1,0,VM-110,prod-8,Mango Passion Kombucha,Fresh Juices,9
2026-01-28,27,2,0,VM-101,prod-1,Nitro Cold Brew,Coffee & Tea,20
2026-01-28,27,2,0,VM-101,prod-2,Matcha Green Tea Latte,Coffee & Tea,15
2026-01-28,27,2,0,VM-101,prod-3,Electrolyte Spark Hydration,Hydration,7
2026-01-28,27,2,0,VM-101,prod-4,Dark Chocolate Almond Bar,Snacks,15
2026-01-28,27,2,0,VM-101,prod-5,Dragonfruit Sparkling Water,Hydration,13
2026-01-28,27,2,0,VM-101,prod-6,Organic Protein Crunch Bar,Snacks,9
2026-01-28,27,2,0,VM-101,prod-7,Detox Green Juice,Fresh Juices,11
2026-01-28,27,2,0,VM-101,prod-8,Mango Passion Kombucha,Fresh Juices,11
2026-01-28,27,2,0,VM-102,prod-1,Nitro Cold Brew,Coffee & Tea,24
2026-01-28,27,2,0,VM-102,prod-2,Matcha Green Tea Latte,Coffee & Tea,19
2026-01-28,27,2,0,VM-102,prod-3,Electrolyte Spark Hydration,Hydration,17
2026-01-28,27,2,0,VM-102,prod-4,Dark Chocolate Almond Bar,Snacks,19
2026-01-28,27,2,0,VM-102,prod-5,Dragonfruit Sparkling Water,Hydration,12
2026-01-28,27,2,0,VM-102,prod-6,Organic Protein Crunch Bar,Snacks,16
2026-01-28,27,2,0,VM-102,prod-7,Detox Green Juice,Fresh Juices,13
2026-01-28,27,2,0,VM-102,prod-8,Mango Passion Kombucha,Fresh Juices,22
2026-01-28,27,2,0,VM-103,prod-1,Nitro Cold Brew,Coffee & Tea,17
2026-01-28,27,2,0,VM-103,prod-2,Matcha Green Tea Latte,Coffee & Tea,21
2026-01-28,27,2,0,VM-103,prod-3,Electrolyte Spark Hydration,Hydration,14
2026-01-28,27,2,0,VM-103,prod-4,Dark Chocolate Almond Bar,Snacks,26
2026-01-28,27,2,0,VM-103,prod-5,Dragonfruit Sparkling Water,Hydration,8
2026-01-28,27,2,0,VM-103,prod-6,Organic Protein Crunch Bar,Snacks,13
2026-01-28,27,2,0,VM-103,prod-7,Detox Green Juice,Fresh Juices,12
2026-01-28,27,2,0,VM-103,prod-8,Mango Passion Kombucha,Fresh Juices,21
2026-01-28,27,2,0,VM-104,prod-1,Nitro Cold Brew,Coffee & Tea,19
2026-01-28,27,2,0,VM-104,prod-2,Matcha Green Tea Latte,Coffee & Tea,20
2026-01-28,27,2,0,VM-104,prod-3,Electrolyte Spark Hydration,Hydration,20
2026-01-28,27,2,0,VM-104,prod-4,Dark Chocolate Almond Bar,Snacks,26
2026-01-28,27,2,0,VM-104,prod-5,Dragonfruit Sparkling Water,Hydration,5
2026-01-28,27,2,0,VM-104,prod-6,Organic Protein Crunch Bar,Snacks,11
2026-01-28,27,2,0,VM-104,prod-7,Detox Green Juice,Fresh Juices,8
2026-01-28,27,2,0,VM-104,prod-8,Mango Passion Kombucha,Fresh Juices,18
2026-01-28,27,2,0,VM-105,prod-1,Nitro Cold Brew,Coffee & Tea,16
2026-01-28,27,2,0,VM-105,prod-2,Matcha Green Tea Latte,Coffee & Tea,11
2026-01-28,27,2,0,VM-105,prod-3,Electrolyte Spark Hydration,Hydration,9
2026-01-28,27,2,0,VM-105,prod-4,Dark Chocolate Almond Bar,Snacks,22
2026-01-28,27,2,0,VM-105,prod-5,Dragonfruit Sparkling Water,Hydration,5
2026-01-28,27,2,0,VM-105,prod-6,Organic Protein Crunch Bar,Snacks,16
2026-01-28,27,2,0,VM-105,prod-7,Detox Green Juice,Fresh Juices,12
2026-01-28,27,2,0,VM-105,prod-8,Mango Passion Kombucha,Fresh Juices,12
2026-01-28,27,2,0,VM-106,prod-1,Nitro Cold Brew,Coffee & Tea,25
2026-01-28,27,2,0,VM-106,prod-2,Matcha Green Tea Latte,Coffee & Tea,14
2026-01-28,27,2,0,VM-106,prod-3,Electrolyte Spark Hydration,Hydration,10
2026-01-28,27,2,0,VM-106,prod-4,Dark Chocolate Almond Bar,Snacks,27
2026-01-28,27,2,0,VM-106,prod-5,Dragonfruit Sparkling Water,Hydration,12
2026-01-28,27,2,0,VM-106,prod-6,Organic Protein Crunch Bar,Snacks,10
2026-01-28,27,2,0,VM-106,prod-7,Detox Green Juice,Fresh Juices,13
2026-01-28,27,2,0,VM-106,prod-8,Mango Passion Kombucha,Fresh Juices,19
2026-01-28,27,2,0,VM-107,prod-1,Nitro Cold Brew,Coffee & Tea,17
2026-01-28,27,2,0,VM-107,prod-2,Matcha Green Tea Latte,Coffee & Tea,8
2026-01-28,27,2,0,VM-107,prod-3,Electrolyte Spark Hydration,Hydration,5
2026-01-28,27,2,0,VM-107,prod-4,Dark Chocolate Almond Bar,Snacks,16
2026-01-28,27,2,0,VM-107,prod-5,Dragonfruit Sparkling Water,Hydration,16
2026-01-28,27,2,0,VM-107,prod-6,Organic Protein Crunch Bar,Snacks,16
2026-01-28,27,2,0,VM-107,prod-7,Detox Green Juice,Fresh Juices,6
2026-01-28,27,2,0,VM-107,prod-8,Mango Passion Kombucha,Fresh Juices,10
2026-01-28,27,2,0,VM-108,prod-1,Nitro Cold Brew,Coffee & Tea,25
2026-01-28,27,2,0,VM-108,prod-2,Matcha Green Tea Latte,Coffee & Tea,15
2026-01-28,27,2,0,VM-108,prod-3,Electrolyte Spark Hydration,Hydration,17
2026-01-28,27,2,0,VM-108,prod-4,Dark Chocolate Almond Bar,Snacks,28
2026-01-28,27,2,0,VM-108,prod-5,Dragonfruit Sparkling Water,Hydration,15
2026-01-28,27,2,0,VM-108,prod-6,Organic Protein Crunch Bar,Snacks,11
2026-01-28,27,2,0,VM-108,prod-7,Detox Green Juice,Fresh Juices,4
2026-01-28,27,2,0,VM-108,prod-8,Mango Passion Kombucha,Fresh Juices,21
2026-01-28,27,2,0,VM-109,prod-1,Nitro Cold Brew,Coffee & Tea,10
2026-01-28,27,2,0,VM-109,prod-2,Matcha Green Tea Latte,Coffee & Tea,11
2026-01-28,27,2,0,VM-109,prod-3,Electrolyte Spark Hydration,Hydration,8
2026-01-28,27,2,0,VM-109,prod-4,Dark Chocolate Almond Bar,Snacks,25
2026-01-28,27,2,0,VM-109,prod-5,Dragonfruit Sparkling Water,Hydration,13
2026-01-28,27,2,0,VM-109,prod-6,Organic Protein Crunch Bar,Snacks,16
2026-01-28,27,2,0,VM-109,prod-7,Detox Green Juice,Fresh Juices,15
2026-01-28,27,2,0,VM-109,prod-8,Mango Passion Kombucha,Fresh Juices,10
2026-01-28,27,2,0,VM-110,prod-1,Nitro Cold Brew,Coffee & Tea,16
2026-01-28,27,2,0,VM-110,prod-2,Matcha Green Tea Latte,Coffee & Tea,16
2026-01-28,27,2,0,VM-110,prod-3,Electrolyte Spark Hydration,Hydration,6
2026-01-28,27,2,0,VM-110,prod-4,Dark Chocolate Almond Bar,Snacks,27
2026-01-28,27,2,0,VM-110,prod-5,Dragonfruit Sparkling Water,Hydration,5
2026-01-28,27,2,0,VM-110,prod-6,Organic Protein Crunch Bar,Snacks,23
2026-01-28,27,2,0,VM-110,prod-7,Detox Green Juice,Fresh Juices,10
2026-01-28,27,2,0,VM-110,prod-8,Mango Passion Kombucha,Fresh Juices,8
2026-01-29,28,3,0,VM-101,prod-1,Nitro Cold Brew,Coffee & Tea,14
2026-01-29,28,3,0,VM-101,prod-2,Matcha Green Tea Latte,Coffee & Tea,21
2026-01-29,28,3,0,VM-101,prod-3,Electrolyte Spark Hydration,Hydration,7
2026-01-29,28,3,0,VM-101,prod-4,Dark Chocolate Almond Bar,Snacks,18
2026-01-29,28,3,0,VM-101,prod-5,Dragonfruit Sparkling Water,Hydration,11
2026-01-29,28,3,0,VM-101,prod-6,Organic Protein Crunch Bar,Snacks,8
2026-01-29,28,3,0,VM-101,prod-7,Detox Green Juice,Fresh Juices,10
2026-01-29,28,3,0,VM-101,prod-8,Mango Passion Kombucha,Fresh Juices,11
2026-01-29,28,3,0,VM-102,prod-1,Nitro Cold Brew,Coffee & Tea,20
2026-01-29,28,3,0,VM-102,prod-2,Matcha Green Tea Latte,Coffee & Tea,16
2026-01-29,28,3,0,VM-102,prod-3,Electrolyte Spark Hydration,Hydration,18
2026-01-29,28,3,0,VM-102,prod-4,Dark Chocolate Almond Bar,Snacks,24
2026-01-29,28,3,0,VM-102,prod-5,Dragonfruit Sparkling Water,Hydration,17
2026-01-29,28,3,0,VM-102,prod-6,Organic Protein Crunch Bar,Snacks,18
2026-01-29,28,3,0,VM-102,prod-7,Detox Green Juice,Fresh Juices,12
2026-01-29,28,3,0,VM-102,prod-8,Mango Passion Kombucha,Fresh Juices,15
2026-01-29,28,3,0,VM-103,prod-1,Nitro Cold Brew,Coffee & Tea,16
2026-01-29,28,3,0,VM-103,prod-2,Matcha Green Tea Latte,Coffee & Tea,29
2026-01-29,28,3,0,VM-103,prod-3,Electrolyte Spark Hydration,Hydration,11
2026-01-29,28,3,0,VM-103,prod-4,Dark Chocolate Almond Bar,Snacks,27
2026-01-29,28,3,0,VM-103,prod-5,Dragonfruit Sparkling Water,Hydration,9
2026-01-29,28,3,0,VM-103,prod-6,Organic Protein Crunch Bar,Snacks,13
2026-01-29,28,3,0,VM-103,prod-7,Detox Green Juice,Fresh Juices,10
2026-01-29,28,3,0,VM-103,prod-8,Mango Passion Kombucha,Fresh Juices,13
2026-01-29,28,3,0,VM-104,prod-1,Nitro Cold Brew,Coffee & Tea,18
2026-01-29,28,3,0,VM-104,prod-2,Matcha Green Tea Latte,Coffee & Tea,19
2026-01-29,28,3,0,VM-104,prod-3,Electrolyte Spark Hydration,Hydration,22
2026-01-29,28,3,0,VM-104,prod-4,Dark Chocolate Almond Bar,Snacks,28
2026-01-29,28,3,0,VM-104,prod-5,Dragonfruit Sparkling Water,Hydration,4
2026-01-29,28,3,0,VM-104,prod-6,Organic Protein Crunch Bar,Snacks,8
2026-01-29,28,3,0,VM-104,prod-7,Detox Green Juice,Fresh Juices,6
2026-01-29,28,3,0,VM-104,prod-8,Mango Passion Kombucha,Fresh Juices,16
2026-01-29,28,3,0,VM-105,prod-1,Nitro Cold Brew,Coffee & Tea,15
2026-01-29,28,3,0,VM-105,prod-2,Matcha Green Tea Latte,Coffee & Tea,9
2026-01-29,28,3,0,VM-105,prod-3,Electrolyte Spark Hydration,Hydration,7
2026-01-29,28,3,0,VM-105,prod-4,Dark Chocolate Almond Bar,Snacks,21
2026-01-29,28,3,0,VM-105,prod-5,Dragonfruit Sparkling Water,Hydration,7
2026-01-29,28,3,0,VM-105,prod-6,Organic Protein Crunch Bar,Snacks,20
2026-01-29,28,3,0,VM-105,prod-7,Detox Green Juice,Fresh Juices,10
2026-01-29,28,3,0,VM-105,prod-8,Mango Passion Kombucha,Fresh Juices,12
2026-01-29,28,3,0,VM-106,prod-1,Nitro Cold Brew,Coffee & Tea,23
2026-01-29,28,3,0,VM-106,prod-2,Matcha Green Tea Latte,Coffee & Tea,11
2026-01-29,28,3,0,VM-106,prod-3,Electrolyte Spark Hydration,Hydration,13
2026-01-29,28,3,0,VM-106,prod-4,Dark Chocolate Almond Bar,Snacks,31
2026-01-29,28,3,0,VM-106,prod-5,Dragonfruit Sparkling Water,Hydration,12
2026-01-29,28,3,0,VM-106,prod-6,Organic Protein Crunch Bar,Snacks,12
2026-01-29,28,3,0,VM-106,prod-7,Detox Green Juice,Fresh Juices,14
2026-01-29,28,3,0,VM-106,prod-8,Mango Passion Kombucha,Fresh Juices,14
2026-01-29,28,3,0,VM-107,prod-1,Nitro Cold Brew,Coffee & Tea,21
2026-01-29,28,3,0,VM-107,prod-2,Matcha Green Tea Latte,Coffee & Tea,10
2026-01-29,28,3,0,VM-107,prod-3,Electrolyte Spark Hydration,Hydration,6
2026-01-29,28,3,0,VM-107,prod-4,Dark Chocolate Almond Bar,Snacks,16
2026-01-29,28,3,0,VM-107,prod-5,Dragonfruit Sparkling Water,Hydration,17
2026-01-29,28,3,0,VM-107,prod-6,Organic Protein Crunch Bar,Snacks,16
2026-01-29,28,3,0,VM-107,prod-7,Detox Green Juice,Fresh Juices,6
2026-01-29,28,3,0,VM-107,prod-8,Mango Passion Kombucha,Fresh Juices,11
2026-01-29,28,3,0,VM-108,prod-1,Nitro Cold Brew,Coffee & Tea,28
2026-01-29,28,3,0,VM-108,prod-2,Matcha Green Tea Latte,Coffee & Tea,14
2026-01-29,28,3,0,VM-108,prod-3,Electrolyte Spark Hydration,Hydration,18
2026-01-29,28,3,0,VM-108,prod-4,Dark Chocolate Almond Bar,Snacks,33
2026-01-29,28,3,0,VM-108,prod-5,Dragonfruit Sparkling Water,Hydration,14
2026-01-29,28,3,0,VM-108,prod-6,Organic Protein Crunch Bar,Snacks,12
2026-01-29,28,3,0,VM-108,prod-7,Detox Green Juice,Fresh Juices,5
2026-01-29,28,3,0,VM-108,prod-8,Mango Passion Kombucha,Fresh Juices,20
2026-01-29,28,3,0,VM-109,prod-1,Nitro Cold Brew,Coffee & Tea,12
2026-01-29,28,3,0,VM-109,prod-2,Matcha Green Tea Latte,Coffee & Tea,13
2026-01-29,28,3,0,VM-109,prod-3,Electrolyte Spark Hydration,Hydration,9
2026-01-29,28,3,0,VM-109,prod-4,Dark Chocolate Almond Bar,Snacks,27
2026-01-29,28,3,0,VM-109,prod-5,Dragonfruit Sparkling Water,Hydration,12
2026-01-29,28,3,0,VM-109,prod-6,Organic Protein Crunch Bar,Snacks,13
2026-01-29,28,3,0,VM-109,prod-7,Detox Green Juice,Fresh Juices,14
2026-01-29,28,3,0,VM-109,prod-8,Mango Passion Kombucha,Fresh Juices,13
2026-01-29,28,3,0,VM-110,prod-1,Nitro Cold Brew,Coffee & Tea,15
2026-01-29,28,3,0,VM-110,prod-2,Matcha Green Tea Latte,Coffee & Tea,15
2026-01-29,28,3,0,VM-110,prod-3,Electrolyte Spark Hydration,Hydration,7
2026-01-29,28,3,0,VM-110,prod-4,Dark Chocolate Almond Bar,Snacks,31
2026-01-29,28,3,0,VM-110,prod-5,Dragonfruit Sparkling Water,Hydration,7
2026-01-29,28,3,0,VM-110,prod-6,Organic Protein Crunch Bar,Snacks,17
2026-01-29,28,3,0,VM-110,prod-7,Detox Green Juice,Fresh Juices,15
2026-01-29,28,3,0,VM-110,prod-8,Mango Passion Kombucha,Fresh Juices,13
2026-01-30,29,4,0,VM-101,prod-1,Nitro Cold Brew,Coffee & Tea,18
2026-01-30,29,4,0,VM-101,prod-2,Matcha Green Tea Latte,Coffee & Tea,25
2026-01-30,29,4,0,VM-101,prod-3,Electrolyte Spark Hydration,Hydration,9
2026-01-30,29,4,0,VM-101,prod-4,Dark Chocolate Almond Bar,Snacks,19
2026-01-30,29,4,0,VM-101,prod-5,Dragonfruit Sparkling Water,Hydration,16
2026-01-30,29,4,0,VM-101,prod-6,Organic Protein Crunch Bar,Snacks,12
2026-01-30,29,4,0,VM-101,prod-7,Detox Green Juice,Fresh Juices,14
2026-01-30,29,4,0,VM-101,prod-8,Mango Passion Kombucha,Fresh Juices,10
2026-01-30,29,4,0,VM-102,prod-1,Nitro Cold Brew,Coffee & Tea,22
2026-01-30,29,4,0,VM-102,prod-2,Matcha Green Tea Latte,Coffee & Tea,19
2026-01-30,29,4,0,VM-102,prod-3,Electrolyte Spark Hydration,Hydration,21
2026-01-30,29,4,0,VM-102,prod-4,Dark Chocolate Almond Bar,Snacks,25
2026-01-30,29,4,0,VM-102,prod-5,Dragonfruit Sparkling Water,Hydration,20
2026-01-30,29,4,0,VM-102,prod-6,Organic Protein Crunch Bar,Snacks,23
2026-01-30,29,4,0,VM-102,prod-7,Detox Green Juice,Fresh Juices,14
2026-01-30,29,4,0,VM-102,prod-8,Mango Passion Kombucha,Fresh Juices,24
2026-01-30,29,4,0,VM-103,prod-1,Nitro Cold Brew,Coffee & Tea,22
2026-01-30,29,4,0,VM-103,prod-2,Matcha Green Tea Latte,Coffee & Tea,37
2026-01-30,29,4,0,VM-103,prod-3,Electrolyte Spark Hydration,Hydration,15
2026-01-30,29,4,0,VM-103,prod-4,Dark Chocolate Almond Bar,Snacks,43
2026-01-30,29,4,0,VM-103,prod-5,Dragonfruit Sparkling Water,Hydration,12
2026-01-30,29,4,0,VM-103,prod-6,Organic Protein Crunch Bar,Snacks,13
2026-01-30,29,4,0,VM-103,prod-7,Detox Green Juice,Fresh Juices,14
2026-01-30,29,4,0,VM-103,prod-8,Mango Passion Kombucha,Fresh Juices,21
2026-01-30,29,4,0,VM-104,prod-1,Nitro Cold Brew,Coffee & Tea,20
2026-01-30,29,4,0,VM-104,prod-2,Matcha Green Tea Latte,Coffee & Tea,27
2026-01-30,29,4,0,VM-104,prod-3,Electrolyte Spark Hydration,Hydration,26
2026-01-30,29,4,0,VM-104,prod-4,Dark Chocolate Almond Bar,Snacks,29
2026-01-30,29,4,0,VM-104,prod-5,Dragonfruit Sparkling Water,Hydration,8
2026-01-30,29,4,0,VM-104,prod-6,Organic Protein Crunch Bar,Snacks,15
2026-01-30,29,4,0,VM-104,prod-7,Detox Green Juice,Fresh Juices,9
2026-01-30,29,4,0,VM-104,prod-8,Mango Passion Kombucha,Fresh Juices,17
2026-01-30,29,4,0,VM-105,prod-1,Nitro Cold Brew,Coffee & Tea,20
2026-01-30,29,4,0,VM-105,prod-2,Matcha Green Tea Latte,Coffee & Tea,15
2026-01-30,29,4,0,VM-105,prod-3,Electrolyte Spark Hydration,Hydration,10
2026-01-30,29,4,0,VM-105,prod-4,Dark Chocolate Almond Bar,Snacks,38
2026-01-30,29,4,0,VM-105,prod-5,Dragonfruit Sparkling Water,Hydration,6
2026-01-30,29,4,0,VM-105,prod-6,Organic Protein Crunch Bar,Snacks,27
2026-01-30,29,4,0,VM-105,prod-7,Detox Green Juice,Fresh Juices,13
2026-01-30,29,4,0,VM-105,prod-8,Mango Passion Kombucha,Fresh Juices,17
2026-01-30,29,4,0,VM-106,prod-1,Nitro Cold Brew,Coffee & Tea,40
2026-01-30,29,4,0,VM-106,prod-2,Matcha Green Tea Latte,Coffee & Tea,13
2026-01-30,29,4,0,VM-106,prod-3,Electrolyte Spark Hydration,Hydration,11
2026-01-30,29,4,0,VM-106,prod-4,Dark Chocolate Almond Bar,Snacks,36
2026-01-30,29,4,0,VM-106,prod-5,Dragonfruit Sparkling Water,Hydration,17
2026-01-30,29,4,0,VM-106,prod-6,Organic Protein Crunch Bar,Snacks,14
2026-01-30,29,4,0,VM-106,prod-7,Detox Green Juice,Fresh Juices,16
2026-01-30,29,4,0,VM-106,prod-8,Mango Passion Kombucha,Fresh Juices,15
2026-01-30,29,4,0,VM-107,prod-1,Nitro Cold Brew,Coffee & Tea,23
2026-01-30,29,4,0,VM-107,prod-2,Matcha Green Tea Latte,Coffee & Tea,9
2026-01-30,29,4,0,VM-107,prod-3,Electrolyte Spark Hydration,Hydration,8
2026-01-30,29,4,0,VM-107,prod-4,Dark Chocolate Almond Bar,Snacks,27
2026-01-30,29,4,0,VM-107,prod-5,Dragonfruit Sparkling Water,Hydration,15
2026-01-30,29,4,0,VM-107,prod-6,Organic Protein Crunch Bar,Snacks,21
2026-01-30,29,4,0,VM-107,prod-7,Detox Green Juice,Fresh Juices,7
2026-01-30,29,4,0,VM-107,prod-8,Mango Passion Kombucha,Fresh Juices,12
2026-01-30,29,4,0,VM-108,prod-1,Nitro Cold Brew,Coffee & Tea,36
2026-01-30,29,4,0,VM-108,prod-2,Matcha Green Tea Latte,Coffee & Tea,23
2026-01-30,29,4,0,VM-108,prod-3,Electrolyte Spark Hydration,Hydration,21
2026-01-30,29,4,0,VM-108,prod-4,Dark Chocolate Almond Bar,Snacks,40
2026-01-30,29,4,0,VM-108,prod-5,Dragonfruit Sparkling Water,Hydration,18
2026-01-30,29,4,0,VM-108,prod-6,Organic Protein Crunch Bar,Snacks,14
2026-01-30,29,4,0,VM-108,prod-7,Detox Green Juice,Fresh Juices,7
2026-01-30,29,4,0,VM-108,prod-8,Mango Passion Kombucha,Fresh Juices,20
2026-01-30,29,4,0,VM-109,prod-1,Nitro Cold Brew,Coffee & Tea,20
2026-01-30,29,4,0,VM-109,prod-2,Matcha Green Tea Latte,Coffee & Tea,20
2026-01-30,29,4,0,VM-109,prod-3,Electrolyte Spark Hydration,Hydration,8
2026-01-30,29,4,0,VM-109,prod-4,Dark Chocolate Almond Bar,Snacks,28
2026-01-30,29,4,0,VM-109,prod-5,Dragonfruit Sparkling Water,Hydration,15
2026-01-30,29,4,0,VM-109,prod-6,Organic Protein Crunch Bar,Snacks,20
2026-01-30,29,4,0,VM-109,prod-7,Detox Green Juice,Fresh Juices,19
2026-01-30,29,4,0,VM-109,prod-8,Mango Passion Kombucha,Fresh Juices,16
2026-01-30,29,4,0,VM-110,prod-1,Nitro Cold Brew,Coffee & Tea,17
2026-01-30,29,4,0,VM-110,prod-2,Matcha Green Tea Latte,Coffee & Tea,21
2026-01-30,29,4,0,VM-110,prod-3,Electrolyte Spark Hydration,Hydration,8
2026-01-30,29,4,0,VM-110,prod-4,Dark Chocolate Almond Bar,Snacks,23
2026-01-30,29,4,0,VM-110,prod-5,Dragonfruit Sparkling Water,Hydration,8
2026-01-30,29,4,0,VM-110,prod-6,Organic Protein Crunch Bar,Snacks,24
2026-01-30,29,4,0,VM-110,prod-7,Detox Green Juice,Fresh Juices,16
2026-01-30,29,4,0,VM-110,prod-8,Mango Passion Kombucha,Fresh Juices,20
2026-01-31,30,5,1,VM-101,prod-1,Nitro Cold Brew,Coffee & Tea,24
2026-01-31,30,5,1,VM-101,prod-2,Matcha Green Tea Latte,Coffee & Tea,22
2026-01-31,30,5,1,VM-101,prod-3,Electrolyte Spark Hydration,Hydration,11
2026-01-31,30,5,1,VM-101,prod-4,Dark Chocolate Almond Bar,Snacks,20
2026-01-31,30,5,1,VM-101,prod-5,Dragonfruit Sparkling Water,Hydration,17
2026-01-31,30,5,1,VM-101,prod-6,Organic Protein Crunch Bar,Snacks,14
2026-01-31,30,5,1,VM-101,prod-7,Detox Green Juice,Fresh Juices,21
2026-01-31,30,5,1,VM-101,prod-8,Mango Passion Kombucha,Fresh Juices,10
2026-01-31,30,5,1,VM-102,prod-1,Nitro Cold Brew,Coffee & Tea,28
2026-01-31,30,5,1,VM-102,prod-2,Matcha Green Tea Latte,Coffee & Tea,20
2026-01-31,30,5,1,VM-102,prod-3,Electrolyte Spark Hydration,Hydration,24
2026-01-31,30,5,1,VM-102,prod-4,Dark Chocolate Almond Bar,Snacks,25
2026-01-31,30,5,1,VM-102,prod-5,Dragonfruit Sparkling Water,Hydration,17
2026-01-31,30,5,1,VM-102,prod-6,Organic Protein Crunch Bar,Snacks,19
2026-01-31,30,5,1,VM-102,prod-7,Detox Green Juice,Fresh Juices,18
2026-01-31,30,5,1,VM-102,prod-8,Mango Passion Kombucha,Fresh Juices,28
2026-01-31,30,5,1,VM-103,prod-1,Nitro Cold Brew,Coffee & Tea,18
2026-01-31,30,5,1,VM-103,prod-2,Matcha Green Tea Latte,Coffee & Tea,36
2026-01-31,30,5,1,VM-103,prod-3,Electrolyte Spark Hydration,Hydration,14
2026-01-31,30,5,1,VM-103,prod-4,Dark Chocolate Almond Bar,Snacks,33
2026-01-31,30,5,1,VM-103,prod-5,Dragonfruit Sparkling Water,Hydration,11
2026-01-31,30,5,1,VM-103,prod-6,Organic Protein Crunch Bar,Snacks,16
2026-01-31,30,5,1,VM-103,prod-7,Detox Green Juice,Fresh Juices,17
2026-01-31,30,5,1,VM-103,prod-8,Mango Passion Kombucha,Fresh Juices,21
2026-01-31,30,5,1,VM-104,prod-1,Nitro Cold Brew,Coffee & Tea,19
2026-01-31,30,5,1,VM-104,prod-2,Matcha Green Tea Latte,Coffee & Tea,25
2026-01-31,30,5,1,VM-104,prod-3,Electrolyte Spark Hydration,Hydration,29
2026-01-31,30,5,1,VM-104,prod-4,Dark Chocolate Almond Bar,Snacks,41
2026-01-31,30,5,1,VM-104,prod-5,Dragonfruit Sparkling Water,Hydration,6
2026-01-31,30,5,1,VM-104,prod-6,Organic Protein Crunch Bar,Snacks,8
2026-01-31,30,5,1,VM-104,prod-7,Detox Green Juice,Fresh Juices,13
2026-01-31,30,5,1,VM-104,prod-8,Mango Passion Kombucha,Fresh Juices,24
2026-01-31,30,5,1,VM-105,prod-1,Nitro Cold Brew,Coffee & Tea,17
2026-01-31,30,5,1,VM-105,prod-2,Matcha Green Tea Latte,Coffee & Tea,16
2026-01-31,30,5,1,VM-105,prod-3,Electrolyte Spark Hydration,Hydration,7
2026-01-31,30,5,1,VM-105,prod-4,Dark Chocolate Almond Bar,Snacks,32
2026-01-31,30,5,1,VM-105,prod-5,Dragonfruit Sparkling Water,Hydration,9
2026-01-31,30,5,1,VM-105,prod-6,Organic Protein Crunch Bar,Snacks,29
2026-01-31,30,5,1,VM-105,prod-7,Detox Green Juice,Fresh Juices,13
2026-01-31,30,5,1,VM-105,prod-8,Mango Passion Kombucha,Fresh Juices,15
2026-01-31,30,5,1,VM-106,prod-1,Nitro Cold Brew,Coffee & Tea,27
2026-01-31,30,5,1,VM-106,prod-2,Matcha Green Tea Latte,Coffee & Tea,16
2026-01-31,30,5,1,VM-106,prod-3,Electrolyte Spark Hydration,Hydration,11
2026-01-31,30,5,1,VM-106,prod-4,Dark Chocolate Almond Bar,Snacks,31
2026-01-31,30,5,1,VM-106,prod-5,Dragonfruit Sparkling Water,Hydration,16
2026-01-31,30,5,1,VM-106,prod-6,Organic Protein Crunch Bar,Snacks,16
2026-01-31,30,5,1,VM-106,prod-7,Detox Green Juice,Fresh Juices,18
2026-01-31,30,5,1,VM-106,prod-8,Mango Passion Kombucha,Fresh Juices,22
2026-01-31,30,5,1,VM-107,prod-1,Nitro Cold Brew,Coffee & Tea,24
2026-01-31,30,5,1,VM-107,prod-2,Matcha Green Tea Latte,Coffee & Tea,8
2026-01-31,30,5,1,VM-107,prod-3,Electrolyte Spark Hydration,Hydration,9
2026-01-31,30,5,1,VM-107,prod-4,Dark Chocolate Almond Bar,Snacks,23
2026-01-31,30,5,1,VM-107,prod-5,Dragonfruit Sparkling Water,Hydration,26
2026-01-31,30,5,1,VM-107,prod-6,Organic Protein Crunch Bar,Snacks,16
2026-01-31,30,5,1,VM-107,prod-7,Detox Green Juice,Fresh Juices,9
2026-01-31,30,5,1,VM-107,prod-8,Mango Passion Kombucha,Fresh Juices,15
2026-01-31,30,5,1,VM-108,prod-1,Nitro Cold Brew,Coffee & Tea,35
2026-01-31,30,5,1,VM-108,prod-2,Matcha Green Tea Latte,Coffee & Tea,29
2026-01-31,30,5,1,VM-108,prod-3,Electrolyte Spark Hydration,Hydration,22
2026-01-31,30,5,1,VM-108,prod-4,Dark Chocolate Almond Bar,Snacks,38
2026-01-31,30,5,1,VM-108,prod-5,Dragonfruit Sparkling Water,Hydration,19
2026-01-31,30,5,1,VM-108,prod-6,Organic Protein Crunch Bar,Snacks,19
2026-01-31,30,5,1,VM-108,prod-7,Detox Green Juice,Fresh Juices,10
2026-01-31,30,5,1,VM-108,prod-8,Mango Passion Kombucha,Fresh Juices,22
2026-01-31,30,5,1,VM-109,prod-1,Nitro Cold Brew,Coffee & Tea,11
2026-01-31,30,5,1,VM-109,prod-2,Matcha Green Tea Latte,Coffee & Tea,17
2026-01-31,30,5,1,VM-109,prod-3,Electrolyte Spark Hydration,Hydration,9
2026-01-31,30,5,1,VM-109,prod-4,Dark Chocolate Almond Bar,Snacks,36
2026-01-31,30,5,1,VM-109,prod-5,Dragonfruit Sparkling Water,Hydration,18
2026-01-31,30,5,1,VM-109,prod-6,Organic Protein Crunch Bar,Snacks,18
2026-01-31,30,5,1,VM-109,prod-7,Detox Green Juice,Fresh Juices,18
2026-01-31,30,5,1,VM-109,prod-8,Mango Passion Kombucha,Fresh Juices,17
2026-01-31,30,5,1,VM-110,prod-1,Nitro Cold Brew,Coffee & Tea,20
2026-01-31,30,5,1,VM-110,prod-2,Matcha Green Tea Latte,Coffee & Tea,14
2026-01-31,30,5,1,VM-110,prod-3,Electrolyte Spark Hydration,Hydration,8
2026-01-31,30,5,1,VM-110,prod-4,Dark Chocolate Almond Bar,Snacks,37
2026-01-31,30,5,1,VM-110,prod-5,Dragonfruit Sparkling Water,Hydration,11
2026-01-31,30,5,1,VM-110,prod-6,Organic Protein Crunch Bar,Snacks,27
2026-01-31,30,5,1,VM-110,prod-7,Detox Green Juice,Fresh Juices,11
2026-01-31,30,5,1,VM-110,prod-8,Mango Passion Kombucha,Fresh Juices,16
2026-02-01,31,6,1,VM-101,prod-1,Nitro Cold Brew,Coffee & Tea,18
2026-02-01,31,6,1,VM-101,prod-2,Matcha Green Tea Latte,Coffee & Tea,16
2026-02-01,31,6,1,VM-101,prod-3,Electrolyte Spark Hydration,Hydration,8
2026-02-01,31,6,1,VM-101,prod-4,Dark Chocolate Almond Bar,Snacks,16
2026-02-01,31,6,1,VM-101,prod-5,Dragonfruit Sparkling Water,Hydration,12
2026-02-01,31,6,1,VM-101,prod-6,Organic Protein Crunch Bar,Snacks,8
2026-02-01,31,6,1,VM-101,prod-7,Detox Green Juice,Fresh Juices,16
2026-02-01,31,6,1,VM-101,prod-8,Mango Passion Kombucha,Fresh Juices,12
2026-02-01,31,6,1,VM-102,prod-1,Nitro Cold Brew,Coffee & Tea,25
2026-02-01,31,6,1,VM-102,prod-2,Matcha Green Tea Latte,Coffee & Tea,16
2026-02-01,31,6,1,VM-102,prod-3,Electrolyte Spark Hydration,Hydration,18
2026-02-01,31,6,1,VM-102,prod-4,Dark Chocolate Almond Bar,Snacks,25
2026-02-01,31,6,1,VM-102,prod-5,Dragonfruit Sparkling Water,Hydration,17
2026-02-01,31,6,1,VM-102,prod-6,Organic Protein Crunch Bar,Snacks,18
2026-02-01,31,6,1,VM-102,prod-7,Detox Green Juice,Fresh Juices,12
2026-02-01,31,6,1,VM-102,prod-8,Mango Passion Kombucha,Fresh Juices,21
2026-02-01,31,6,1,VM-103,prod-1,Nitro Cold Brew,Coffee & Tea,20
2026-02-01,31,6,1,VM-103,prod-2,Matcha Green Tea Latte,Coffee & Tea,38
2026-02-01,31,6,1,VM-103,prod-3,Electrolyte Spark Hydration,Hydration,15
2026-02-01,31,6,1,VM-103,prod-4,Dark Chocolate Almond Bar,Snacks,39
2026-02-01,31,6,1,VM-103,prod-5,Dragonfruit Sparkling Water,Hydration,10
2026-02-01,31,6,1,VM-103,prod-6,Organic Protein Crunch Bar,Snacks,18
2026-02-01,31,6,1,VM-103,prod-7,Detox Green Juice,Fresh Juices,12
2026-02-01,31,6,1,VM-103,prod-8,Mango Passion Kombucha,Fresh Juices,14
2026-02-01,31,6,1,VM-104,prod-1,Nitro Cold Brew,Coffee & Tea,25
2026-02-01,31,6,1,VM-104,prod-2,Matcha Green Tea Latte,Coffee & Tea,26
2026-02-01,31,6,1,VM-104,prod-3,Electrolyte Spark Hydration,Hydration,20
2026-02-01,31,6,1,VM-104,prod-4,Dark Chocolate Almond Bar,Snacks,24
2026-02-01,31,6,1,VM-104,prod-5,Dragonfruit Sparkling Water,Hydration,7
2026-02-01,31,6,1,VM-104,prod-6,Organic Protein Crunch Bar,Snacks,10
2026-02-01,31,6,1,VM-104,prod-7,Detox Green Juice,Fresh Juices,9
2026-02-01,31,6,1,VM-104,prod-8,Mango Passion Kombucha,Fresh Juices,20
2026-02-01,31,6,1,VM-105,prod-1,Nitro Cold Brew,Coffee & Tea,21
2026-02-01,31,6,1,VM-105,prod-2,Matcha Green Tea Latte,Coffee & Tea,14
2026-02-01,31,6,1,VM-105,prod-3,Electrolyte Spark Hydration,Hydration,10
2026-02-01,31,6,1,VM-105,prod-4,Dark Chocolate Almond Bar,Snacks,31
2026-02-01,31,6,1,VM-105,prod-5,Dragonfruit Sparkling Water,Hydration,6
2026-02-01,31,6,1,VM-105,prod-6,Organic Protein Crunch Bar,Snacks,23
2026-02-01,31,6,1,VM-105,prod-7,Detox Green Juice,Fresh Juices,16
2026-02-01,31,6,1,VM-105,prod-8,Mango Passion Kombucha,Fresh Juices,12
2026-02-01,31,6,1,VM-106,prod-1,Nitro Cold Brew,Coffee & Tea,24
2026-02-01,31,6,1,VM-106,prod-2,Matcha Green Tea Latte,Coffee & Tea,12
2026-02-01,31,6,1,VM-106,prod-3,Electrolyte Spark Hydration,Hydration,9
2026-02-01,31,6,1,VM-106,prod-4,Dark Chocolate Almond Bar,Snacks,25
2026-02-01,31,6,1,VM-106,prod-5,Dragonfruit Sparkling Water,Hydration,15
2026-02-01,31,6,1,VM-106,prod-6,Organic Protein Crunch Bar,Snacks,10
2026-02-01,31,6,1,VM-106,prod-7,Detox Green Juice,Fresh Juices,14
2026-02-01,31,6,1,VM-106,prod-8,Mango Passion Kombucha,Fresh Juices,22
2026-02-01,31,6,1,VM-107,prod-1,Nitro Cold Brew,Coffee & Tea,18
2026-02-01,31,6,1,VM-107,prod-2,Matcha Green Tea Latte,Coffee & Tea,11
2026-02-01,31,6,1,VM-107,prod-3,Electrolyte Spark Hydration,Hydration,9
2026-02-01,31,6,1,VM-107,prod-4,Dark Chocolate Almond Bar,Snacks,23
2026-02-01,31,6,1,VM-107,prod-5,Dragonfruit Sparkling Water,Hydration,14
2026-02-01,31,6,1,VM-107,prod-6,Organic Protein Crunch Bar,Snacks,19
2026-02-01,31,6,1,VM-107,prod-7,Detox Green Juice,Fresh Juices,5
2026-02-01,31,6,1,VM-107,prod-8,Mango Passion Kombucha,Fresh Juices,13
2026-02-01,31,6,1,VM-108,prod-1,Nitro Cold Brew,Coffee & Tea,30
2026-02-01,31,6,1,VM-108,prod-2,Matcha Green Tea Latte,Coffee & Tea,21
2026-02-01,31,6,1,VM-108,prod-3,Electrolyte Spark Hydration,Hydration,14
2026-02-01,31,6,1,VM-108,prod-4,Dark Chocolate Almond Bar,Snacks,27
2026-02-01,31,6,1,VM-108,prod-5,Dragonfruit Sparkling Water,Hydration,18
2026-02-01,31,6,1,VM-108,prod-6,Organic Protein Crunch Bar,Snacks,12
2026-02-01,31,6,1,VM-108,prod-7,Detox Green Juice,Fresh Juices,8
2026-02-01,31,6,1,VM-108,prod-8,Mango Passion Kombucha,Fresh Juices,16
2026-02-01,31,6,1,VM-109,prod-1,Nitro Cold Brew,Coffee & Tea,14
2026-02-01,31,6,1,VM-109,prod-2,Matcha Green Tea Latte,Coffee & Tea,12
2026-02-01,31,6,1,VM-109,prod-3,Electrolyte Spark Hydration,Hydration,9
2026-02-01,31,6,1,VM-109,prod-4,Dark Chocolate Almond Bar,Snacks,34
2026-02-01,31,6,1,VM-109,prod-5,Dragonfruit Sparkling Water,Hydration,11
2026-02-01,31,6,1,VM-109,prod-6,Organic Protein Crunch Bar,Snacks,18
2026-02-01,31,6,1,VM-109,prod-7,Detox Green Juice,Fresh Juices,16
2026-02-01,31,6,1,VM-109,prod-8,Mango Passion Kombucha,Fresh Juices,14
2026-02-01,31,6,1,VM-110,prod-1,Nitro Cold Brew,Coffee & Tea,13
2026-02-01,31,6,1,VM-110,prod-2,Matcha Green Tea Latte,Coffee & Tea,13
2026-02-01,31,6,1,VM-110,prod-3,Electrolyte Spark Hydration,Hydration,8
2026-02-01,31,6,1,VM-110,prod-4,Dark Chocolate Almond Bar,Snacks,23
2026-02-01,31,6,1,VM-110,prod-5,Dragonfruit Sparkling Water,Hydration,8
2026-02-01,31,6,1,VM-110,prod-6,Organic Protein Crunch Bar,Snacks,24
2026-02-01,31,6,1,VM-110,prod-7,Detox Green Juice,Fresh Juices,15
2026-02-01,31,6,1,VM-110,prod-8,Mango Passion Kombucha,Fresh Juices,12
2026-02-02,32,0,0,VM-101,prod-1,Nitro Cold Brew,Coffee & Tea,14
2026-02-02,32,0,0,VM-101,prod-2,Matcha Green Tea Latte,Coffee & Tea,16
2026-02-02,32,0,0,VM-101,prod-3,Electrolyte Spark Hydration,Hydration,7
2026-02-02,32,0,0,VM-101,prod-4,Dark Chocolate Almond Bar,Snacks,13
2026-02-02,32,0,0,VM-101,prod-5,Dragonfruit Sparkling Water,Hydration,11
2026-02-02,32,0,0,VM-101,prod-6,Organic Protein Crunch Bar,Snacks,6
2026-02-02,32,0,0,VM-101,prod-7,Detox Green Juice,Fresh Juices,11
2026-02-02,32,0,0,VM-101,prod-8,Mango Passion Kombucha,Fresh Juices,8
2026-02-02,32,0,0,VM-102,prod-1,Nitro Cold Brew,Coffee & Tea,14
2026-02-02,32,0,0,VM-102,prod-2,Matcha Green Tea Latte,Coffee & Tea,14
2026-02-02,32,0,0,VM-102,prod-3,Electrolyte Spark Hydration,Hydration,14
2026-02-02,32,0,0,VM-102,prod-4,Dark Chocolate Almond Bar,Snacks,18
2026-02-02,32,0,0,VM-102,prod-5,Dragonfruit Sparkling Water,Hydration,12
2026-02-02,32,0,0,VM-102,prod-6,Organic Protein Crunch Bar,Snacks,15
2026-02-02,32,0,0,VM-102,prod-7,Detox Green Juice,Fresh Juices,12
2026-02-02,32,0,0,VM-102,prod-8,Mango Passion Kombucha,Fresh Juices,12
2026-02-02,32,0,0,VM-103,prod-1,Nitro Cold Brew,Coffee & Tea,15
2026-02-02,32,0,0,VM-103,prod-2,Matcha Green Tea Latte,Coffee & Tea,27
2026-02-02,32,0,0,VM-103,prod-3,Electrolyte Spark Hydration,Hydration,10
2026-02-02,32,0,0,VM-103,prod-4,Dark Chocolate Almond Bar,Snacks,30
2026-02-02,32,0,0,VM-103,prod-5,Dragonfruit Sparkling Water,Hydration,9
2026-02-02,32,0,0,VM-103,prod-6,Organic Protein Crunch Bar,Snacks,13
2026-02-02,32,0,0,VM-103,prod-7,Detox Green Juice,Fresh Juices,8
2026-02-02,32,0,0,VM-103,prod-8,Mango Passion Kombucha,Fresh Juices,14
2026-02-02,32,0,0,VM-104,prod-1,Nitro Cold Brew,Coffee & Tea,15
2026-02-02,32,0,0,VM-104,prod-2,Matcha Green Tea Latte,Coffee & Tea,18
2026-02-02,32,0,0,VM-104,prod-3,Electrolyte Spark Hydration,Hydration,15
2026-02-02,32,0,0,VM-104,prod-4,Dark Chocolate Almond Bar,Snacks,24
2026-02-02,32,0,0,VM-104,prod-5,Dragonfruit Sparkling Water,Hydration,4
2026-02-02,32,0,0,VM-104,prod-6,Organic Protein Crunch Bar,Snacks,9
2026-02-02,32,0,0,VM-104,prod-7,Detox Green Juice,Fresh Juices,7
2026-02-02,32,0,0,VM-104,prod-8,Mango Passion Kombucha,Fresh Juices,11
2026-02-02,32,0,0,VM-105,prod-1,Nitro Cold Brew,Coffee & Tea,13
2026-02-02,32,0,0,VM-105,prod-2,Matcha Green Tea Latte,Coffee & Tea,6
2026-02-02,32,0,0,VM-105,prod-3,Electrolyte Spark Hydration,Hydration,8
2026-02-02,32,0,0,VM-105,prod-4,Dark Chocolate Almond Bar,Snacks,23
2026-02-02,32,0,0,VM-105,prod-5,Dragonfruit Sparkling Water,Hydration,5
2026-02-02,32,0,0,VM-105,prod-6,Organic Protein Crunch Bar,Snacks,16
2026-02-02,32,0,0,VM-105,prod-7,Detox Green Juice,Fresh Juices,12
2026-02-02,32,0,0,VM-105,prod-8,Mango Passion Kombucha,Fresh Juices,8
2026-02-02,32,0,0,VM-106,prod-1,Nitro Cold Brew,Coffee & Tea,17
2026-02-02,32,0,0,VM-106,prod-2,Matcha Green Tea Latte,Coffee & Tea,12
2026-02-02,32,0,0,VM-106,prod-3,Electrolyte Spark Hydration,Hydration,11
2026-02-02,32,0,0,VM-106,prod-4,Dark Chocolate Almond Bar,Snacks,21
2026-02-02,32,0,0,VM-106,prod-5,Dragonfruit Sparkling Water,Hydration,14
2026-02-02,32,0,0,VM-106,prod-6,Organic Protein Crunch Bar,Snacks,11
2026-02-02,32,0,0,VM-106,prod-7,Detox Green Juice,Fresh Juices,9
2026-02-02,32,0,0,VM-106,prod-8,Mango Passion Kombucha,Fresh Juices,13
2026-02-02,32,0,0,VM-107,prod-1,Nitro Cold Brew,Coffee & Tea,18
2026-02-02,32,0,0,VM-107,prod-2,Matcha Green Tea Latte,Coffee & Tea,8
2026-02-02,32,0,0,VM-107,prod-3,Electrolyte Spark Hydration,Hydration,7
2026-02-02,32,0,0,VM-107,prod-4,Dark Chocolate Almond Bar,Snacks,13
2026-02-02,32,0,0,VM-107,prod-5,Dragonfruit Sparkling Water,Hydration,15
2026-02-02,32,0,0,VM-107,prod-6,Organic Protein Crunch Bar,Snacks,12
2026-02-02,32,0,0,VM-107,prod-7,Detox Green Juice,Fresh Juices,4
2026-02-02,32,0,0,VM-107,prod-8,Mango Passion Kombucha,Fresh Juices,9
2026-02-02,32,0,0,VM-108,prod-1,Nitro Cold Brew,Coffee & Tea,26
2026-02-02,32,0,0,VM-108,prod-2,Matcha Green Tea Latte,Coffee & Tea,16
2026-02-02,32,0,0,VM-108,prod-3,Electrolyte Spark Hydration,Hydration,14
2026-02-02,32,0,0,VM-108,prod-4,Dark Chocolate Almond Bar,Snacks,24
2026-02-02,32,0,0,VM-108,prod-5,Dragonfruit Sparkling Water,Hydration,12
2026-02-02,32,0,0,VM-108,prod-6,Organic Protein Crunch Bar,Snacks,11
2026-02-02,32,0,0,VM-108,prod-7,Detox Green Juice,Fresh Juices,3
2026-02-02,32,0,0,VM-108,prod-8,Mango Passion Kombucha,Fresh Juices,15
2026-02-02,32,0,0,VM-109,prod-1,Nitro Cold Brew,Coffee & Tea,9
2026-02-02,32,0,0,VM-109,prod-2,Matcha Green Tea Latte,Coffee & Tea,9
2026-02-02,32,0,0,VM-109,prod-3,Electrolyte Spark Hydration,Hydration,7
2026-02-02,32,0,0,VM-109,prod-4,Dark Chocolate Almond Bar,Snacks,22
2026-02-02,32,0,0,VM-109,prod-5,Dragonfruit Sparkling Water,Hydration,12
2026-02-02,32,0,0,VM-109,prod-6,Organic Protein Crunch Bar,Snacks,15
2026-02-02,32,0,0,VM-109,prod-7,Detox Green Juice,Fresh Juices,11
2026-02-02,32,0,0,VM-109,prod-8,Mango Passion Kombucha,Fresh Juices,11
2026-02-02,32,0,0,VM-110,prod-1,Nitro Cold Brew,Coffee & Tea,11
2026-02-02,32,0,0,VM-110,prod-2,Matcha Green Tea Latte,Coffee & Tea,12
2026-02-02,32,0,0,VM-110,prod-3,Electrolyte Spark Hydration,Hydration,6
2026-02-02,32,0,0,VM-110,prod-4,Dark Chocolate Almond Bar,Snacks,20
2026-02-02,32,0,0,VM-110,prod-5,Dragonfruit Sparkling Water,Hydration,5
2026-02-02,32,0,0,VM-110,prod-6,Organic Protein Crunch Bar,Snacks,20
2026-02-02,32,0,0,VM-110,prod-7,Detox Green Juice,Fresh Juices,11
2026-02-02,32,0,0,VM-110,prod-8,Mango Passion Kombucha,Fresh Juices,8
2026-02-03,33,1,0,VM-101,prod-1,Nitro Cold Brew,Coffee & Tea,18
2026-02-03,33,1,0,VM-101,prod-2,Matcha Green Tea Latte,Coffee & Tea,15
2026-02-03,33,1,0,VM-101,prod-3,Electrolyte Spark Hydration,Hydration,7
2026-02-03,33,1,0,VM-101,prod-4,Dark Chocolate Almond Bar,Snacks,15
2026-02-03,33,1,0,VM-101,prod-5,Dragonfruit Sparkling Water,Hydration,11
2026-02-03,33,1,0,VM-101,prod-6,Organic Protein Crunch Bar,Snacks,10
2026-02-03,33,1,0,VM-101,prod-7,Detox Green Juice,Fresh Juices,10
2026-02-03,33,1,0,VM-101,prod-8,Mango Passion Kombucha,Fresh Juices,8
2026-02-03,33,1,0,VM-102,prod-1,Nitro Cold Brew,Coffee & Tea,18
2026-02-03,33,1,0,VM-102,prod-2,Matcha Green Tea Latte,Coffee & Tea,14
2026-02-03,33,1,0,VM-102,prod-3,Electrolyte Spark Hydration,Hydration,15
2026-02-03,33,1,0,VM-102,prod-4,Dark Chocolate Almond Bar,Snacks,16
2026-02-03,33,1,0,VM-102,prod-5,Dragonfruit Sparkling Water,Hydration,12
2026-02-03,33,1,0,VM-102,prod-6,Organic Protein Crunch Bar,Snacks,13
2026-02-03,33,1,0,VM-102,prod-7,Detox Green Juice,Fresh Juices,11
2026-02-03,33,1,0,VM-102,prod-8,Mango Passion Kombucha,Fresh Juices,16
2026-02-03,33,1,0,VM-103,prod-1,Nitro Cold Brew,Coffee & Tea,15
2026-02-03,33,1,0,VM-103,prod-2,Matcha Green Tea Latte,Coffee & Tea,27
2026-02-03,33,1,0,VM-103,prod-3,Electrolyte Spark Hydration,Hydration,12
2026-02-03,33,1,0,VM-103,prod-4,Dark Chocolate Almond Bar,Snacks,26
2026-02-03,33,1,0,VM-103,prod-5,Dragonfruit Sparkling Water,Hydration,7
2026-02-03,33,1,0,VM-103,prod-6,Organic Protein Crunch Bar,Snacks,10
2026-02-03,33,1,0,VM-103,prod-7,Detox Green Juice,Fresh Juices,8
2026-02-03,33,1,0,VM-103,prod-8,Mango Passion Kombucha,Fresh Juices,13
2026-02-03,33,1,0,VM-104,prod-1,Nitro Cold Brew,Coffee & Tea,15
2026-02-03,33,1,0,VM-104,prod-2,Matcha Green Tea Latte,Coffee & Tea,16
2026-02-03,33,1,0,VM-104,prod-3,Electrolyte Spark Hydration,Hydration,17
2026-02-03,33,1,0,VM-104,prod-4,Dark Chocolate Almond Bar,Snacks,22
2026-02-03,33,1,0,VM-104,prod-5,Dragonfruit Sparkling Water,Hydration,6
2026-02-03,33,1,0,VM-104,prod-6,Organic Protein Crunch Bar,Snacks,7
2026-02-03,33,1,0,VM-104,prod-7,Detox Green Juice,Fresh Juices,7
2026-02-03,33,1,0,VM-104,prod-8,Mango Passion Kombucha,Fresh Juices,14
2026-02-03,33,1,0,VM-105,prod-1,Nitro Cold Brew,Coffee & Tea,14
2026-02-03,33,1,0,VM-105,prod-2,Matcha Green Tea Latte,Coffee & Tea,9
2026-02-03,33,1,0,VM-105,prod-3,Electrolyte Spark Hydration,Hydration,9
2026-02-03,33,1,0,VM-105,prod-4,Dark Chocolate Almond Bar,Snacks,17
2026-02-03,33,1,0,VM-105,prod-5,Dragonfruit Sparkling Water,Hydration,6
2026-02-03,33,1,0,VM-105,prod-6,Organic Protein Crunch Bar,Snacks,19
2026-02-03,33,1,0,VM-105,prod-7,Detox Green Juice,Fresh Juices,11
2026-02-03,33,1,0,VM-105,prod-8,Mango Passion Kombucha,Fresh Juices,14
2026-02-03,33,1,0,VM-106,prod-1,Nitro Cold Brew,Coffee & Tea,24
2026-02-03,33,1,0,VM-106,prod-2,Matcha Green Tea Latte,Coffee & Tea,9
2026-02-03,33,1,0,VM-106,prod-3,Electrolyte Spark Hydration,Hydration,9
2026-02-03,33,1,0,VM-106,prod-4,Dark Chocolate Almond Bar,Snacks,17
2026-02-03,33,1,0,VM-106,prod-5,Dragonfruit Sparkling Water,Hydration,13
2026-02-03,33,1,0,VM-106,prod-6,Organic Protein Crunch Bar,Snacks,9
2026-02-03,33,1,0,VM-106,prod-7,Detox Green Juice,Fresh Juices,13
2026-02-03,33,1,0,VM-106,prod-8,Mango Passion Kombucha,Fresh Juices,14
2026-02-03,33,1,0,VM-107,prod-1,Nitro Cold Brew,Coffee & Tea,17
2026-02-03,33,1,0,VM-107,prod-2,Matcha Green Tea Latte,Coffee & Tea,7
2026-02-03,33,1,0,VM-107,prod-3,Electrolyte Spark Hydration,Hydration,8
2026-02-03,33,1,0,VM-107,prod-4,Dark Chocolate Almond Bar,Snacks,16
2026-02-03,33,1,0,VM-107,prod-5,Dragonfruit Sparkling Water,Hydration,17
2026-02-03,33,1,0,VM-107,prod-6,Organic Protein Crunch Bar,Snacks,16
2026-02-03,33,1,0,VM-107,prod-7,Detox Green Juice,Fresh Juices,6
2026-02-03,33,1,0,VM-107,prod-8,Mango Passion Kombucha,Fresh Juices,10
2026-02-03,33,1,0,VM-108,prod-1,Nitro Cold Brew,Coffee & Tea,25
2026-02-03,33,1,0,VM-108,prod-2,Matcha Green Tea Latte,Coffee & Tea,11
2026-02-03,33,1,0,VM-108,prod-3,Electrolyte Spark Hydration,Hydration,14
2026-02-03,33,1,0,VM-108,prod-4,Dark Chocolate Almond Bar,Snacks,29
2026-02-03,33,1,0,VM-108,prod-5,Dragonfruit Sparkling Water,Hydration,14
2026-02-03,33,1,0,VM-108,prod-6,Organic Protein Crunch Bar,Snacks,9
2026-02-03,33,1,0,VM-108,prod-7,Detox Green Juice,Fresh Juices,6
2026-02-03,33,1,0,VM-108,prod-8,Mango Passion Kombucha,Fresh Juices,22
2026-02-03,33,1,0,VM-109,prod-1,Nitro Cold Brew,Coffee & Tea,12
2026-02-03,33,1,0,VM-109,prod-2,Matcha Green Tea Latte,Coffee & Tea,12
2026-02-03,33,1,0,VM-109,prod-3,Electrolyte Spark Hydration,Hydration,8
2026-02-03,33,1,0,VM-109,prod-4,Dark Chocolate Almond Bar,Snacks,24
2026-02-03,33,1,0,VM-109,prod-5,Dragonfruit Sparkling Water,Hydration,8
2026-02-03,33,1,0,VM-109,prod-6,Organic Protein Crunch Bar,Snacks,12
2026-02-03,33,1,0,VM-109,prod-7,Detox Green Juice,Fresh Juices,16
2026-02-03,33,1,0,VM-109,prod-8,Mango Passion Kombucha,Fresh Juices,12
2026-02-03,33,1,0,VM-110,prod-1,Nitro Cold Brew,Coffee & Tea,12
2026-02-03,33,1,0,VM-110,prod-2,Matcha Green Tea Latte,Coffee & Tea,14
2026-02-03,33,1,0,VM-110,prod-3,Electrolyte Spark Hydration,Hydration,8
2026-02-03,33,1,0,VM-110,prod-4,Dark Chocolate Almond Bar,Snacks,31
2026-02-03,33,1,0,VM-110,prod-5,Dragonfruit Sparkling Water,Hydration,9
2026-02-03,33,1,0,VM-110,prod-6,Organic Protein Crunch Bar,Snacks,20
2026-02-03,33,1,0,VM-110,prod-7,Detox Green Juice,Fresh Juices,12
2026-02-03,33,1,0,VM-110,prod-8,Mango Passion Kombucha,Fresh Juices,8
2026-02-04,34,2,0,VM-101,prod-1,Nitro Cold Brew,Coffee & Tea,21
2026-02-04,34,2,0,VM-101,prod-2,Matcha Green Tea Latte,Coffee & Tea,14
2026-02-04,34,2,0,VM-101,prod-3,Electrolyte Spark Hydration,Hydration,8
2026-02-04,34,2,0,VM-101,prod-4,Dark Chocolate Almond Bar,Snacks,12
2026-02-04,34,2,0,VM-101,prod-5,Dragonfruit Sparkling Water,Hydration,11
2026-02-04,34,2,0,VM-101,prod-6,Organic Protein Crunch Bar,Snacks,9
2026-02-04,34,2,0,VM-101,prod-7,Detox Green Juice,Fresh Juices,11
2026-02-04,34,2,0,VM-101,prod-8,Mango Passion Kombucha,Fresh Juices,8
2026-02-04,34,2,0,VM-102,prod-1,Nitro Cold Brew,Coffee & Tea,18
2026-02-04,34,2,0,VM-102,prod-2,Matcha Green Tea Latte,Coffee & Tea,19
2026-02-04,34,2,0,VM-102,prod-3,Electrolyte Spark Hydration,Hydration,14
2026-02-04,34,2,0,VM-102,prod-4,Dark Chocolate Almond Bar,Snacks,22
2026-02-04,34,2,0,VM-102,prod-5,Dragonfruit Sparkling Water,Hydration,16
2026-02-04,34,2,0,VM-102,prod-6,Organic Protein Crunch Bar,Snacks,13
2026-02-04,34,2,0,VM-102,prod-7,Detox Green Juice,Fresh Juices,10
2026-02-04,34,2,0,VM-102,prod-8,Mango Passion Kombucha,Fresh Juices,17
2026-02-04,34,2,0,VM-103,prod-1,Nitro Cold Brew,Coffee & Tea,19
2026-02-04,34,2,0,VM-103,prod-2,Matcha Green Tea Latte,Coffee & Tea,28
2026-02-04,34,2,0,VM-103,prod-3,Electrolyte Spark Hydration,Hydration,11
2026-02-04,34,2,0,VM-103,prod-4,Dark Chocolate Almond Bar,Snacks,32
2026-02-04,34,2,0,VM-103,prod-5,Dragonfruit Sparkling Water,Hydration,7
2026-02-04,34,2,0,VM-103,prod-6,Organic Protein Crunch Bar,Snacks,14
2026-02-04,34,2,0,VM-103,prod-7,Detox Green Juice,Fresh Juices,10
2026-02-04,34,2,0,VM-103,prod-8,Mango Passion Kombucha,Fresh Juices,14
2026-02-04,34,2,0,VM-104,prod-1,Nitro Cold Brew,Coffee & Tea,15
2026-02-04,34,2,0,VM-104,prod-2,Matcha Green Tea Latte,Coffee & Tea,18
2026-02-04,34,2,0,VM-104,prod-3,Electrolyte Spark Hydration,Hydration,20
2026-02-04,34,2,0,VM-104,prod-4,Dark Chocolate Almond Bar,Snacks,27
2026-02-04,34,2,0,VM-104,prod-5,Dragonfruit Sparkling Water,Hydration,5
2026-02-04,34,2,0,VM-104,prod-6,Organic Protein Crunch Bar,Snacks,9
2026-02-04,34,2,0,VM-104,prod-7,Detox Green Juice,Fresh Juices,5
2026-02-04,34,2,0,VM-104,prod-8,Mango Passion Kombucha,Fresh Juices,15
2026-02-04,34,2,0,VM-105,prod-1,Nitro Cold Brew,Coffee & Tea,15
2026-02-04,34,2,0,VM-105,prod-2,Matcha Green Tea Latte,Coffee & Tea,9
2026-02-04,34,2,0,VM-105,prod-3,Electrolyte Spark Hydration,Hydration,7
2026-02-04,34,2,0,VM-105,prod-4,Dark Chocolate Almond Bar,Snacks,21
2026-02-04,34,2,0,VM-105,prod-5,Dragonfruit Sparkling Water,Hydration,7
2026-02-04,34,2,0,VM-105,prod-6,Organic Protein Crunch Bar,Snacks,18
2026-02-04,34,2,0,VM-105,prod-7,Detox Green Juice,Fresh Juices,7
2026-02-04,34,2,0,VM-105,prod-8,Mango Passion Kombucha,Fresh Juices,7
2026-02-04,34,2,0,VM-106,prod-1,Nitro Cold Brew,Coffee & Tea,21
2026-02-04,34,2,0,VM-106,prod-2,Matcha Green Tea Latte,Coffee & Tea,12
2026-02-04,34,2,0,VM-106,prod-3,Electrolyte Spark Hydration,Hydration,6
2026-02-04,34,2,0,VM-106,prod-4,Dark Chocolate Almond Bar,Snacks,23
2026-02-04,34,2,0,VM-106,prod-5,Dragonfruit Sparkling Water,Hydration,13
2026-02-04,34,2,0,VM-106,prod-6,Organic Protein Crunch Bar,Snacks,13
2026-02-04,34,2,0,VM-106,prod-7,Detox Green Juice,Fresh Juices,11
2026-02-04,34,2,0,VM-106,prod-8,Mango Passion Kombucha,Fresh Juices,18
2026-02-04,34,2,0,VM-107,prod-1,Nitro Cold Brew,Coffee & Tea,18
2026-02-04,34,2,0,VM-107,prod-2,Matcha Green Tea Latte,Coffee & Tea,5
2026-02-04,34,2,0,VM-107,prod-3,Electrolyte Spark Hydration,Hydration,8
2026-02-04,34,2,0,VM-107,prod-4,Dark Chocolate Almond Bar,Snacks,18
2026-02-04,34,2,0,VM-107,prod-5,Dragonfruit Sparkling Water,Hydration,15
2026-02-04,34,2,0,VM-107,prod-6,Organic Protein Crunch Bar,Snacks,23
2026-02-04,34,2,0,VM-107,prod-7,Detox Green Juice,Fresh Juices,3
2026-02-04,34,2,0,VM-107,prod-8,Mango Passion Kombucha,Fresh Juices,12
2026-02-04,34,2,0,VM-108,prod-1,Nitro Cold Brew,Coffee & Tea,24
2026-02-04,34,2,0,VM-108,prod-2,Matcha Green Tea Latte,Coffee & Tea,18
2026-02-04,34,2,0,VM-108,prod-3,Electrolyte Spark Hydration,Hydration,15
2026-02-04,34,2,0,VM-108,prod-4,Dark Chocolate Almond Bar,Snacks,25
2026-02-04,34,2,0,VM-108,prod-5,Dragonfruit Sparkling Water,Hydration,13
2026-02-04,34,2,0,VM-108,prod-6,Organic Protein Crunch Bar,Snacks,12
2026-02-04,34,2,0,VM-108,prod-7,Detox Green Juice,Fresh Juices,5
2026-02-04,34,2,0,VM-108,prod-8,Mango Passion Kombucha,Fresh Juices,20
2026-02-04,34,2,0,VM-109,prod-1,Nitro Cold Brew,Coffee & Tea,10
2026-02-04,34,2,0,VM-109,prod-2,Matcha Green Tea Latte,Coffee & Tea,10
2026-02-04,34,2,0,VM-109,prod-3,Electrolyte Spark Hydration,Hydration,7
2026-02-04,34,2,0,VM-109,prod-4,Dark Chocolate Almond Bar,Snacks,32
2026-02-04,34,2,0,VM-109,prod-5,Dragonfruit Sparkling Water,Hydration,10
2026-02-04,34,2,0,VM-109,prod-6,Organic Protein Crunch Bar,Snacks,16
2026-02-04,34,2,0,VM-109,prod-7,Detox Green Juice,Fresh Juices,12
2026-02-04,34,2,0,VM-109,prod-8,Mango Passion Kombucha,Fresh Juices,14
2026-02-04,34,2,0,VM-110,prod-1,Nitro Cold Brew,Coffee & Tea,15
2026-02-04,34,2,0,VM-110,prod-2,Matcha Green Tea Latte,Coffee & Tea,20
2026-02-04,34,2,0,VM-110,prod-3,Electrolyte Spark Hydration,Hydration,6
2026-02-04,34,2,0,VM-110,prod-4,Dark Chocolate Almond Bar,Snacks,29
2026-02-04,34,2,0,VM-110,prod-5,Dragonfruit Sparkling Water,Hydration,7
2026-02-04,34,2,0,VM-110,prod-6,Organic Protein Crunch Bar,Snacks,26
2026-02-04,34,2,0,VM-110,prod-7,Detox Green Juice,Fresh Juices,11
2026-02-04,34,2,0,VM-110,prod-8,Mango Passion Kombucha,Fresh Juices,12
2026-02-05,35,3,0,VM-101,prod-1,Nitro Cold Brew,Coffee & Tea,18
2026-02-05,35,3,0,VM-101,prod-2,Matcha Green Tea Latte,Coffee & Tea,18
2026-02-05,35,3,0,VM-101,prod-3,Electrolyte Spark Hydration,Hydration,8
2026-02-05,35,3,0,VM-101,prod-4,Dark Chocolate Almond Bar,Snacks,16
2026-02-05,35,3,0,VM-101,prod-5,Dragonfruit Sparkling Water,Hydration,12
2026-02-05,35,3,0,VM-101,prod-6,Organic Protein Crunch Bar,Snacks,11
2026-02-05,35,3,0,VM-101,prod-7,Detox Green Juice,Fresh Juices,15
2026-02-05,35,3,0,VM-101,prod-8,Mango Passion Kombucha,Fresh Juices,10
2026-02-05,35,3,0,VM-102,prod-1,Nitro Cold Brew,Coffee & Tea,23
2026-02-05,35,3,0,VM-102,prod-2,Matcha Green Tea Latte,Coffee & Tea,16
2026-02-05,35,3,0,VM-102,prod-3,Electrolyte Spark Hydration,Hydration,15
2026-02-05,35,3,0,VM-102,prod-4,Dark Chocolate Almond Bar,Snacks,26
2026-02-05,35,3,0,VM-102,prod-5,Dragonfruit Sparkling Water,Hydration,17
2026-02-05,35,3,0,VM-102,prod-6,Organic Protein Crunch Bar,Snacks,19
2026-02-05,35,3,0,VM-102,prod-7,Detox Green Juice,Fresh Juices,11
2026-02-05,35,3,0,VM-102,prod-8,Mango Passion Kombucha,Fresh Juices,18
2026-02-05,35,3,0,VM-103,prod-1,Nitro Cold Brew,Coffee & Tea,13
2026-02-05,35,3,0,VM-103,prod-2,Matcha Green Tea Latte,Coffee & Tea,27
2026-02-05,35,3,0,VM-103,prod-3,Electrolyte Spark Hydration,Hydration,14
2026-02-05,35,3,0,VM-103,prod-4,Dark Chocolate Almond Bar,Snacks,29
2026-02-05,35,3,0,VM-103,prod-5,Dragonfruit Sparkling Water,Hydration,10
2026-02-05,35,3,0,VM-103,prod-6,Organic Protein Crunch Bar,Snacks,13
2026-02-05,35,3,0,VM-103,prod-7,Detox Green Juice,Fresh Juices,11
2026-02-05,35,3,0,VM-103,prod-8,Mango Passion Kombucha,Fresh Juices,13
2026-02-05,35,3,0,VM-104,prod-1,Nitro Cold Brew,Coffee & Tea,19
2026-02-05,35,3,0,VM-104,prod-2,Matcha Green Tea Latte,Coffee & Tea,12
2026-02-05,35,3,0,VM-104,prod-3,Electrolyte Spark Hydration,Hydration,19
2026-02-05,35,3,0,VM-104,prod-4,Dark Chocolate Almond Bar,Snacks,18
2026-02-05,35,3,0,VM-104,prod-5,Dragonfruit Sparkling Water,Hydration,7
2026-02-05,35,3,0,VM-104,prod-6,Organic Protein Crunch Bar,Snacks,10
2026-02-05,35,3,0,VM-104,prod-7,Detox Green Juice,Fresh Juices,9
2026-02-05,35,3,0,VM-104,prod-8,Mango Passion Kombucha,Fresh Juices,22
2026-02-05,35,3,0,VM-105,prod-1,Nitro Cold Brew,Coffee & Tea,13
2026-02-05,35,3,0,VM-105,prod-2,Matcha Green Tea Latte,Coffee & Tea,14
2026-02-05,35,3,0,VM-105,prod-3,Electrolyte Spark Hydration,Hydration,10
2026-02-05,35,3,0,VM-105,prod-4,Dark Chocolate Almond Bar,Snacks,24
2026-02-05,35,3,0,VM-105,prod-5,Dragonfruit Sparkling Water,Hydration,8
2026-02-05,35,3,0,VM-105,prod-6,Organic Protein Crunch Bar,Snacks,17
2026-02-05,35,3,0,VM-105,prod-7,Detox Green Juice,Fresh Juices,10
2026-02-05,35,3,0,VM-105,prod-8,Mango Passion Kombucha,Fresh Juices,10
2026-02-05,35,3,0,VM-106,prod-1,Nitro Cold Brew,Coffee & Tea,23
2026-02-05,35,3,0,VM-106,prod-2,Matcha Green Tea Latte,Coffee & Tea,10
2026-02-05,35,3,0,VM-106,prod-3,Electrolyte Spark Hydration,Hydration,12
2026-02-05,35,3,0,VM-106,prod-4,Dark Chocolate Almond Bar,Snacks,25
2026-02-05,35,3,0,VM-106,prod-5,Dragonfruit Sparkling Water,Hydration,16
2026-02-05,35,3,0,VM-106,prod-6,Organic Protein Crunch Bar,Snacks,10
2026-02-05,35,3,0,VM-106,prod-7,Detox Green Juice,Fresh Juices,9
2026-02-05,35,3,0,VM-106,prod-8,Mango Passion Kombucha,Fresh Juices,18
2026-02-05,35,3,0,VM-107,prod-1,Nitro Cold Brew,Coffee & Tea,13
2026-02-05,35,3,0,VM-107,prod-2,Matcha Green Tea Latte,Coffee & Tea,8
2026-02-05,35,3,0,VM-107,prod-3,Electrolyte Spark Hydration,Hydration,6
2026-02-05,35,3,0,VM-107,prod-4,Dark Chocolate Almond Bar,Snacks,24
2026-02-05,35,3,0,VM-107,prod-5,Dragonfruit Sparkling Water,Hydration,16
2026-02-05,35,3,0,VM-107,prod-6,Organic Protein Crunch Bar,Snacks,16
2026-02-05,35,3,0,VM-107,prod-7,Detox Green Juice,Fresh Juices,7
2026-02-05,35,3,0,VM-107,prod-8,Mango Passion Kombucha,Fresh Juices,9
2026-02-05,35,3,0,VM-108,prod-1,Nitro Cold Brew,Coffee & Tea,29
2026-02-05,35,3,0,VM-108,prod-2,Matcha Green Tea Latte,Coffee & Tea,18
2026-02-05,35,3,0,VM-108,prod-3,Electrolyte Spark Hydration,Hydration,17
2026-02-05,35,3,0,VM-108,prod-4,Dark Chocolate Almond Bar,Snacks,33
2026-02-05,35,3,0,VM-108,prod-5,Dragonfruit Sparkling Water,Hydration,17
2026-02-05,35,3,0,VM-108,prod-6,Organic Protein Crunch Bar,Snacks,13
2026-02-05,35,3,0,VM-108,prod-7,Detox Green Juice,Fresh Juices,5
2026-02-05,35,3,0,VM-108,prod-8,Mango Passion Kombucha,Fresh Juices,16
2026-02-05,35,3,0,VM-109,prod-1,Nitro Cold Brew,Coffee & Tea,11
2026-02-05,35,3,0,VM-109,prod-2,Matcha Green Tea Latte,Coffee & Tea,13
2026-02-05,35,3,0,VM-109,prod-3,Electrolyte Spark Hydration,Hydration,6
2026-02-05,35,3,0,VM-109,prod-4,Dark Chocolate Almond Bar,Snacks,39
2026-02-05,35,3,0,VM-109,prod-5,Dragonfruit Sparkling Water,Hydration,14
2026-02-05,35,3,0,VM-109,prod-6,Organic Protein Crunch Bar,Snacks,17
2026-02-05,35,3,0,VM-109,prod-7,Detox Green Juice,Fresh Juices,14
2026-02-05,35,3,0,VM-109,prod-8,Mango Passion Kombucha,Fresh Juices,13
2026-02-05,35,3,0,VM-110,prod-1,Nitro Cold Brew,Coffee & Tea,12
2026-02-05,35,3,0,VM-110,prod-2,Matcha Green Tea Latte,Coffee & Tea,17
2026-02-05,35,3,0,VM-110,prod-3,Electrolyte Spark Hydration,Hydration,7
2026-02-05,35,3,0,VM-110,prod-4,Dark Chocolate Almond Bar,Snacks,22
2026-02-05,35,3,0,VM-110,prod-5,Dragonfruit Sparkling Water,Hydration,7
2026-02-05,35,3,0,VM-110,prod-6,Organic Protein Crunch Bar,Snacks,22
2026-02-05,35,3,0,VM-110,prod-7,Detox Green Juice,Fresh Juices,9
2026-02-05,35,3,0,VM-110,prod-8,Mango Passion Kombucha,Fresh Juices,10
2026-02-06,36,4,0,VM-101,prod-1,Nitro Cold Brew,Coffee & Tea,21
2026-02-06,36,4,0,VM-101,prod-2,Matcha Green Tea Latte,Coffee & Tea,29
2026-02-06,36,4,0,VM-101,prod-3,Electrolyte Spark Hydration,Hydration,10
2026-02-06,36,4,0,VM-101,prod-4,Dark Chocolate Almond Bar,Snacks,15
2026-02-06,36,4,0,VM-101,prod-5,Dragonfruit Sparkling Water,Hydration,17
2026-02-06,36,4,0,VM-101,prod-6,Organic Protein Crunch Bar,Snacks,10
2026-02-06,36,4,0,VM-101,prod-7,Detox Green Juice,Fresh Juices,18
2026-02-06,36,4,0,VM-101,prod-8,Mango Passion Kombucha,Fresh Juices,10
2026-02-06,36,4,0,VM-102,prod-1,Nitro Cold Brew,Coffee & Tea,25
2026-02-06,36,4,0,VM-102,prod-2,Matcha Green Tea Latte,Coffee & Tea,26
2026-02-06,36,4,0,VM-102,prod-3,Electrolyte Spark Hydration,Hydration,17
2026-02-06,36,4,0,VM-102,prod-4,Dark Chocolate Almond Bar,Snacks,22
2026-02-06,36,4,0,VM-102,prod-5,Dragonfruit Sparkling Water,Hydration,17
2026-02-06,36,4,0,VM-102,prod-6,Organic Protein Crunch Bar,Snacks,22
2026-02-06,36,4,0,VM-102,prod-7,Detox Green Juice,Fresh Juices,12
2026-02-06,36,4,0,VM-102,prod-8,Mango Passion Kombucha,Fresh Juices,13
2026-02-06,36,4,0,VM-103,prod-1,Nitro Cold Brew,Coffee & Tea,20
2026-02-06,36,4,0,VM-103,prod-2,Matcha Green Tea Latte,Coffee & Tea,38
2026-02-06,36,4,0,VM-103,prod-3,Electrolyte Spark Hydration,Hydration,18
2026-02-06,36,4,0,VM-103,prod-4,Dark Chocolate Almond Bar,Snacks,36
2026-02-06,36,4,0,VM-103,prod-5,Dragonfruit Sparkling Water,Hydration,10
2026-02-06,36,4,0,VM-103,prod-6,Organic Protein Crunch Bar,Snacks,20
2026-02-06,36,4,0,VM-103,prod-7,Detox Green Juice,Fresh Juices,9
2026-02-06,36,4,0,VM-103,prod-8,Mango Passion Kombucha,Fresh Juices,18
2026-02-06,36,4,0,VM-104,prod-1,Nitro Cold Brew,Coffee & Tea,24
2026-02-06,36,4,0,VM-104,prod-2,Matcha Green Tea Latte,Coffee & Tea,29
2026-02-06,36,4,0,VM-104,prod-3,Electrolyte Spark Hydration,Hydration,23
2026-02-06,36,4,0,VM-104,prod-4,Dark Chocolate Almond Bar,Snacks,30
2026-02-06,36,4,0,VM-104,prod-5,Dragonfruit Sparkling Water,Hydration,4
2026-02-06,36,4,0,VM-104,prod-6,Organic Protein Crunch Bar,Snacks,10
2026-02-06,36,4,0,VM-104,prod-7,Detox Green Juice,Fresh Juices,11
2026-02-06,36,4,0,VM-104,prod-8,Mango Passion Kombucha,Fresh Juices,19
2026-02-06,36,4,0,VM-105,prod-1,Nitro Cold Brew,Coffee & Tea,19
2026-02-06,36,4,0,VM-105,prod-2,Matcha Green Tea Latte,Coffee & Tea,15
2026-02-06,36,4,0,VM-105,prod-3,Electrolyte Spark Hydration,Hydration,11
2026-02-06,36,4,0,VM-105,prod-4,Dark Chocolate Almond Bar,Snacks,32
2026-02-06,36,4,0,VM-105,prod-5,Dragonfruit Sparkling Water,Hydration,7
2026-02-06,36,4,0,VM-105,prod-6,Organic Protein Crunch Bar,Snacks,24
2026-02-06,36,4,0,VM-105,prod-7,Detox Green Juice,Fresh Juices,15
2026-02-06,36,4,0,VM-105,prod-8,Mango Passion Kombucha,Fresh Juices,14
2026-02-06,36,4,0,VM-106,prod-1,Nitro Cold Brew,Coffee & Tea,28
2026-02-06,36,4,0,VM-106,prod-2,Matcha Green Tea Latte,Coffee & Tea,15
2026-02-06,36,4,0,VM-106,prod-3,Electrolyte Spark Hydration,Hydration,14
2026-02-06,36,4,0,VM-106,prod-4,Dark Chocolate Almond Bar,Snacks,22
2026-02-06,36,4,0,VM-106,prod-5,Dragonfruit Sparkling Water,Hydration,22
2026-02-06,36,4,0,VM-106,prod-6,Organic Protein Crunch Bar,Snacks,13
2026-02-06,36,4,0,VM-106,prod-7,Detox Green Juice,Fresh Juices,17
2026-02-06,36,4,0,VM-106,prod-8,Mango Passion Kombucha,Fresh Juices,25
2026-02-06,36,4,0,VM-107,prod-1,Nitro Cold Brew,Coffee & Tea,19
2026-02-06,36,4,0,VM-107,prod-2,Matcha Green Tea Latte,Coffee & Tea,9
2026-02-06,36,4,0,VM-107,prod-3,Electrolyte Spark Hydration,Hydration,9
2026-02-06,36,4,0,VM-107,prod-4,Dark Chocolate Almond Bar,Snacks,20
2026-02-06,36,4,0,VM-107,prod-5,Dragonfruit Sparkling Water,Hydration,22
2026-02-06,36,4,0,VM-107,prod-6,Organic Protein Crunch Bar,Snacks,17
2026-02-06,36,4,0,VM-107,prod-7,Detox Green Juice,Fresh Juices,6
2026-02-06,36,4,0,VM-107,prod-8,Mango Passion Kombucha,Fresh Juices,13
2026-02-06,36,4,0,VM-108,prod-1,Nitro Cold Brew,Coffee & Tea,27
2026-02-06,36,4,0,VM-108,prod-2,Matcha Green Tea Latte,Coffee & Tea,21
2026-02-06,36,4,0,VM-108,prod-3,Electrolyte Spark Hydration,Hydration,21
2026-02-06,36,4,0,VM-108,prod-4,Dark Chocolate Almond Bar,Snacks,33
2026-02-06,36,4,0,VM-108,prod-5,Dragonfruit Sparkling Water,Hydration,19
2026-02-06,36,4,0,VM-108,prod-6,Organic Protein Crunch Bar,Snacks,14
2026-02-06,36,4,0,VM-108,prod-7,Detox Green Juice,Fresh Juices,6
2026-02-06,36,4,0,VM-108,prod-8,Mango Passion Kombucha,Fresh Juices,25
2026-02-06,36,4,0,VM-109,prod-1,Nitro Cold Brew,Coffee & Tea,17
2026-02-06,36,4,0,VM-109,prod-2,Matcha Green Tea Latte,Coffee & Tea,16
2026-02-06,36,4,0,VM-109,prod-3,Electrolyte Spark Hydration,Hydration,10
2026-02-06,36,4,0,VM-109,prod-4,Dark Chocolate Almond Bar,Snacks,39
2026-02-06,36,4,0,VM-109,prod-5,Dragonfruit Sparkling Water,Hydration,12
2026-02-06,36,4,0,VM-109,prod-6,Organic Protein Crunch Bar,Snacks,24
2026-02-06,36,4,0,VM-109,prod-7,Detox Green Juice,Fresh Juices,18
2026-02-06,36,4,0,VM-109,prod-8,Mango Passion Kombucha,Fresh Juices,21
2026-02-06,36,4,0,VM-110,prod-1,Nitro Cold Brew,Coffee & Tea,15
2026-02-06,36,4,0,VM-110,prod-2,Matcha Green Tea Latte,Coffee & Tea,26
2026-02-06,36,4,0,VM-110,prod-3,Electrolyte Spark Hydration,Hydration,9
2026-02-06,36,4,0,VM-110,prod-4,Dark Chocolate Almond Bar,Snacks,37
2026-02-06,36,4,0,VM-110,prod-5,Dragonfruit Sparkling Water,Hydration,9
2026-02-06,36,4,0,VM-110,prod-6,Organic Protein Crunch Bar,Snacks,27
2026-02-06,36,4,0,VM-110,prod-7,Detox Green Juice,Fresh Juices,18
2026-02-06,36,4,0,VM-110,prod-8,Mango Passion Kombucha,Fresh Juices,14
2026-02-07,37,5,1,VM-101,prod-1,Nitro Cold Brew,Coffee & Tea,16
2026-02-07,37,5,1,VM-101,prod-2,Matcha Green Tea Latte,Coffee & Tea,20
2026-02-07,37,5,1,VM-101,prod-3,Electrolyte Spark Hydration,Hydration,9
2026-02-07,37,5,1,VM-101,prod-4,Dark Chocolate Almond Bar,Snacks,20
2026-02-07,37,5,1,VM-101,prod-5,Dragonfruit Sparkling Water,Hydration,16
2026-02-07,37,5,1,VM-101,prod-6,Organic Protein Crunch Bar,Snacks,16
2026-02-07,37,5,1,VM-101,prod-7,Detox Green Juice,Fresh Juices,11
2026-02-07,37,5,1,VM-101,prod-8,Mango Passion Kombucha,Fresh Juices,12
2026-02-07,37,5,1,VM-102,prod-1,Nitro Cold Brew,Coffee & Tea,19
2026-02-07,37,5,1,VM-102,prod-2,Matcha Green Tea Latte,Coffee & Tea,25
2026-02-07,37,5,1,VM-102,prod-3,Electrolyte Spark Hydration,Hydration,22
2026-02-07,37,5,1,VM-102,prod-4,Dark Chocolate Almond Bar,Snacks,31
2026-02-07,37,5,1,VM-102,prod-5,Dragonfruit Sparkling Water,Hydration,16
2026-02-07,37,5,1,VM-102,prod-6,Organic Protein Crunch Bar,Snacks,23
2026-02-07,37,5,1,VM-102,prod-7,Detox Green Juice,Fresh Juices,18
2026-02-07,37,5,1,VM-102,prod-8,Mango Passion Kombucha,Fresh Juices,26
2026-02-07,37,5,1,VM-103,prod-1,Nitro Cold Brew,Coffee & Tea,22
2026-02-07,37,5,1,VM-103,prod-2,Matcha Green Tea Latte,Coffee & Tea,40
2026-02-07,37,5,1,VM-103,prod-3,Electrolyte Spark Hydration,Hydration,14
2026-02-07,37,5,1,VM-103,prod-4,Dark Chocolate Almond Bar,Snacks,46
2026-02-07,37,5,1,VM-103,prod-5,Dragonfruit Sparkling Water,Hydration,14
2026-02-07,37,5,1,VM-103,prod-6,Organic Protein Crunch Bar,Snacks,20
2026-02-07,37,5,1,VM-103,prod-7,Detox Green Juice,Fresh Juices,12
2026-02-07,37,5,1,VM-103,prod-8,Mango Passion Kombucha,Fresh Juices,21
2026-02-07,37,5,1,VM-104,prod-1,Nitro Cold Brew,Coffee & Tea,19
2026-02-07,37,5,1,VM-104,prod-2,Matcha Green Tea Latte,Coffee & Tea,31
2026-02-07,37,5,1,VM-104,prod-3,Electrolyte Spark Hydration,Hydration,27
2026-02-07,37,5,1,VM-104,prod-4,Dark Chocolate Almond Bar,Snacks,23
2026-02-07,37,5,1,VM-104,prod-5,Dragonfruit Sparkling Water,Hydration,6
2026-02-07,37,5,1,VM-104,prod-6,Organic Protein Crunch Bar,Snacks,11
2026-02-07,37,5,1,VM-104,prod-7,Detox Green Juice,Fresh Juices,10
2026-02-07,37,5,1,VM-104,prod-8,Mango Passion Kombucha,Fresh Juices,19
2026-02-07,37,5,1,VM-105,prod-1,Nitro Cold Brew,Coffee & Tea,21
2026-02-07,37,5,1,VM-105,prod-2,Matcha Green Tea Latte,Coffee & Tea,15
2026-02-07,37,5,1,VM-105,prod-3,Electrolyte Spark Hydration,Hydration,11
2026-02-07,37,5,1,VM-105,prod-4,Dark Chocolate Almond Bar,Snacks,29
2026-02-07,37,5,1,VM-105,prod-5,Dragonfruit Sparkling Water,Hydration,10
2026-02-07,37,5,1,VM-105,prod-6,Organic Protein Crunch Bar,Snacks,32
2026-02-07,37,5,1,VM-105,prod-7,Detox Green Juice,Fresh Juices,14
2026-02-07,37,5,1,VM-105,prod-8,Mango Passion Kombucha,Fresh Juices,13
2026-02-07,37,5,1,VM-106,prod-1,Nitro Cold Brew,Coffee & Tea,34
2026-02-07,37,5,1,VM-106,prod-2,Matcha Green Tea Latte,Coffee & Tea,14
2026-02-07,37,5,1,VM-106,prod-3,Electrolyte Spark Hydration,Hydration,13
2026-02-07,37,5,1,VM-106,prod-4,Dark Chocolate Almond Bar,Snacks,37
2026-02-07,37,5,1,VM-106,prod-5,Dragonfruit Sparkling Water,Hydration,14
2026-02-07,37,5,1,VM-106,prod-6,Organic Protein Crunch Bar,Snacks,17
2026-02-07,37,5,1,VM-106,prod-7,Detox Green Juice,Fresh Juices,17
2026-02-07,37,5,1,VM-106,prod-8,Mango Passion Kombucha,Fresh Juices,21
2026-02-07,37,5,1,VM-107,prod-1,Nitro Cold Brew,Coffee & Tea,24
2026-02-07,37,5,1,VM-107,prod-2,Matcha Green Tea Latte,Coffee & Tea,10
2026-02-07,37,5,1,VM-107,prod-3,Electrolyte Spark Hydration,Hydration,7
2026-02-07,37,5,1,VM-107,prod-4,Dark Chocolate Almond Bar,Snacks,29
2026-02-07,37,5,1,VM-107,prod-5,Dragonfruit Sparkling Water,Hydration,19
2026-02-07,37,5,1,VM-107,prod-6,Organic Protein Crunch Bar,Snacks,21
2026-02-07,37,5,1,VM-107,prod-7,Detox Green Juice,Fresh Juices,8
2026-02-07,37,5,1,VM-107,prod-8,Mango Passion Kombucha,Fresh Juices,11
2026-02-07,37,5,1,VM-108,prod-1,Nitro Cold Brew,Coffee & Tea,36
2026-02-07,37,5,1,VM-108,prod-2,Matcha Green Tea Latte,Coffee & Tea,22
2026-02-07,37,5,1,VM-108,prod-3,Electrolyte Spark Hydration,Hydration,23
2026-02-07,37,5,1,VM-108,prod-4,Dark Chocolate Almond Bar,Snacks,25
2026-02-07,37,5,1,VM-108,prod-5,Dragonfruit Sparkling Water,Hydration,19
2026-02-07,37,5,1,VM-108,prod-6,Organic Protein Crunch Bar,Snacks,14
2026-02-07,37,5,1,VM-108,prod-7,Detox Green Juice,Fresh Juices,9
2026-02-07,37,5,1,VM-108,prod-8,Mango Passion Kombucha,Fresh Juices,26
2026-02-07,37,5,1,VM-109,prod-1,Nitro Cold Brew,Coffee & Tea,13
2026-02-07,37,5,1,VM-109,prod-2,Matcha Green Tea Latte,Coffee & Tea,15
2026-02-07,37,5,1,VM-109,prod-3,Electrolyte Spark Hydration,Hydration,10
2026-02-07,37,5,1,VM-109,prod-4,Dark Chocolate Almond Bar,Snacks,31
2026-02-07,37,5,1,VM-109,prod-5,Dragonfruit Sparkling Water,Hydration,17
2026-02-07,37,5,1,VM-109,prod-6,Organic Protein Crunch Bar,Snacks,19
2026-02-07,37,5,1,VM-109,prod-7,Detox Green Juice,Fresh Juices,10
2026-02-07,37,5,1,VM-109,prod-8,Mango Passion Kombucha,Fresh Juices,16
2026-02-07,37,5,1,VM-110,prod-1,Nitro Cold Brew,Coffee & Tea,15
2026-02-07,37,5,1,VM-110,prod-2,Matcha Green Tea Latte,Coffee & Tea,16
2026-02-07,37,5,1,VM-110,prod-3,Electrolyte Spark Hydration,Hydration,7
2026-02-07,37,5,1,VM-110,prod-4,Dark Chocolate Almond Bar,Snacks,36
2026-02-07,37,5,1,VM-110,prod-5,Dragonfruit Sparkling Water,Hydration,11
2026-02-07,37,5,1,VM-110,prod-6,Organic Protein Crunch Bar,Snacks,30
2026-02-07,37,5,1,VM-110,prod-7,Detox Green Juice,Fresh Juices,15
2026-02-07,37,5,1,VM-110,prod-8,Mango Passion Kombucha,Fresh Juices,16
2026-02-08,38,6,1,VM-101,prod-1,Nitro Cold Brew,Coffee & Tea,19
2026-02-08,38,6,1,VM-101,prod-2,Matcha Green Tea Latte,Coffee & Tea,18
2026-02-08,38,6,1,VM-101,prod-3,Electrolyte Spark Hydration,Hydration,7
2026-02-08,38,6,1,VM-101,prod-4,Dark Chocolate Almond Bar,Snacks,12
2026-02-08,38,6,1,VM-101,prod-5,Dragonfruit Sparkling Water,Hydration,13
2026-02-08,38,6,1,VM-101,prod-6,Organic Protein Crunch Bar,Snacks,12
2026-02-08,38,6,1,VM-101,prod-7,Detox Green Juice,Fresh Juices,13
2026-02-08,38,6,1,VM-101,prod-8,Mango Passion Kombucha,Fresh Juices,9
2026-02-08,38,6,1,VM-102,prod-1,Nitro Cold Brew,Coffee & Tea,19
2026-02-08,38,6,1,VM-102,prod-2,Matcha Green Tea Latte,Coffee & Tea,21
2026-02-08,38,6,1,VM-102,prod-3,Electrolyte Spark Hydration,Hydration,15
2026-02-08,38,6,1,VM-102,prod-4,Dark Chocolate Almond Bar,Snacks,28
2026-02-08,38,6,1,VM-102,prod-5,Dragonfruit Sparkling Water,Hydration,14
2026-02-08,38,6,1,VM-102,prod-6,Organic Protein Crunch Bar,Snacks,15
2026-02-08,38,6,1,VM-102,prod-7,Detox Green Juice,Fresh Juices,10
2026-02-08,38,6,1,VM-102,prod-8,Mango Passion Kombucha,Fresh Juices,19
2026-02-08,38,6,1,VM-103,prod-1,Nitro Cold Brew,Coffee & Tea,22
2026-02-08,38,6,1,VM-103,prod-2,Matcha Green Tea Latte,Coffee & Tea,34
2026-02-08,38,6,1,VM-103,prod-3,Electrolyte Spark Hydration,Hydration,15
2026-02-08,38,6,1,VM-103,prod-4,Dark Chocolate Almond Bar,Snacks,37
2026-02-08,38,6,1,VM-103,prod-5,Dragonfruit Sparkling Water,Hydration,8
2026-02-08,38,6,1,VM-103,prod-6,Organic Protein Crunch Bar,Snacks,14
2026-02-08,38,6,1,VM-103,prod-7,Detox Green Juice,Fresh Juices,10
2026-02-08,38,6,1,VM-103,prod-8,Mango Passion Kombucha,Fresh Juices,20
2026-02-08,38,6,1,VM-104,prod-1,Nitro Cold Brew,Coffee & Tea,17
2026-02-08,38,6,1,VM-104,prod-2,Matcha Green Tea Latte,Coffee & Tea,27
2026-02-08,38,6,1,VM-104,prod-3,Electrolyte Spark Hydration,Hydration,25
2026-02-08,38,6,1,VM-104,prod-4,Dark Chocolate Almond Bar,Snacks,34
2026-02-08,38,6,1,VM-104,prod-5,Dragonfruit Sparkling Water,Hydration,6
2026-02-08,38,6,1,VM-104,prod-6,Organic Protein Crunch Bar,Snacks,11
2026-02-08,38,6,1,VM-104,prod-7,Detox Green Juice,Fresh Juices,12
2026-02-08,38,6,1,VM-104,prod-8,Mango Passion Kombucha,Fresh Juices,18
2026-02-08,38,6,1,VM-105,prod-1,Nitro Cold Brew,Coffee & Tea,13
2026-02-08,38,6,1,VM-105,prod-2,Matcha Green Tea Latte,Coffee & Tea,9
2026-02-08,38,6,1,VM-105,prod-3,Electrolyte Spark Hydration,Hydration,11
2026-02-08,38,6,1,VM-105,prod-4,Dark Chocolate Almond Bar,Snacks,20
2026-02-08,38,6,1,VM-105,prod-5,Dragonfruit Sparkling Water,Hydration,7
2026-02-08,38,6,1,VM-105,prod-6,Organic Protein Crunch Bar,Snacks,23
2026-02-08,38,6,1,VM-105,prod-7,Detox Green Juice,Fresh Juices,13
2026-02-08,38,6,1,VM-105,prod-8,Mango Passion Kombucha,Fresh Juices,13
2026-02-08,38,6,1,VM-106,prod-1,Nitro Cold Brew,Coffee & Tea,28
2026-02-08,38,6,1,VM-106,prod-2,Matcha Green Tea Latte,Coffee & Tea,15
2026-02-08,38,6,1,VM-106,prod-3,Electrolyte Spark Hydration,Hydration,9
2026-02-08,38,6,1,VM-106,prod-4,Dark Chocolate Almond Bar,Snacks,25
2026-02-08,38,6,1,VM-106,prod-5,Dragonfruit Sparkling Water,Hydration,14
2026-02-08,38,6,1,VM-106,prod-6,Organic Protein Crunch Bar,Snacks,14
2026-02-08,38,6,1,VM-106,prod-7,Detox Green Juice,Fresh Juices,16
2026-02-08,38,6,1,VM-106,prod-8,Mango Passion Kombucha,Fresh Juices,20
2026-02-08,38,6,1,VM-107,prod-1,Nitro Cold Brew,Coffee & Tea,24
2026-02-08,38,6,1,VM-107,prod-2,Matcha Green Tea Latte,Coffee & Tea,7
2026-02-08,38,6,1,VM-107,prod-3,Electrolyte Spark Hydration,Hydration,10
2026-02-08,38,6,1,VM-107,prod-4,Dark Chocolate Almond Bar,Snacks,25
2026-02-08,38,6,1,VM-107,prod-5,Dragonfruit Sparkling Water,Hydration,17
2026-02-08,38,6,1,VM-107,prod-6,Organic Protein Crunch Bar,Snacks,22
2026-02-08,38,6,1,VM-107,prod-7,Detox Green Juice,Fresh Juices,5
2026-02-08,38,6,1,VM-107,prod-8,Mango Passion Kombucha,Fresh Juices,10
2026-02-08,38,6,1,VM-108,prod-1,Nitro Cold Brew,Coffee & Tea,26
2026-02-08,38,6,1,VM-108,prod-2,Matcha Green Tea Latte,Coffee & Tea,22
2026-02-08,38,6,1,VM-108,prod-3,Electrolyte Spark Hydration,Hydration,15
2026-02-08,38,6,1,VM-108,prod-4,Dark Chocolate Almond Bar,Snacks,34
2026-02-08,38,6,1,VM-108,prod-5,Dragonfruit Sparkling Water,Hydration,20
2026-02-08,38,6,1,VM-108,prod-6,Organic Protein Crunch Bar,Snacks,15
2026-02-08,38,6,1,VM-108,prod-7,Detox Green Juice,Fresh Juices,8
2026-02-08,38,6,1,VM-108,prod-8,Mango Passion Kombucha,Fresh Juices,18
2026-02-08,38,6,1,VM-109,prod-1,Nitro Cold Brew,Coffee & Tea,11
2026-02-08,38,6,1,VM-109,prod-2,Matcha Green Tea Latte,Coffee & Tea,17
2026-02-08,38,6,1,VM-109,prod-3,Electrolyte Spark Hydration,Hydration,9
2026-02-08,38,6,1,VM-109,prod-4,Dark Chocolate Almond Bar,Snacks,31
2026-02-08,38,6,1,VM-109,prod-5,Dragonfruit Sparkling Water,Hydration,12
2026-02-08,38,6,1,VM-109,prod-6,Organic Protein Crunch Bar,Snacks,12
2026-02-08,38,6,1,VM-109,prod-7,Detox Green Juice,Fresh Juices,13
2026-02-08,38,6,1,VM-109,prod-8,Mango Passion Kombucha,Fresh Juices,19
2026-02-08,38,6,1,VM-110,prod-1,Nitro Cold Brew,Coffee & Tea,12
2026-02-08,38,6,1,VM-110,prod-2,Matcha Green Tea Latte,Coffee & Tea,19
2026-02-08,38,6,1,VM-110,prod-3,Electrolyte Spark Hydration,Hydration,8
2026-02-08,38,6,1,VM-110,prod-4,Dark Chocolate Almond Bar,Snacks,24
2026-02-08,38,6,1,VM-110,prod-5,Dragonfruit Sparkling Water,Hydration,8
2026-02-08,38,6,1,VM-110,prod-6,Organic Protein Crunch Bar,Snacks,28
2026-02-08,38,6,1,VM-110,prod-7,Detox Green Juice,Fresh Juices,14
2026-02-08,38,6,1,VM-110,prod-8,Mango Passion Kombucha,Fresh Juices,18
2026-02-09,39,0,0,VM-101,prod-1,Nitro Cold Brew,Coffee & Tea,11
2026-02-09,39,0,0,VM-101,prod-2,Matcha Green Tea Latte,Coffee & Tea,17
2026-02-09,39,0,0,VM-101,prod-3,Electrolyte Spark Hydration,Hydration,6
2026-02-09,39,0,0,VM-101,prod-4,Dark Chocolate Almond Bar,Snacks,14
2026-02-09,39,0,0,VM-101,prod-5,Dragonfruit Sparkling Water,Hydration,11
2026-02-09,39,0,0,VM-101,prod-6,Organic Protein Crunch Bar,Snacks,8
2026-02-09,39,0,0,VM-101,prod-7,Detox Green Juice,Fresh Juices,10
2026-02-09,39,0,0,VM-101,prod-8,Mango Passion Kombucha,Fresh Juices,5
2026-02-09,39,0,0,VM-102,prod-1,Nitro Cold Brew,Coffee & Tea,18
2026-02-09,39,0,0,VM-102,prod-2,Matcha Green Tea Latte,Coffee & Tea,15
2026-02-09,39,0,0,VM-102,prod-3,Electrolyte Spark Hydration,Hydration,15
2026-02-09,39,0,0,VM-102,prod-4,Dark Chocolate Almond Bar,Snacks,21
2026-02-09,39,0,0,VM-102,prod-5,Dragonfruit Sparkling Water,Hydration,13
2026-02-09,39,0,0,VM-102,prod-6,Organic Protein Crunch Bar,Snacks,13
2026-02-09,39,0,0,VM-102,prod-7,Detox Green Juice,Fresh Juices,9
2026-02-09,39,0,0,VM-102,prod-8,Mango Passion Kombucha,Fresh Juices,13
2026-02-09,39,0,0,VM-103,prod-1,Nitro Cold Brew,Coffee & Tea,17
2026-02-09,39,0,0,VM-103,prod-2,Matcha Green Tea Latte,Coffee & Tea,28
2026-02-09,39,0,0,VM-103,prod-3,Electrolyte Spark Hydration,Hydration,9
2026-02-09,39,0,0,VM-103,prod-4,Dark Chocolate Almond Bar,Snacks,26
2026-02-09,39,0,0,VM-103,prod-5,Dragonfruit Sparkling Water,Hydration,6
2026-02-09,39,0,0,VM-103,prod-6,Organic Protein Crunch Bar,Snacks,13
2026-02-09,39,0,0,VM-103,prod-7,Detox Green Juice,Fresh Juices,9
2026-02-09,39,0,0,VM-103,prod-8,Mango Passion Kombucha,Fresh Juices,16
2026-02-09,39,0,0,VM-104,prod-1,Nitro Cold Brew,Coffee & Tea,13
2026-02-09,39,0,0,VM-104,prod-2,Matcha Green Tea Latte,Coffee & Tea,17
2026-02-09,39,0,0,VM-104,prod-3,Electrolyte Spark Hydration,Hydration,17
2026-02-09,39,0,0,VM-104,prod-4,Dark Chocolate Almond Bar,Snacks,22
2026-02-09,39,0,0,VM-104,prod-5,Dragonfruit Sparkling Water,Hydration,4
2026-02-09,39,0,0,VM-104,prod-6,Organic Protein Crunch Bar,Snacks,6
2026-02-09,39,0,0,VM-104,prod-7,Detox Green Juice,Fresh Juices,7
2026-02-09,39,0,0,VM-104,prod-8,Mango Passion Kombucha,Fresh Juices,16
2026-02-09,39,0,0,VM-105,prod-1,Nitro Cold Brew,Coffee & Tea,11
2026-02-09,39,0,0,VM-105,prod-2,Matcha Green Tea Latte,Coffee & Tea,11
2026-02-09,39,0,0,VM-105,prod-3,Electrolyte Spark Hydration,Hydration,9
2026-02-09,39,0,0,VM-105,prod-4,Dark Chocolate Almond Bar,Snacks,21
2026-02-09,39,0,0,VM-105,prod-5,Dragonfruit Sparkling Water,Hydration,6
2026-02-09,39,0,0,VM-105,prod-6,Organic Protein Crunch Bar,Snacks,17
2026-02-09,39,0,0,VM-105,prod-7,Detox Green Juice,Fresh Juices,8
2026-02-09,39,0,0,VM-105,prod-8,Mango Passion Kombucha,Fresh Juices,9
2026-02-09,39,0,0,VM-106,prod-1,Nitro Cold Brew,Coffee & Tea,14
2026-02-09,39,0,0,VM-106,prod-2,Matcha Green Tea Latte,Coffee & Tea,11
2026-02-09,39,0,0,VM-106,prod-3,Electrolyte Spark Hydration,Hydration,6
2026-02-09,39,0,0,VM-106,prod-4,Dark Chocolate Almond Bar,Snacks,26
2026-02-09,39,0,0,VM-106,prod-5,Dragonfruit Sparkling Water,Hydration,11
2026-02-09,39,0,0,VM-106,prod-6,Organic Protein Crunch Bar,Snacks,9
2026-02-09,39,0,0,VM-106,prod-7,Detox Green Juice,Fresh Juices,9
2026-02-09,39,0,0,VM-106,prod-8,Mango Passion Kombucha,Fresh Juices,14
2026-02-09,39,0,0,VM-107,prod-1,Nitro Cold Brew,Coffee & Tea,19
2026-02-09,39,0,0,VM-107,prod-2,Matcha Green Tea Latte,Coffee & Tea,4
2026-02-09,39,0,0,VM-107,prod-3,Electrolyte Spark Hydration,Hydration,7
2026-02-09,39,0,0,VM-107,prod-4,Dark Chocolate Almond Bar,Snacks,16
2026-02-09,39,0,0,VM-107,prod-5,Dragonfruit Sparkling Water,Hydration,10
2026-02-09,39,0,0,VM-107,prod-6,Organic Protein Crunch Bar,Snacks,11
2026-02-09,39,0,0,VM-107,prod-7,Detox Green Juice,Fresh Juices,6
2026-02-09,39,0,0,VM-107,prod-8,Mango Passion Kombucha,Fresh Juices,7
2026-02-09,39,0,0,VM-108,prod-1,Nitro Cold Brew,Coffee & Tea,18
2026-02-09,39,0,0,VM-108,prod-2,Matcha Green Tea Latte,Coffee & Tea,17
2026-02-09,39,0,0,VM-108,prod-3,Electrolyte Spark Hydration,Hydration,13
2026-02-09,39,0,0,VM-108,prod-4,Dark Chocolate Almond Bar,Snacks,20
2026-02-09,39,0,0,VM-108,prod-5,Dragonfruit Sparkling Water,Hydration,13
2026-02-09,39,0,0,VM-108,prod-6,Organic Protein Crunch Bar,Snacks,8
2026-02-09,39,0,0,VM-108,prod-7,Detox Green Juice,Fresh Juices,7
2026-02-09,39,0,0,VM-108,prod-8,Mango Passion Kombucha,Fresh Juices,18
2026-02-09,39,0,0,VM-109,prod-1,Nitro Cold Brew,Coffee & Tea,10
2026-02-09,39,0,0,VM-109,prod-2,Matcha Green Tea Latte,Coffee & Tea,11
2026-02-09,39,0,0,VM-109,prod-3,Electrolyte Spark Hydration,Hydration,8
2026-02-09,39,0,0,VM-109,prod-4,Dark Chocolate Almond Bar,Snacks,23
2026-02-09,39,0,0,VM-109,prod-5,Dragonfruit Sparkling Water,Hydration,8
2026-02-09,39,0,0,VM-109,prod-6,Organic Protein Crunch Bar,Snacks,14
2026-02-09,39,0,0,VM-109,prod-7,Detox Green Juice,Fresh Juices,15
2026-02-09,39,0,0,VM-109,prod-8,Mango Passion Kombucha,Fresh Juices,9
2026-02-09,39,0,0,VM-110,prod-1,Nitro Cold Brew,Coffee & Tea,11
2026-02-09,39,0,0,VM-110,prod-2,Matcha Green Tea Latte,Coffee & Tea,14
2026-02-09,39,0,0,VM-110,prod-3,Electrolyte Spark Hydration,Hydration,5
2026-02-09,39,0,0,VM-110,prod-4,Dark Chocolate Almond Bar,Snacks,19
2026-02-09,39,0,0,VM-110,prod-5,Dragonfruit Sparkling Water,Hydration,7
2026-02-09,39,0,0,VM-110,prod-6,Organic Protein Crunch Bar,Snacks,25
2026-02-09,39,0,0,VM-110,prod-7,Detox Green Juice,Fresh Juices,10
2026-02-09,39,0,0,VM-110,prod-8,Mango Passion Kombucha,Fresh Juices,8
2026-02-10,40,1,0,VM-101,prod-1,Nitro Cold Brew,Coffee & Tea,13
2026-02-10,40,1,0,VM-101,prod-2,Matcha Green Tea Latte,Coffee & Tea,17
2026-02-10,40,1,0,VM-101,prod-3,Electrolyte Spark Hydration,Hydration,8
2026-02-10,40,1,0,VM-101,prod-4,Dark Chocolate Almond Bar,Snacks,15
2026-02-10,40,1,0,VM-101,prod-5,Dragonfruit Sparkling Water,Hydration,11
2026-02-10,40,1,0,VM-101,prod-6,Organic Protein Crunch Bar,Snacks,9
2026-02-10,40,1,0,VM-101,prod-7,Detox Green Juice,Fresh Juices,9
2026-02-10,40,1,0,VM-101,prod-8,Mango Passion Kombucha,Fresh Juices,9
2026-02-10,40,1,0,VM-102,prod-1,Nitro Cold Brew,Coffee & Tea,21
2026-02-10,40,1,0,VM-102,prod-2,Matcha Green Tea Latte,Coffee & Tea,12
2026-02-10,40,1,0,VM-102,prod-3,Electrolyte Spark Hydration,Hydration,19
2026-02-10,40,1,0,VM-102,prod-4,Dark Chocolate Almond Bar,Snacks,22
2026-02-10,40,1,0,VM-102,prod-5,Dragonfruit Sparkling Water,Hydration,16
2026-02-10,40,1,0,VM-102,prod-6,Organic Protein Crunch Bar,Snacks,11
2026-02-10,40,1,0,VM-102,prod-7,Detox Green Juice,Fresh Juices,9
2026-02-10,40,1,0,VM-102,prod-8,Mango Passion Kombucha,Fresh Juices,16
2026-02-10,40,1,0,VM-103,prod-1,Nitro Cold Brew,Coffee & Tea,17
2026-02-10,40,1,0,VM-103,prod-2,Matcha Green Tea Latte,Coffee & Tea,33
2026-02-10,40,1,0,VM-103,prod-3,Electrolyte Spark Hydration,Hydration,12
2026-02-10,40,1,0,VM-103,prod-4,Dark Chocolate Almond Bar,Snacks,28
2026-02-10,40,1,0,VM-103,prod-5,Dragonfruit Sparkling Water,Hydration,7
2026-02-10,40,1,0,VM-103,prod-6,Organic Protein Crunch Bar,Snacks,15
2026-02-10,40,1,0,VM-103,prod-7,Detox Green Juice,Fresh Juices,8
2026-02-10,40,1,0,VM-103,prod-8,Mango Passion Kombucha,Fresh Juices,17
2026-02-10,40,1,0,VM-104,prod-1,Nitro Cold Brew,Coffee & Tea,16
2026-02-10,40,1,0,VM-104,prod-2,Matcha Green Tea Latte,Coffee & Tea,25
2026-02-10,40,1,0,VM-104,prod-3,Electrolyte Spark Hydration,Hydration,20
2026-02-10,40,1,0,VM-104,prod-4,Dark Chocolate Almond Bar,Snacks,22
2026-02-10,40,1,0,VM-104,prod-5,Dragonfruit Sparkling Water,Hydration,5
2026-02-10,40,1,0,VM-104,prod-6,Organic Protein Crunch Bar,Snacks,8
2026-02-10,40,1,0,VM-104,prod-7,Detox Green Juice,Fresh Juices,8
2026-02-10,40,1,0,VM-104,prod-8,Mango Passion Kombucha,Fresh Juices,16
2026-02-10,40,1,0,VM-105,prod-1,Nitro Cold Brew,Coffee & Tea,13
2026-02-10,40,1,0,VM-105,prod-2,Matcha Green Tea Latte,Coffee & Tea,10
2026-02-10,40,1,0,VM-105,prod-3,Electrolyte Spark Hydration,Hydration,9
2026-02-10,40,1,0,VM-105,prod-4,Dark Chocolate Almond Bar,Snacks,15
2026-02-10,40,1,0,VM-105,prod-5,Dragonfruit Sparkling Water,Hydration,7
2026-02-10,40,1,0,VM-105,prod-6,Organic Protein Crunch Bar,Snacks,15
2026-02-10,40,1,0,VM-105,prod-7,Detox Green Juice,Fresh Juices,8
2026-02-10,40,1,0,VM-105,prod-8,Mango Passion Kombucha,Fresh Juices,7
2026-02-10,40,1,0,VM-106,prod-1,Nitro Cold Brew,Coffee & Tea,16
2026-02-10,40,1,0,VM-106,prod-2,Matcha Green Tea Latte,Coffee & Tea,8
2026-02-10,40,1,0,VM-106,prod-3,Electrolyte Spark Hydration,Hydration,8
2026-02-10,40,1,0,VM-106,prod-4,Dark Chocolate Almond Bar,Snacks,30
2026-02-10,40,1,0,VM-106,prod-5,Dragonfruit Sparkling Water,Hydration,12
2026-02-10,40,1,0,VM-106,prod-6,Organic Protein Crunch Bar,Snacks,10
2026-02-10,40,1,0,VM-106,prod-7,Detox Green Juice,Fresh Juices,12
2026-02-10,40,1,0,VM-106,prod-8,Mango Passion Kombucha,Fresh Juices,16
2026-02-10,40,1,0,VM-107,prod-1,Nitro Cold Brew,Coffee & Tea,17
2026-02-10,40,1,0,VM-107,prod-2,Matcha Green Tea Latte,Coffee & Tea,6
2026-02-10,40,1,0,VM-107,prod-3,Electrolyte Spark Hydration,Hydration,8
2026-02-10,40,1,0,VM-107,prod-4,Dark Chocolate Almond Bar,Snacks,21
2026-02-10,40,1,0,VM-107,prod-5,Dragonfruit Sparkling Water,Hydration,10
2026-02-10,40,1,0,VM-107,prod-6,Organic Protein Crunch Bar,Snacks,12
2026-02-10,40,1,0,VM-107,prod-7,Detox Green Juice,Fresh Juices,5
2026-02-10,40,1,0,VM-107,prod-8,Mango Passion Kombucha,Fresh Juices,8
2026-02-10,40,1,0,VM-108,prod-1,Nitro Cold Brew,Coffee & Tea,26
2026-02-10,40,1,0,VM-108,prod-2,Matcha Green Tea Latte,Coffee & Tea,15
2026-02-10,40,1,0,VM-108,prod-3,Electrolyte Spark Hydration,Hydration,19
2026-02-10,40,1,0,VM-108,prod-4,Dark Chocolate Almond Bar,Snacks,30
2026-02-10,40,1,0,VM-108,prod-5,Dragonfruit Sparkling Water,Hydration,14
2026-02-10,40,1,0,VM-108,prod-6,Organic Protein Crunch Bar,Snacks,13
2026-02-10,40,1,0,VM-108,prod-7,Detox Green Juice,Fresh Juices,7
2026-02-10,40,1,0,VM-108,prod-8,Mango Passion Kombucha,Fresh Juices,16
2026-02-10,40,1,0,VM-109,prod-1,Nitro Cold Brew,Coffee & Tea,9
2026-02-10,40,1,0,VM-109,prod-2,Matcha Green Tea Latte,Coffee & Tea,12
2026-02-10,40,1,0,VM-109,prod-3,Electrolyte Spark Hydration,Hydration,8
2026-02-10,40,1,0,VM-109,prod-4,Dark Chocolate Almond Bar,Snacks,26
2026-02-10,40,1,0,VM-109,prod-5,Dragonfruit Sparkling Water,Hydration,8
2026-02-10,40,1,0,VM-109,prod-6,Organic Protein Crunch Bar,Snacks,13
2026-02-10,40,1,0,VM-109,prod-7,Detox Green Juice,Fresh Juices,12
2026-02-10,40,1,0,VM-109,prod-8,Mango Passion Kombucha,Fresh Juices,12
2026-02-10,40,1,0,VM-110,prod-1,Nitro Cold Brew,Coffee & Tea,16
2026-02-10,40,1,0,VM-110,prod-2,Matcha Green Tea Latte,Coffee & Tea,12
2026-02-10,40,1,0,VM-110,prod-3,Electrolyte Spark Hydration,Hydration,6
2026-02-10,40,1,0,VM-110,prod-4,Dark Chocolate Almond Bar,Snacks,30
2026-02-10,40,1,0,VM-110,prod-5,Dragonfruit Sparkling Water,Hydration,9
2026-02-10,40,1,0,VM-110,prod-6,Organic Protein Crunch Bar,Snacks,19
2026-02-10,40,1,0,VM-110,prod-7,Detox Green Juice,Fresh Juices,12
2026-02-10,40,1,0,VM-110,prod-8,Mango Passion Kombucha,Fresh Juices,11
2026-02-11,41,2,0,VM-101,prod-1,Nitro Cold Brew,Coffee & Tea,18
2026-02-11,41,2,0,VM-101,prod-2,Matcha Green Tea Latte,Coffee & Tea,17
2026-02-11,41,2,0,VM-101,prod-3,Electrolyte Spark Hydration,Hydration,8
2026-02-11,41,2,0,VM-101,prod-4,Dark Chocolate Almond Bar,Snacks,9
2026-02-11,41,2,0,VM-101,prod-5,Dragonfruit Sparkling Water,Hydration,13
2026-02-11,41,2,0,VM-101,prod-6,Organic Protein Crunch Bar,Snacks,10
2026-02-11,41,2,0,VM-101,prod-7,Detox Green Juice,Fresh Juices,11
2026-02-11,41,2,0,VM-101,prod-8,Mango Passion Kombucha,Fresh Juices,11
2026-02-11,41,2,0,VM-102,prod-1,Nitro Cold Brew,Coffee & Tea,18
2026-02-11,41,2,0,VM-102,prod-2,Matcha Green Tea Latte,Coffee & Tea,16
2026-02-11,41,2,0,VM-102,prod-3,Electrolyte Spark Hydration,Hydration,21
2026-02-11,41,2,0,VM-102,prod-4,Dark Chocolate Almond Bar,Snacks,19
2026-02-11,41,2,0,VM-102,prod-5,Dragonfruit Sparkling Water,Hydration,13
2026-02-11,41,2,0,VM-102,prod-6,Organic Protein Crunch Bar,Snacks,14
2026-02-11,41,2,0,VM-102,prod-7,Detox Green Juice,Fresh Juices,13
2026-02-11,41,2,0,VM-102,prod-8,Mango Passion Kombucha,Fresh Juices,18
2026-02-11,41,2,0,VM-103,prod-1,Nitro Cold Brew,Coffee & Tea,13
2026-02-11,41,2,0,VM-103,prod-2,Matcha Green Tea Latte,Coffee & Tea,25
2026-02-11,41,2,0,VM-103,prod-3,Electrolyte Spark Hydration,Hydration,10
2026-02-11,41,2,0,VM-103,prod-4,Dark Chocolate Almond Bar,Snacks,30
2026-02-11,41,2,0,VM-103,prod-5,Dragonfruit Sparkling Water,Hydration,9
2026-02-11,41,2,0,VM-103,prod-6,Organic Protein Crunch Bar,Snacks,14
2026-02-11,41,2,0,VM-103,prod-7,Detox Green Juice,Fresh Juices,7
2026-02-11,41,2,0,VM-103,prod-8,Mango Passion Kombucha,Fresh Juices,17
2026-02-11,41,2,0,VM-104,prod-1,Nitro Cold Brew,Coffee & Tea,18
2026-02-11,41,2,0,VM-104,prod-2,Matcha Green Tea Latte,Coffee & Tea,25
2026-02-11,41,2,0,VM-104,prod-3,Electrolyte Spark Hydration,Hydration,20
2026-02-11,41,2,0,VM-104,prod-4,Dark Chocolate Almond Bar,Snacks,27
2026-02-11,41,2,0,VM-104,prod-5,Dragonfruit Sparkling Water,Hydration,6
2026-02-11,41,2,0,VM-104,prod-6,Organic Protein Crunch Bar,Snacks,10
2026-02-11,41,2,0,VM-104,prod-7,Detox Green Juice,Fresh Juices,8
2026-02-11,41,2,0,VM-104,prod-8,Mango Passion Kombucha,Fresh Juices,17
2026-02-11,41,2,0,VM-105,prod-1,Nitro Cold Brew,Coffee & Tea,20
2026-02-11,41,2,0,VM-105,prod-2,Matcha Green Tea Latte,Coffee & Tea,13
2026-02-11,41,2,0,VM-105,prod-3,Electrolyte Spark Hydration,Hydration,10
2026-02-11,41,2,0,VM-105,prod-4,Dark Chocolate Almond Bar,Snacks,19
2026-02-11,41,2,0,VM-105,prod-5,Dragonfruit Sparkling Water,Hydration,5
2026-02-11,41,2,0,VM-105,prod-6,Organic Protein Crunch Bar,Snacks,20
2026-02-11,41,2,0,VM-105,prod-7,Detox Green Juice,Fresh Juices,11
2026-02-11,41,2,0,VM-105,prod-8,Mango Passion Kombucha,Fresh Juices,9
2026-02-11,41,2,0,VM-106,prod-1,Nitro Cold Brew,Coffee & Tea,24
2026-02-11,41,2,0,VM-106,prod-2,Matcha Green Tea Latte,Coffee & Tea,14
2026-02-11,41,2,0,VM-106,prod-3,Electrolyte Spark Hydration,Hydration,11
2026-02-11,41,2,0,VM-106,prod-4,Dark Chocolate Almond Bar,Snacks,20
2026-02-11,41,2,0,VM-106,prod-5,Dragonfruit Sparkling Water,Hydration,14
2026-02-11,41,2,0,VM-106,prod-6,Organic Protein Crunch Bar,Snacks,9
2026-02-11,41,2,0,VM-106,prod-7,Detox Green Juice,Fresh Juices,12
2026-02-11,41,2,0,VM-106,prod-8,Mango Passion Kombucha,Fresh Juices,16
2026-02-11,41,2,0,VM-107,prod-1,Nitro Cold Brew,Coffee & Tea,17
2026-02-11,41,2,0,VM-107,prod-2,Matcha Green Tea Latte,Coffee & Tea,6
2026-02-11,41,2,0,VM-107,prod-3,Electrolyte Spark Hydration,Hydration,7
2026-02-11,41,2,0,VM-107,prod-4,Dark Chocolate Almond Bar,Snacks,16
2026-02-11,41,2,0,VM-107,prod-5,Dragonfruit Sparkling Water,Hydration,8
2026-02-11,41,2,0,VM-107,prod-6,Organic Protein Crunch Bar,Snacks,20
2026-02-11,41,2,0,VM-107,prod-7,Detox Green Juice,Fresh Juices,6
2026-02-11,41,2,0,VM-107,prod-8,Mango Passion Kombucha,Fresh Juices,9
2026-02-11,41,2,0,VM-108,prod-1,Nitro Cold Brew,Coffee & Tea,25
2026-02-11,41,2,0,VM-108,prod-2,Matcha Green Tea Latte,Coffee & Tea,14
2026-02-11,41,2,0,VM-108,prod-3,Electrolyte Spark Hydration,Hydration,19
2026-02-11,41,2,0,VM-108,prod-4,Dark Chocolate Almond Bar,Snacks,34
2026-02-11,41,2,0,VM-108,prod-5,Dragonfruit Sparkling Water,Hydration,15
2026-02-11,41,2,0,VM-108,prod-6,Organic Protein Crunch Bar,Snacks,13
2026-02-11,41,2,0,VM-108,prod-7,Detox Green Juice,Fresh Juices,7
2026-02-11,41,2,0,VM-108,prod-8,Mango Passion Kombucha,Fresh Juices,15
2026-02-11,41,2,0,VM-109,prod-1,Nitro Cold Brew,Coffee & Tea,10
2026-02-11,41,2,0,VM-109,prod-2,Matcha Green Tea Latte,Coffee & Tea,13
2026-02-11,41,2,0,VM-109,prod-3,Electrolyte Spark Hydration,Hydration,7
2026-02-11,41,2,0,VM-109,prod-4,Dark Chocolate Almond Bar,Snacks,26
2026-02-11,41,2,0,VM-109,prod-5,Dragonfruit Sparkling Water,Hydration,11
2026-02-11,41,2,0,VM-109,prod-6,Organic Protein Crunch Bar,Snacks,15
2026-02-11,41,2,0,VM-109,prod-7,Detox Green Juice,Fresh Juices,13
2026-02-11,41,2,0,VM-109,prod-8,Mango Passion Kombucha,Fresh Juices,11
2026-02-11,41,2,0,VM-110,prod-1,Nitro Cold Brew,Coffee & Tea,12
2026-02-11,41,2,0,VM-110,prod-2,Matcha Green Tea Latte,Coffee & Tea,13
2026-02-11,41,2,0,VM-110,prod-3,Electrolyte Spark Hydration,Hydration,7
2026-02-11,41,2,0,VM-110,prod-4,Dark Chocolate Almond Bar,Snacks,18
2026-02-11,41,2,0,VM-110,prod-5,Dragonfruit Sparkling Water,Hydration,8
2026-02-11,41,2,0,VM-110,prod-6,Organic Protein Crunch Bar,Snacks,26
2026-02-11,41,2,0,VM-110,prod-7,Detox Green Juice,Fresh Juices,11
2026-02-11,41,2,0,VM-110,prod-8,Mango Passion Kombucha,Fresh Juices,7
2026-02-12,42,3,0,VM-101,prod-1,Nitro Cold Brew,Coffee & Tea,17
2026-02-12,42,3,0,VM-101,prod-2,Matcha Green Tea Latte,Coffee & Tea,18
2026-02-12,42,3,0,VM-101,prod-3,Electrolyte Spark Hydration,Hydration,6
2026-02-12,42,3,0,VM-101,prod-4,Dark Chocolate Almond Bar,Snacks,14
2026-02-12,42,3,0,VM-101,prod-5,Dragonfruit Sparkling Water,Hydration,16
2026-02-12,42,3,0,VM-101,prod-6,Organic Protein Crunch Bar,Snacks,12
2026-02-12,42,3,0,VM-101,prod-7,Detox Green Juice,Fresh Juices,11
2026-02-12,42,3,0,VM-101,prod-8,Mango Passion Kombucha,Fresh Juices,7
2026-02-12,42,3,0,VM-102,prod-1,Nitro Cold Brew,Coffee & Tea,20
2026-02-12,42,3,0,VM-102,prod-2,Matcha Green Tea Latte,Coffee & Tea,17
2026-02-12,42,3,0,VM-102,prod-3,Electrolyte Spark Hydration,Hydration,18
2026-02-12,42,3,0,VM-102,prod-4,Dark Chocolate Almond Bar,Snacks,21
2026-02-12,42,3,0,VM-102,prod-5,Dragonfruit Sparkling Water,Hydration,16
2026-02-12,42,3,0,VM-102,prod-6,Organic Protein Crunch Bar,Snacks,20
2026-02-12,42,3,0,VM-102,prod-7,Detox Green Juice,Fresh Juices,14
2026-02-12,42,3,0,VM-102,prod-8,Mango Passion Kombucha,Fresh Juices,18
2026-02-12,42,3,0,VM-103,prod-1,Nitro Cold Brew,Coffee & Tea,17
2026-02-12,42,3,0,VM-103,prod-2,Matcha Green Tea Latte,Coffee & Tea,27
2026-02-12,42,3,0,VM-103,prod-3,Electrolyte Spark Hydration,Hydration,14
2026-02-12,42,3,0,VM-103,prod-4,Dark Chocolate Almond Bar,Snacks,29
2026-02-12,42,3,0,VM-103,prod-5,Dragonfruit Sparkling Water,Hydration,9
2026-02-12,42,3,0,VM-103,prod-6,Organic Protein Crunch Bar,Snacks,14
2026-02-12,42,3,0,VM-103,prod-7,Detox Green Juice,Fresh Juices,10
2026-02-12,42,3,0,VM-103,prod-8,Mango Passion Kombucha,Fresh Juices,12
2026-02-12,42,3,0,VM-104,prod-1,Nitro Cold Brew,Coffee & Tea,19
2026-02-12,42,3,0,VM-104,prod-2,Matcha Green Tea Latte,Coffee & Tea,22
2026-02-12,42,3,0,VM-104,prod-3,Electrolyte Spark Hydration,Hydration,21
2026-02-12,42,3,0,VM-104,prod-4,Dark Chocolate Almond Bar,Snacks,23
2026-02-12,42,3,0,VM-104,prod-5,Dragonfruit Sparkling Water,Hydration,7
2026-02-12,42,3,0,VM-104,prod-6,Organic Protein Crunch Bar,Snacks,8
2026-02-12,42,3,0,VM-104,prod-7,Detox Green Juice,Fresh Juices,10
2026-02-12,42,3,0,VM-104,prod-8,Mango Passion Kombucha,Fresh Juices,13
2026-02-12,42,3,0,VM-105,prod-1,Nitro Cold Brew,Coffee & Tea,17
2026-02-12,42,3,0,VM-105,prod-2,Matcha Green Tea Latte,Coffee & Tea,13
2026-02-12,42,3,0,VM-105,prod-3,Electrolyte Spark Hydration,Hydration,8
2026-02-12,42,3,0,VM-105,prod-4,Dark Chocolate Almond Bar,Snacks,27
2026-02-12,42,3,0,VM-105,prod-5,Dragonfruit Sparkling Water,Hydration,8
2026-02-12,42,3,0,VM-105,prod-6,Organic Protein Crunch Bar,Snacks,13
2026-02-12,42,3,0,VM-105,prod-7,Detox Green Juice,Fresh Juices,12
2026-02-12,42,3,0,VM-105,prod-8,Mango Passion Kombucha,Fresh Juices,7
2026-02-12,42,3,0,VM-106,prod-1,Nitro Cold Brew,Coffee & Tea,21
2026-02-12,42,3,0,VM-106,prod-2,Matcha Green Tea Latte,Coffee & Tea,14
2026-02-12,42,3,0,VM-106,prod-3,Electrolyte Spark Hydration,Hydration,9
2026-02-12,42,3,0,VM-106,prod-4,Dark Chocolate Almond Bar,Snacks,21
2026-02-12,42,3,0,VM-106,prod-5,Dragonfruit Sparkling Water,Hydration,14
2026-02-12,42,3,0,VM-106,prod-6,Organic Protein Crunch Bar,Snacks,15
2026-02-12,42,3,0,VM-106,prod-7,Detox Green Juice,Fresh Juices,9
2026-02-12,42,3,0,VM-106,prod-8,Mango Passion Kombucha,Fresh Juices,15
2026-02-12,42,3,0,VM-107,prod-1,Nitro Cold Brew,Coffee & Tea,23
2026-02-12,42,3,0,VM-107,prod-2,Matcha Green Tea Latte,Coffee & Tea,10
2026-02-12,42,3,0,VM-107,prod-3,Electrolyte Spark Hydration,Hydration,8
2026-02-12,42,3,0,VM-107,prod-4,Dark Chocolate Almond Bar,Snacks,15
2026-02-12,42,3,0,VM-107,prod-5,Dragonfruit Sparkling Water,Hydration,19
2026-02-12,42,3,0,VM-107,prod-6,Organic Protein Crunch Bar,Snacks,20
2026-02-12,42,3,0,VM-107,prod-7,Detox Green Juice,Fresh Juices,6
2026-02-12,42,3,0,VM-107,prod-8,Mango Passion Kombucha,Fresh Juices,9
2026-02-12,42,3,0,VM-108,prod-1,Nitro Cold Brew,Coffee & Tea,26
2026-02-12,42,3,0,VM-108,prod-2,Matcha Green Tea Latte,Coffee & Tea,18
2026-02-12,42,3,0,VM-108,prod-3,Electrolyte Spark Hydration,Hydration,17
2026-02-12,42,3,0,VM-108,prod-4,Dark Chocolate Almond Bar,Snacks,34
2026-02-12,42,3,0,VM-108,prod-5,Dragonfruit Sparkling Water,Hydration,18
2026-02-12,42,3,0,VM-108,prod-6,Organic Protein Crunch Bar,Snacks,10
2026-02-12,42,3,0,VM-108,prod-7,Detox Green Juice,Fresh Juices,8
2026-02-12,42,3,0,VM-108,prod-8,Mango Passion Kombucha,Fresh Juices,20
2026-02-12,42,3,0,VM-109,prod-1,Nitro Cold Brew,Coffee & Tea,12
2026-02-12,42,3,0,VM-109,prod-2,Matcha Green Tea Latte,Coffee & Tea,16
2026-02-12,42,3,0,VM-109,prod-3,Electrolyte Spark Hydration,Hydration,6
2026-02-12,42,3,0,VM-109,prod-4,Dark Chocolate Almond Bar,Snacks,28
2026-02-12,42,3,0,VM-109,prod-5,Dragonfruit Sparkling Water,Hydration,11
2026-02-12,42,3,0,VM-109,prod-6,Organic Protein Crunch Bar,Snacks,12
2026-02-12,42,3,0,VM-109,prod-7,Detox Green Juice,Fresh Juices,15
2026-02-12,42,3,0,VM-109,prod-8,Mango Passion Kombucha,Fresh Juices,18
2026-02-12,42,3,0,VM-110,prod-1,Nitro Cold Brew,Coffee & Tea,10
2026-02-12,42,3,0,VM-110,prod-2,Matcha Green Tea Latte,Coffee & Tea,16
2026-02-12,42,3,0,VM-110,prod-3,Electrolyte Spark Hydration,Hydration,7
2026-02-12,42,3,0,VM-110,prod-4,Dark Chocolate Almond Bar,Snacks,28
2026-02-12,42,3,0,VM-110,prod-5,Dragonfruit Sparkling Water,Hydration,7
2026-02-12,42,3,0,VM-110,prod-6,Organic Protein Crunch Bar,Snacks,18
2026-02-12,42,3,0,VM-110,prod-7,Detox Green Juice,Fresh Juices,13
2026-02-12,42,3,0,VM-110,prod-8,Mango Passion Kombucha,Fresh Juices,10
2026-02-13,43,4,0,VM-101,prod-1,Nitro Cold Brew,Coffee & Tea,15
2026-02-13,43,4,0,VM-101,prod-2,Matcha Green Tea Latte,Coffee & Tea,27
2026-02-13,43,4,0,VM-101,prod-3,Electrolyte Spark Hydration,Hydration,11
2026-02-13,43,4,0,VM-101,prod-4,Dark Chocolate Almond Bar,Snacks,19
2026-02-13,43,4,0,VM-101,prod-5,Dragonfruit Sparkling Water,Hydration,16
2026-02-13,43,4,0,VM-101,prod-6,Organic Protein Crunch Bar,Snacks,16
2026-02-13,43,4,0,VM-101,prod-7,Detox Green Juice,Fresh Juices,16
2026-02-13,43,4,0,VM-101,prod-8,Mango Passion Kombucha,Fresh Juices,13
2026-02-13,43,4,0,VM-102,prod-1,Nitro Cold Brew,Coffee & Tea,24
2026-02-13,43,4,0,VM-102,prod-2,Matcha Green Tea Latte,Coffee & Tea,26
2026-02-13,43,4,0,VM-102,prod-3,Electrolyte Spark Hydration,Hydration,22
2026-02-13,43,4,0,VM-102,prod-4,Dark Chocolate Almond Bar,Snacks,29
2026-02-13,43,4,0,VM-102,prod-5,Dragonfruit Sparkling Water,Hydration,15
2026-02-13,43,4,0,VM-102,prod-6,Organic Protein Crunch Bar,Snacks,20
2026-02-13,43,4,0,VM-102,prod-7,Detox Green Juice,Fresh Juices,13
2026-02-13,43,4,0,VM-102,prod-8,Mango Passion Kombucha,Fresh Juices,21
2026-02-13,43,4,0,VM-103,prod-1,Nitro Cold Brew,Coffee & Tea,19
2026-02-13,43,4,0,VM-103,prod-2,Matcha Green Tea Latte,Coffee & Tea,30
2026-02-13,43,4,0,VM-103,prod-3,Electrolyte Spark Hydration,Hydration,19
2026-02-13,43,4,0,VM-103,prod-4,Dark Chocolate Almond Bar,Snacks,47
2026-02-13,43,4,0,VM-103,prod-5,Dragonfruit Sparkling Water,Hydration,14
2026-02-13,43,4,0,VM-103,prod-6,Organic Protein Crunch Bar,Snacks,14
2026-02-13,43,4,0,VM-103,prod-7,Detox Green Juice,Fresh Juices,13
2026-02-13,43,4,0,VM-103,prod-8,Mango Passion Kombucha,Fresh Juices,15
2026-02-13,43,4,0,VM-104,prod-1,Nitro Cold Brew,Coffee & Tea,20
2026-02-13,43,4,0,VM-104,prod-2,Matcha Green Tea Latte,Coffee & Tea,24
2026-02-13,43,4,0,VM-104,prod-3,Electrolyte Spark Hydration,Hydration,29
2026-02-13,43,4,0,VM-104,prod-4,Dark Chocolate Almond Bar,Snacks,29
2026-02-13,43,4,0,VM-104,prod-5,Dragonfruit Sparkling Water,Hydration,8
2026-02-13,43,4,0,VM-104,prod-6,Organic Protein Crunch Bar,Snacks,12
2026-02-13,43,4,0,VM-104,prod-7,Detox Green Juice,Fresh Juices,13
2026-02-13,43,4,0,VM-104,prod-8,Mango Passion Kombucha,Fresh Juices,17
2026-02-13,43,4,0,VM-105,prod-1,Nitro Cold Brew,Coffee & Tea,23
2026-02-13,43,4,0,VM-105,prod-2,Matcha Green Tea Latte,Coffee & Tea,17
2026-02-13,43,4,0,VM-105,prod-3,Electrolyte Spark Hydration,Hydration,10
2026-02-13,43,4,0,VM-105,prod-4,Dark Chocolate Almond Bar,Snacks,36
2026-02-13,43,4,0,VM-105,prod-5,Dragonfruit Sparkling Water,Hydration,9
2026-02-13,43,4,0,VM-105,prod-6,Organic Protein Crunch Bar,Snacks,24
2026-02-13,43,4,0,VM-105,prod-7,Detox Green Juice,Fresh Juices,12
2026-02-13,43,4,0,VM-105,prod-8,Mango Passion Kombucha,Fresh Juices,12
2026-02-13,43,4,0,VM-106,prod-1,Nitro Cold Brew,Coffee & Tea,40
2026-02-13,43,4,0,VM-106,prod-2,Matcha Green Tea Latte,Coffee & Tea,14
2026-02-13,43,4,0,VM-106,prod-3,Electrolyte Spark Hydration,Hydration,14
2026-02-13,43,4,0,VM-106,prod-4,Dark Chocolate Almond Bar,Snacks,28
2026-02-13,43,4,0,VM-106,prod-5,Dragonfruit Sparkling Water,Hydration,16
2026-02-13,43,4,0,VM-106,prod-6,Organic Protein Crunch Bar,Snacks,16
2026-02-13,43,4,0,VM-106,prod-7,Detox Green Juice,Fresh Juices,13
2026-02-13,43,4,0,VM-106,prod-8,Mango Passion Kombucha,Fresh Juices,20
2026-02-13,43,4,0,VM-107,prod-1,Nitro Cold Brew,Coffee & Tea,24
2026-02-13,43,4,0,VM-107,prod-2,Matcha Green Tea Latte,Coffee & Tea,10
2026-02-13,43,4,0,VM-107,prod-3,Electrolyte Spark Hydration,Hydration,9
2026-02-13,43,4,0,VM-107,prod-4,Dark Chocolate Almond Bar,Snacks,24
2026-02-13,43,4,0,VM-107,prod-5,Dragonfruit Sparkling Water,Hydration,20
2026-02-13,43,4,0,VM-107,prod-6,Organic Protein Crunch Bar,Snacks,22
2026-02-13,43,4,0,VM-107,prod-7,Detox Green Juice,Fresh Juices,6
2026-02-13,43,4,0,VM-107,prod-8,Mango Passion Kombucha,Fresh Juices,12
2026-02-13,43,4,0,VM-108,prod-1,Nitro Cold Brew,Coffee & Tea,39
2026-02-13,43,4,0,VM-108,prod-2,Matcha Green Tea Latte,Coffee & Tea,26
2026-02-13,43,4,0,VM-108,prod-3,Electrolyte Spark Hydration,Hydration,15
2026-02-13,43,4,0,VM-108,prod-4,Dark Chocolate Almond Bar,Snacks,37
2026-02-13,43,4,0,VM-108,prod-5,Dragonfruit Sparkling Water,Hydration,14
2026-02-13,43,4,0,VM-108,prod-6,Organic Protein Crunch Bar,Snacks,15
2026-02-13,43,4,0,VM-108,prod-7,Detox Green Juice,Fresh Juices,11
2026-02-13,43,4,0,VM-108,prod-8,Mango Passion Kombucha,Fresh Juices,21
2026-02-13,43,4,0,VM-109,prod-1,Nitro Cold Brew,Coffee & Tea,12
2026-02-13,43,4,0,VM-109,prod-2,Matcha Green Tea Latte,Coffee & Tea,18
2026-02-13,43,4,0,VM-109,prod-3,Electrolyte Spark Hydration,Hydration,7
2026-02-13,43,4,0,VM-109,prod-4,Dark Chocolate Almond Bar,Snacks,32
2026-02-13,43,4,0,VM-109,prod-5,Dragonfruit Sparkling Water,Hydration,16
2026-02-13,43,4,0,VM-109,prod-6,Organic Protein Crunch Bar,Snacks,18
2026-02-13,43,4,0,VM-109,prod-7,Detox Green Juice,Fresh Juices,17
2026-02-13,43,4,0,VM-109,prod-8,Mango Passion Kombucha,Fresh Juices,18
2026-02-13,43,4,0,VM-110,prod-1,Nitro Cold Brew,Coffee & Tea,18
2026-02-13,43,4,0,VM-110,prod-2,Matcha Green Tea Latte,Coffee & Tea,21
2026-02-13,43,4,0,VM-110,prod-3,Electrolyte Spark Hydration,Hydration,8
2026-02-13,43,4,0,VM-110,prod-4,Dark Chocolate Almond Bar,Snacks,36
2026-02-13,43,4,0,VM-110,prod-5,Dragonfruit Sparkling Water,Hydration,9
2026-02-13,43,4,0,VM-110,prod-6,Organic Protein Crunch Bar,Snacks,30
2026-02-13,43,4,0,VM-110,prod-7,Detox Green Juice,Fresh Juices,14
2026-02-13,43,4,0,VM-110,prod-8,Mango Passion Kombucha,Fresh Juices,14
2026-02-14,44,5,1,VM-101,prod-1,Nitro Cold Brew,Coffee & Tea,20
2026-02-14,44,5,1,VM-101,prod-2,Matcha Green Tea Latte,Coffee & Tea,24
2026-02-14,44,5,1,VM-101,prod-3,Electrolyte Spark Hydration,Hydration,8
2026-02-14,44,5,1,VM-101,prod-4,Dark Chocolate Almond Bar,Snacks,16
2026-02-14,44,5,1,VM-101,prod-5,Dragonfruit Sparkling Water,Hydration,17
2026-02-14,44,5,1,VM-101,prod-6,Organic Protein Crunch Bar,Snacks,14
2026-02-14,44,5,1,VM-101,prod-7,Detox Green Juice,Fresh Juices,18
2026-02-14,44,5,1,VM-101,prod-8,Mango Passion Kombucha,Fresh Juices,11
2026-02-14,44,5,1,VM-102,prod-1,Nitro Cold Brew,Coffee & Tea,28
2026-02-14,44,5,1,VM-102,prod-2,Matcha Green Tea Latte,Coffee & Tea,24
2026-02-14,44,5,1,VM-102,prod-3,Electrolyte Spark Hydration,Hydration,23
2026-02-14,44,5,1,VM-102,prod-4,Dark Chocolate Almond Bar,Snacks,26
2026-02-14,44,5,1,VM-102,prod-5,Dragonfruit Sparkling Water,Hydration,20
2026-02-14,44,5,1,VM-102,prod-6,Organic Protein Crunch Bar,Snacks,21
2026-02-14,44,5,1,VM-102,prod-7,Detox Green Juice,Fresh Juices,15
2026-02-14,44,5,1,VM-102,prod-8,Mango Passion Kombucha,Fresh Juices,16
2026-02-14,44,5,1,VM-103,prod-1,Nitro Cold Brew,Coffee & Tea,23
2026-02-14,44,5,1,VM-103,prod-2,Matcha Green Tea Latte,Coffee & Tea,49
2026-02-14,44,5,1,VM-103,prod-3,Electrolyte Spark Hydration,Hydration,14
2026-02-14,44,5,1,VM-103,prod-4,Dark Chocolate Almond Bar,Snacks,36
2026-02-14,44,5,1,VM-103,prod-5,Dragonfruit Sparkling Water,Hydration,12
2026-02-14,44,5,1,VM-103,prod-6,Organic Protein Crunch Bar,Snacks,19
2026-02-14,44,5,1,VM-103,prod-7,Detox Green Juice,Fresh Juices,16
2026-02-14,44,5,1,VM-103,prod-8,Mango Passion Kombucha,Fresh Juices,16
2026-02-14,44,5,1,VM-104,prod-1,Nitro Cold Brew,Coffee & Tea,26
2026-02-14,44,5,1,VM-104,prod-2,Matcha Green Tea Latte,Coffee & Tea,31
2026-02-14,44,5,1,VM-104,prod-3,Electrolyte Spark Hydration,Hydration,25
2026-02-14,44,5,1,VM-104,prod-4,Dark Chocolate Almond Bar,Snacks,33
2026-02-14,44,5,1,VM-104,prod-5,Dragonfruit Sparkling Water,Hydration,8
2026-02-14,44,5,1,VM-104,prod-6,Organic Protein Crunch Bar,Snacks,13
2026-02-14,44,5,1,VM-104,prod-7,Detox Green Juice,Fresh Juices,8
2026-02-14,44,5,1,VM-104,prod-8,Mango Passion Kombucha,Fresh Juices,26
2026-02-14,44,5,1,VM-105,prod-1,Nitro Cold Brew,Coffee & Tea,20
2026-02-14,44,5,1,VM-105,prod-2,Matcha Green Tea Latte,Coffee & Tea,15
2026-02-14,44,5,1,VM-105,prod-3,Electrolyte Spark Hydration,Hydration,12
2026-02-14,44,5,1,VM-105,prod-4,Dark Chocolate Almond Bar,Snacks,31
2026-02-14,44,5,1,VM-105,prod-5,Dragonfruit Sparkling Water,Hydration,11
2026-02-14,44,5,1,VM-105,prod-6,Organic Protein Crunch Bar,Snacks,26
2026-02-14,44,5,1,VM-105,prod-7,Detox Green Juice,Fresh Juices,12
2026-02-14,44,5,1,VM-105,prod-8,Mango Passion Kombucha,Fresh Juices,13
2026-02-14,44,5,1,VM-106,prod-1,Nitro Cold Brew,Coffee & Tea,33
2026-02-14,44,5,1,VM-106,prod-2,Matcha Green Tea Latte,Coffee & Tea,17
2026-02-14,44,5,1,VM-106,prod-3,Electrolyte Spark Hydration,Hydration,14
2026-02-14,44,5,1,VM-106,prod-4,Dark Chocolate Almond Bar,Snacks,29
2026-02-14,44,5,1,VM-106,prod-5,Dragonfruit Sparkling Water,Hydration,26
2026-02-14,44,5,1,VM-106,prod-6,Organic Protein Crunch Bar,Snacks,15
2026-02-14,44,5,1,VM-106,prod-7,Detox Green Juice,Fresh Juices,20
2026-02-14,44,5,1,VM-106,prod-8,Mango Passion Kombucha,Fresh Juices,22
2026-02-14,44,5,1,VM-107,prod-1,Nitro Cold Brew,Coffee & Tea,26
2026-02-14,44,5,1,VM-107,prod-2,Matcha Green Tea Latte,Coffee & Tea,11
2026-02-14,44,5,1,VM-107,prod-3,Electrolyte Spark Hydration,Hydration,12
2026-02-14,44,5,1,VM-107,prod-4,Dark Chocolate Almond Bar,Snacks,27
2026-02-14,44,5,1,VM-107,prod-5,Dragonfruit Sparkling Water,Hydration,21
2026-02-14,44,5,1,VM-107,prod-6,Organic Protein Crunch Bar,Snacks,19
2026-02-14,44,5,1,VM-107,prod-7,Detox Green Juice,Fresh Juices,6
2026-02-14,44,5,1,VM-107,prod-8,Mango Passion Kombucha,Fresh Juices,14
2026-02-14,44,5,1,VM-108,prod-1,Nitro Cold Brew,Coffee & Tea,39
2026-02-14,44,5,1,VM-108,prod-2,Matcha Green Tea Latte,Coffee & Tea,23
2026-02-14,44,5,1,VM-108,prod-3,Electrolyte Spark Hydration,Hydration,23
2026-02-14,44,5,1,VM-108,prod-4,Dark Chocolate Almond Bar,Snacks,44
2026-02-14,44,5,1,VM-108,prod-5,Dragonfruit Sparkling Water,Hydration,17
2026-02-14,44,5,1,VM-108,prod-6,Organic Protein Crunch Bar,Snacks,14
2026-02-14,44,5,1,VM-108,prod-7,Detox Green Juice,Fresh Juices,9
2026-02-14,44,5,1,VM-108,prod-8,Mango Passion Kombucha,Fresh Juices,26
2026-02-14,44,5,1,VM-109,prod-1,Nitro Cold Brew,Coffee & Tea,13
2026-02-14,44,5,1,VM-109,prod-2,Matcha Green Tea Latte,Coffee & Tea,20
2026-02-14,44,5,1,VM-109,prod-3,Electrolyte Spark Hydration,Hydration,10
2026-02-14,44,5,1,VM-109,prod-4,Dark Chocolate Almond Bar,Snacks,37
2026-02-14,44,5,1,VM-109,prod-5,Dragonfruit Sparkling Water,Hydration,12
2026-02-14,44,5,1,VM-109,prod-6,Organic Protein Crunch Bar,Snacks,16
2026-02-14,44,5,1,VM-109,prod-7,Detox Green Juice,Fresh Juices,19
2026-02-14,44,5,1,VM-109,prod-8,Mango Passion Kombucha,Fresh Juices,12
2026-02-14,44,5,1,VM-110,prod-1,Nitro Cold Brew,Coffee & Tea,20
2026-02-14,44,5,1,VM-110,prod-2,Matcha Green Tea Latte,Coffee & Tea,21
2026-02-14,44,5,1,VM-110,prod-3,Electrolyte Spark Hydration,Hydration,13
2026-02-14,44,5,1,VM-110,prod-4,Dark Chocolate Almond Bar,Snacks,47
2026-02-14,44,5,1,VM-110,prod-5,Dragonfruit Sparkling Water,Hydration,9
2026-02-14,44,5,1,VM-110,prod-6,Organic Protein Crunch Bar,Snacks,28
2026-02-14,44,5,1,VM-110,prod-7,Detox Green Juice,Fresh Juices,19
2026-02-14,44,5,1,VM-110,prod-8,Mango Passion Kombucha,Fresh Juices,19
2026-02-15,45,6,1,VM-101,prod-1,Nitro Cold Brew,Coffee & Tea,15
2026-02-15,45,6,1,VM-101,prod-2,Matcha Green Tea Latte,Coffee & Tea,15
2026-02-15,45,6,1,VM-101,prod-3,Electrolyte Spark Hydration,Hydration,7
2026-02-15,45,6,1,VM-101,prod-4,Dark Chocolate Almond Bar,Snacks,18
2026-02-15,45,6,1,VM-101,prod-5,Dragonfruit Sparkling Water,Hydration,15
2026-02-15,45,6,1,VM-101,prod-6,Organic Protein Crunch Bar,Snacks,14
2026-02-15,45,6,1,VM-101,prod-7,Detox Green Juice,Fresh Juices,11
2026-02-15,45,6,1,VM-101,prod-8,Mango Passion Kombucha,Fresh Juices,6
2026-02-15,45,6,1,VM-102,prod-1,Nitro Cold Brew,Coffee & Tea,25
2026-02-15,45,6,1,VM-102,prod-2,Matcha Green Tea Latte,Coffee & Tea,17
2026-02-15,45,6,1,VM-102,prod-3,Electrolyte Spark Hydration,Hydration,13
2026-02-15,45,6,1,VM-102,prod-4,Dark Chocolate Almond Bar,Snacks,25
2026-02-15,45,6,1,VM-102,prod-5,Dragonfruit Sparkling Water,Hydration,18
2026-02-15,45,6,1,VM-102,prod-6,Organic Protein Crunch Bar,Snacks,17
2026-02-15,45,6,1,VM-102,prod-7,Detox Green Juice,Fresh Juices,12
2026-02-15,45,6,1,VM-102,prod-8,Mango Passion Kombucha,Fresh Juices,20
2026-02-15,45,6,1,VM-103,prod-1,Nitro Cold Brew,Coffee & Tea,18
2026-02-15,45,6,1,VM-103,prod-2,Matcha Green Tea Latte,Coffee & Tea,25
2026-02-15,45,6,1,VM-103,prod-3,Electrolyte Spark Hydration,Hydration,12
2026-02-15,45,6,1,VM-103,prod-4,Dark Chocolate Almond Bar,Snacks,37
2026-02-15,45,6,1,VM-103,prod-5,Dragonfruit Sparkling Water,Hydration,10
2026-02-15,45,6,1,VM-103,prod-6,Organic Protein Crunch Bar,Snacks,16
2026-02-15,45,6,1,VM-103,prod-7,Detox Green Juice,Fresh Juices,10
2026-02-15,45,6,1,VM-103,prod-8,Mango Passion Kombucha,Fresh Juices,16
2026-02-15,45,6,1,VM-104,prod-1,Nitro Cold Brew,Coffee & Tea,14
2026-02-15,45,6,1,VM-104,prod-2,Matcha Green Tea Latte,Coffee & Tea,25
2026-02-15,45,6,1,VM-104,prod-3,Electrolyte Spark Hydration,Hydration,27
2026-02-15,45,6,1,VM-104,prod-4,Dark Chocolate Almond Bar,Snacks,21
2026-02-15,45,6,1,VM-104,prod-5,Dragonfruit Sparkling Water,Hydration,5
2026-02-15,45,6,1,VM-104,prod-6,Organic Protein Crunch Bar,Snacks,10
2026-02-15,45,6,1,VM-104,prod-7,Detox Green Juice,Fresh Juices,10
2026-02-15,45,6,1,VM-104,prod-8,Mango Passion Kombucha,Fresh Juices,18
2026-02-15,45,6,1,VM-105,prod-1,Nitro Cold Brew,Coffee & Tea,15
2026-02-15,45,6,1,VM-105,prod-2,Matcha Green Tea Latte,Coffee & Tea,9
2026-02-15,45,6,1,VM-105,prod-3,Electrolyte Spark Hydration,Hydration,11
2026-02-15,45,6,1,VM-105,prod-4,Dark Chocolate Almond Bar,Snacks,36
2026-02-15,45,6,1,VM-105,prod-5,Dragonfruit Sparkling Water,Hydration,8
2026-02-15,45,6,1,VM-105,prod-6,Organic Protein Crunch Bar,Snacks,22
2026-02-15,45,6,1,VM-105,prod-7,Detox Green Juice,Fresh Juices,13
2026-02-15,45,6,1,VM-105,prod-8,Mango Passion Kombucha,Fresh Juices,12
2026-02-15,45,6,1,VM-106,prod-1,Nitro Cold Brew,Coffee & Tea,24
2026-02-15,45,6,1,VM-106,prod-2,Matcha Green Tea Latte,Coffee & Tea,14
2026-02-15,45,6,1,VM-106,prod-3,Electrolyte Spark Hydration,Hydration,11
2026-02-15,45,6,1,VM-106,prod-4,Dark Chocolate Almond Bar,Snacks,28
2026-02-15,45,6,1,VM-106,prod-5,Dragonfruit Sparkling Water,Hydration,14
2026-02-15,45,6,1,VM-106,prod-6,Organic Protein Crunch Bar,Snacks,15
2026-02-15,45,6,1,VM-106,prod-7,Detox Green Juice,Fresh Juices,16
2026-02-15,45,6,1,VM-106,prod-8,Mango Passion Kombucha,Fresh Juices,18
2026-02-15,45,6,1,VM-107,prod-1,Nitro Cold Brew,Coffee & Tea,24
2026-02-15,45,6,1,VM-107,prod-2,Matcha Green Tea Latte,Coffee & Tea,8
2026-02-15,45,6,1,VM-107,prod-3,Electrolyte Spark Hydration,Hydration,7
2026-02-15,45,6,1,VM-107,prod-4,Dark Chocolate Almond Bar,Snacks,18
2026-02-15,45,6,1,VM-107,prod-5,Dragonfruit Sparkling Water,Hydration,12
2026-02-15,45,6,1,VM-107,prod-6,Organic Protein Crunch Bar,Snacks,19
2026-02-15,45,6,1,VM-107,prod-7,Detox Green Juice,Fresh Juices,4
2026-02-15,45,6,1,VM-107,prod-8,Mango Passion Kombucha,Fresh Juices,9
2026-02-15,45,6,1,VM-108,prod-1,Nitro Cold Brew,Coffee & Tea,20
2026-02-15,45,6,1,VM-108,prod-2,Matcha Green Tea Latte,Coffee & Tea,20
2026-02-15,45,6,1,VM-108,prod-3,Electrolyte Spark Hydration,Hydration,17
2026-02-15,45,6,1,VM-108,prod-4,Dark Chocolate Almond Bar,Snacks,29
2026-02-15,45,6,1,VM-108,prod-5,Dragonfruit Sparkling Water,Hydration,15
2026-02-15,45,6,1,VM-108,prod-6,Organic Protein Crunch Bar,Snacks,11
2026-02-15,45,6,1,VM-108,prod-7,Detox Green Juice,Fresh Juices,8
2026-02-15,45,6,1,VM-108,prod-8,Mango Passion Kombucha,Fresh Juices,20
2026-02-15,45,6,1,VM-109,prod-1,Nitro Cold Brew,Coffee & Tea,13
2026-02-15,45,6,1,VM-109,prod-2,Matcha Green Tea Latte,Coffee & Tea,12
2026-02-15,45,6,1,VM-109,prod-3,Electrolyte Spark Hydration,Hydration,9
2026-02-15,45,6,1,VM-109,prod-4,Dark Chocolate Almond Bar,Snacks,37
2026-02-15,45,6,1,VM-109,prod-5,Dragonfruit Sparkling Water,Hydration,14
2026-02-15,45,6,1,VM-109,prod-6,Organic Protein Crunch Bar,Snacks,16
2026-02-15,45,6,1,VM-109,prod-7,Detox Green Juice,Fresh Juices,16
2026-02-15,45,6,1,VM-109,prod-8,Mango Passion Kombucha,Fresh Juices,14
2026-02-15,45,6,1,VM-110,prod-1,Nitro Cold Brew,Coffee & Tea,15
2026-02-15,45,6,1,VM-110,prod-2,Matcha Green Tea Latte,Coffee & Tea,17
2026-02-15,45,6,1,VM-110,prod-3,Electrolyte Spark Hydration,Hydration,7
2026-02-15,45,6,1,VM-110,prod-4,Dark Chocolate Almond Bar,Snacks,31
2026-02-15,45,6,1,VM-110,prod-5,Dragonfruit Sparkling Water,Hydration,7
2026-02-15,45,6,1,VM-110,prod-6,Organic Protein Crunch Bar,Snacks,21
2026-02-15,45,6,1,VM-110,prod-7,Detox Green Juice,Fresh Juices,11
2026-02-15,45,6,1,VM-110,prod-8,Mango Passion Kombucha,Fresh Juices,10
2026-02-16,46,0,0,VM-101,prod-1,Nitro Cold Brew,Coffee & Tea,12
2026-02-16,46,0,0,VM-101,prod-2,Matcha Green Tea Latte,Coffee & Tea,15
2026-02-16,46,0,0,VM-101,prod-3,Electrolyte Spark Hydration,Hydration,5
2026-02-16,46,0,0,VM-101,prod-4,Dark Chocolate Almond Bar,Snacks,13
2026-02-16,46,0,0,VM-101,prod-5,Dragonfruit Sparkling Water,Hydration,10
2026-02-16,46,0,0,VM-101,prod-6,Organic Protein Crunch Bar,Snacks,6
2026-02-16,46,0,0,VM-101,prod-7,Detox Green Juice,Fresh Juices,11
2026-02-16,46,0,0,VM-101,prod-8,Mango Passion Kombucha,Fresh Juices,8
2026-02-16,46,0,0,VM-102,prod-1,Nitro Cold Brew,Coffee & Tea,14
2026-02-16,46,0,0,VM-102,prod-2,Matcha Green Tea Latte,Coffee & Tea,15
2026-02-16,46,0,0,VM-102,prod-3,Electrolyte Spark Hydration,Hydration,12
2026-02-16,46,0,0,VM-102,prod-4,Dark Chocolate Almond Bar,Snacks,19
2026-02-16,46,0,0,VM-102,prod-5,Dragonfruit Sparkling Water,Hydration,10
2026-02-16,46,0,0,VM-102,prod-6,Organic Protein Crunch Bar,Snacks,9
2026-02-16,46,0,0,VM-102,prod-7,Detox Green Juice,Fresh Juices,9
2026-02-16,46,0,0,VM-102,prod-8,Mango Passion Kombucha,Fresh Juices,15
2026-02-16,46,0,0,VM-103,prod-1,Nitro Cold Brew,Coffee & Tea,14
2026-02-16,46,0,0,VM-103,prod-2,Matcha Green Tea Latte,Coffee & Tea,19
2026-02-16,46,0,0,VM-103,prod-3,Electrolyte Spark Hydration,Hydration,9
2026-02-16,46,0,0,VM-103,prod-4,Dark Chocolate Almond Bar,Snacks,27
2026-02-16,46,0,0,VM-103,prod-5,Dragonfruit Sparkling Water,Hydration,7
2026-02-16,46,0,0,VM-103,prod-6,Organic Protein Crunch Bar,Snacks,12
2026-02-16,46,0,0,VM-103,prod-7,Detox Green Juice,Fresh Juices,8
2026-02-16,46,0,0,VM-103,prod-8,Mango Passion Kombucha,Fresh Juices,15
2026-02-16,46,0,0,VM-104,prod-1,Nitro Cold Brew,Coffee & Tea,12
2026-02-16,46,0,0,VM-104,prod-2,Matcha Green Tea Latte,Coffee & Tea,19
2026-02-16,46,0,0,VM-104,prod-3,Electrolyte Spark Hydration,Hydration,19
2026-02-16,46,0,0,VM-104,prod-4,Dark Chocolate Almond Bar,Snacks,21
2026-02-16,46,0,0,VM-104,prod-5,Dragonfruit Sparkling Water,Hydration,4
2026-02-16,46,0,0,VM-104,prod-6,Organic Protein Crunch Bar,Snacks,7
2026-02-16,46,0,0,VM-104,prod-7,Detox Green Juice,Fresh Juices,7
2026-02-16,46,0,0,VM-104,prod-8,Mango Passion Kombucha,Fresh Juices,11
2026-02-16,46,0,0,VM-105,prod-1,Nitro Cold Brew,Coffee & Tea,11
2026-02-16,46,0,0,VM-105,prod-2,Matcha Green Tea Latte,Coffee & Tea,9
2026-02-16,46,0,0,VM-105,prod-3,Electrolyte Spark Hydration,Hydration,9
2026-02-16,46,0,0,VM-105,prod-4,Dark Chocolate Almond Bar,Snacks,21
2026-02-16,46,0,0,VM-105,prod-5,Dragonfruit Sparkling Water,Hydration,5
2026-02-16,46,0,0,VM-105,prod-6,Organic Protein Crunch Bar,Snacks,16
2026-02-16,46,0,0,VM-105,prod-7,Detox Green Juice,Fresh Juices,8
2026-02-16,46,0,0,VM-105,prod-8,Mango Passion Kombucha,Fresh Juices,8
2026-02-16,46,0,0,VM-106,prod-1,Nitro Cold Brew,Coffee & Tea,23
2026-02-16,46,0,0,VM-106,prod-2,Matcha Green Tea Latte,Coffee & Tea,7
2026-02-16,46,0,0,VM-106,prod-3,Electrolyte Spark Hydration,Hydration,10
2026-02-16,46,0,0,VM-106,prod-4,Dark Chocolate Almond Bar,Snacks,24
2026-02-16,46,0,0,VM-106,prod-5,Dragonfruit Sparkling Water,Hydration,14
2026-02-16,46,0,0,VM-106,prod-6,Organic Protein Crunch Bar,Snacks,9
2026-02-16,46,0,0,VM-106,prod-7,Detox Green Juice,Fresh Juices,10
2026-02-16,46,0,0,VM-106,prod-8,Mango Passion Kombucha,Fresh Juices,11
2026-02-16,46,0,0,VM-107,prod-1,Nitro Cold Brew,Coffee & Tea,14
2026-02-16,46,0,0,VM-107,prod-2,Matcha Green Tea Latte,Coffee & Tea,7
2026-02-16,46,0,0,VM-107,prod-3,Electrolyte Spark Hydration,Hydration,8
2026-02-16,46,0,0,VM-107,prod-4,Dark Chocolate Almond Bar,Snacks,12
2026-02-16,46,0,0,VM-107,prod-5,Dragonfruit Sparkling Water,Hydration,11
2026-02-16,46,0,0,VM-107,prod-6,Organic Protein Crunch Bar,Snacks,13
2026-02-16,46,0,0,VM-107,prod-7,Detox Green Juice,Fresh Juices,3
2026-02-16,46,0,0,VM-107,prod-8,Mango Passion Kombucha,Fresh Juices,9
2026-02-16,46,0,0,VM-108,prod-1,Nitro Cold Brew,Coffee & Tea,19
2026-02-16,46,0,0,VM-108,prod-2,Matcha Green Tea Latte,Coffee & Tea,14
2026-02-16,46,0,0,VM-108,prod-3,Electrolyte Spark Hydration,Hydration,12
2026-02-16,46,0,0,VM-108,prod-4,Dark Chocolate Almond Bar,Snacks,20
2026-02-16,46,0,0,VM-108,prod-5,Dragonfruit Sparkling Water,Hydration,13
2026-02-16,46,0,0,VM-108,prod-6,Organic Protein Crunch Bar,Snacks,9
2026-02-16,46,0,0,VM-108,prod-7,Detox Green Juice,Fresh Juices,5
2026-02-16,46,0,0,VM-108,prod-8,Mango Passion Kombucha,Fresh Juices,14
2026-02-16,46,0,0,VM-109,prod-1,Nitro Cold Brew,Coffee & Tea,9
2026-02-16,46,0,0,VM-109,prod-2,Matcha Green Tea Latte,Coffee & Tea,13
2026-02-16,46,0,0,VM-109,prod-3,Electrolyte Spark Hydration,Hydration,6
2026-02-16,46,0,0,VM-109,prod-4,Dark Chocolate Almond Bar,Snacks,26
2026-02-16,46,0,0,VM-109,prod-5,Dragonfruit Sparkling Water,Hydration,8
2026-02-16,46,0,0,VM-109,prod-6,Organic Protein Crunch Bar,Snacks,13
2026-02-16,46,0,0,VM-109,prod-7,Detox Green Juice,Fresh Juices,9
2026-02-16,46,0,0,VM-109,prod-8,Mango Passion Kombucha,Fresh Juices,8
2026-02-16,46,0,0,VM-110,prod-1,Nitro Cold Brew,Coffee & Tea,10
2026-02-16,46,0,0,VM-110,prod-2,Matcha Green Tea Latte,Coffee & Tea,16
2026-02-16,46,0,0,VM-110,prod-3,Electrolyte Spark Hydration,Hydration,6
2026-02-16,46,0,0,VM-110,prod-4,Dark Chocolate Almond Bar,Snacks,23
2026-02-16,46,0,0,VM-110,prod-5,Dragonfruit Sparkling Water,Hydration,4
2026-02-16,46,0,0,VM-110,prod-6,Organic Protein Crunch Bar,Snacks,18
2026-02-16,46,0,0,VM-110,prod-7,Detox Green Juice,Fresh Juices,11
2026-02-16,46,0,0,VM-110,prod-8,Mango Passion Kombucha,Fresh Juices,10
2026-02-17,47,1,0,VM-101,prod-1,Nitro Cold Brew,Coffee & Tea,12
2026-02-17,47,1,0,VM-101,prod-2,Matcha Green Tea Latte,Coffee & Tea,15
2026-02-17,47,1,0,VM-101,prod-3,Electrolyte Spark Hydration,Hydration,7
2026-02-17,47,1,0,VM-101,prod-4,Dark Chocolate Almond Bar,Snacks,15
2026-02-17,47,1,0,VM-101,prod-5,Dragonfruit Sparkling Water,Hydration,8
2026-02-17,47,1,0,VM-101,prod-6,Organic Protein Crunch Bar,Snacks,10
2026-02-17,47,1,0,VM-101,prod-7,Detox Green Juice,Fresh Juices,11
2026-02-17,47,1,0,VM-101,prod-8,Mango Passion Kombucha,Fresh Juices,9
2026-02-17,47,1,0,VM-102,prod-1,Nitro Cold Brew,Coffee & Tea,21
2026-02-17,47,1,0,VM-102,prod-2,Matcha Green Tea Latte,Coffee & Tea,17
2026-02-17,47,1,0,VM-102,prod-3,Electrolyte Spark Hydration,Hydration,14
2026-02-17,47,1,0,VM-102,prod-4,Dark Chocolate Almond Bar,Snacks,15
2026-02-17,47,1,0,VM-102,prod-5,Dragonfruit Sparkling Water,Hydration,13
2026-02-17,47,1,0,VM-102,prod-6,Organic Protein Crunch Bar,Snacks,16
2026-02-17,47,1,0,VM-102,prod-7,Detox Green Juice,Fresh Juices,13
2026-02-17,47,1,0,VM-102,prod-8,Mango Passion Kombucha,Fresh Juices,18
2026-02-17,47,1,0,VM-103,prod-1,Nitro Cold Brew,Coffee & Tea,17
2026-02-17,47,1,0,VM-103,prod-2,Matcha Green Tea Latte,Coffee & Tea,28
2026-02-17,47,1,0,VM-103,prod-3,Electrolyte Spark Hydration,Hydration,10
2026-02-17,47,1,0,VM-103,prod-4,Dark Chocolate Almond Bar,Snacks,28
2026-02-17,47,1,0,VM-103,prod-5,Dragonfruit Sparkling Water,Hydration,10
2026-02-17,47,1,0,VM-103,prod-6,Organic Protein Crunch Bar,Snacks,11
2026-02-17,47,1,0,VM-103,prod-7,Detox Green Juice,Fresh Juices,12
2026-02-17,47,1,0,VM-103,prod-8,Mango Passion Kombucha,Fresh Juices,13
2026-02-17,47,1,0,VM-104,prod-1,Nitro Cold Brew,Coffee & Tea,20
2026-02-17,47,1,0,VM-104,prod-2,Matcha Green Tea Latte,Coffee & Tea,16
2026-02-17,47,1,0,VM-104,prod-3,Electrolyte Spark Hydration,Hydration,20
2026-02-17,47,1,0,VM-104,prod-4,Dark Chocolate Almond Bar,Snacks,20
2026-02-17,47,1,0,VM-104,prod-5,Dragonfruit Sparkling Water,Hydration,4
2026-02-17,47,1,0,VM-104,prod-6,Organic Protein Crunch Bar,Snacks,8
2026-02-17,47,1,0,VM-104,prod-7,Detox Green Juice,Fresh Juices,8
2026-02-17,47,1,0,VM-104,prod-8,Mango Passion Kombucha,Fresh Juices,14
2026-02-17,47,1,0,VM-105,prod-1,Nitro Cold Brew,Coffee & Tea,11
2026-02-17,47,1,0,VM-105,prod-2,Matcha Green Tea Latte,Coffee & Tea,11
2026-02-17,47,1,0,VM-105,prod-3,Electrolyte Spark Hydration,Hydration,9
2026-02-17,47,1,0,VM-105,prod-4,Dark Chocolate Almond Bar,Snacks,24
2026-02-17,47,1,0,VM-105,prod-5,Dragonfruit Sparkling Water,Hydration,7
2026-02-17,47,1,0,VM-105,prod-6,Organic Protein Crunch Bar,Snacks,18
2026-02-17,47,1,0,VM-105,prod-7,Detox Green Juice,Fresh Juices,13
2026-02-17,47,1,0,VM-105,prod-8,Mango Passion Kombucha,Fresh Juices,10
2026-02-17,47,1,0,VM-106,prod-1,Nitro Cold Brew,Coffee & Tea,22
2026-02-17,47,1,0,VM-106,prod-2,Matcha Green Tea Latte,Coffee & Tea,8
2026-02-17,47,1,0,VM-106,prod-3,Electrolyte Spark Hydration,Hydration,9
2026-02-17,47,1,0,VM-106,prod-4,Dark Chocolate Almond Bar,Snacks,22
2026-02-17,47,1,0,VM-106,prod-5,Dragonfruit Sparkling Water,Hydration,15
2026-02-17,47,1,0,VM-106,prod-6,Organic Protein Crunch Bar,Snacks,11
2026-02-17,47,1,0,VM-106,prod-7,Detox Green Juice,Fresh Juices,10
2026-02-17,47,1,0,VM-106,prod-8,Mango Passion Kombucha,Fresh Juices,16
2026-02-17,47,1,0,VM-107,prod-1,Nitro Cold Brew,Coffee & Tea,19
2026-02-17,47,1,0,VM-107,prod-2,Matcha Green Tea Latte,Coffee & Tea,9
2026-02-17,47,1,0,VM-107,prod-3,Electrolyte Spark Hydration,Hydration,8
2026-02-17,47,1,0,VM-107,prod-4,Dark Chocolate Almond Bar,Snacks,19
2026-02-17,47,1,0,VM-107,prod-5,Dragonfruit Sparkling Water,Hydration,13
2026-02-17,47,1,0,VM-107,prod-6,Organic Protein Crunch Bar,Snacks,15
2026-02-17,47,1,0,VM-107,prod-7,Detox Green Juice,Fresh Juices,6
2026-02-17,47,1,0,VM-107,prod-8,Mango Passion Kombucha,Fresh Juices,7
2026-02-17,47,1,0,VM-108,prod-1,Nitro Cold Brew,Coffee & Tea,23
2026-02-17,47,1,0,VM-108,prod-2,Matcha Green Tea Latte,Coffee & Tea,15
2026-02-17,47,1,0,VM-108,prod-3,Electrolyte Spark Hydration,Hydration,15
2026-02-17,47,1,0,VM-108,prod-4,Dark Chocolate Almond Bar,Snacks,30
2026-02-17,47,1,0,VM-108,prod-5,Dragonfruit Sparkling Water,Hydration,13
2026-02-17,47,1,0,VM-108,prod-6,Organic Protein Crunch Bar,Snacks,7
2026-02-17,47,1,0,VM-108,prod-7,Detox Green Juice,Fresh Juices,6
2026-02-17,47,1,0,VM-108,prod-8,Mango Passion Kombucha,Fresh Juices,20
2026-02-17,47,1,0,VM-109,prod-1,Nitro Cold Brew,Coffee & Tea,11
2026-02-17,47,1,0,VM-109,prod-2,Matcha Green Tea Latte,Coffee & Tea,13
2026-02-17,47,1,0,VM-109,prod-3,Electrolyte Spark Hydration,Hydration,7
2026-02-17,47,1,0,VM-109,prod-4,Dark Chocolate Almond Bar,Snacks,21
2026-02-17,47,1,0,VM-109,prod-5,Dragonfruit Sparkling Water,Hydration,12
2026-02-17,47,1,0,VM-109,prod-6,Organic Protein Crunch Bar,Snacks,13
2026-02-17,47,1,0,VM-109,prod-7,Detox Green Juice,Fresh Juices,17
2026-02-17,47,1,0,VM-109,prod-8,Mango Passion Kombucha,Fresh Juices,13
2026-02-17,47,1,0,VM-110,prod-1,Nitro Cold Brew,Coffee & Tea,11
2026-02-17,47,1,0,VM-110,prod-2,Matcha Green Tea Latte,Coffee & Tea,14
2026-02-17,47,1,0,VM-110,prod-3,Electrolyte Spark Hydration,Hydration,6
2026-02-17,47,1,0,VM-110,prod-4,Dark Chocolate Almond Bar,Snacks,24
2026-02-17,47,1,0,VM-110,prod-5,Dragonfruit Sparkling Water,Hydration,8
2026-02-17,47,1,0,VM-110,prod-6,Organic Protein Crunch Bar,Snacks,21
2026-02-17,47,1,0,VM-110,prod-7,Detox Green Juice,Fresh Juices,10
2026-02-17,47,1,0,VM-110,prod-8,Mango Passion Kombucha,Fresh Juices,14
2026-02-18,48,2,0,VM-101,prod-1,Nitro Cold Brew,Coffee & Tea,18
2026-02-18,48,2,0,VM-101,prod-2,Matcha Green Tea Latte,Coffee & Tea,20
2026-02-18,48,2,0,VM-101,prod-3,Electrolyte Spark Hydration,Hydration,6
2026-02-18,48,2,0,VM-101,prod-4,Dark Chocolate Almond Bar,Snacks,16
2026-02-18,48,2,0,VM-101,prod-5,Dragonfruit Sparkling Water,Hydration,13
2026-02-18,48,2,0,VM-101,prod-6,Organic Protein Crunch Bar,Snacks,8
2026-02-18,48,2,0,VM-101,prod-7,Detox Green Juice,Fresh Juices,15
2026-02-18,48,2,0,VM-101,prod-8,Mango Passion Kombucha,Fresh Juices,10
2026-02-18,48,2,0,VM-102,prod-1,Nitro Cold Brew,Coffee & Tea,19
2026-02-18,48,2,0,VM-102,prod-2,Matcha Green Tea Latte,Coffee & Tea,14
2026-02-18,48,2,0,VM-102,prod-3,Electrolyte Spark Hydration,Hydration,17
2026-02-18,48,2,0,VM-102,prod-4,Dark Chocolate Almond Bar,Snacks,22
2026-02-18,48,2,0,VM-102,prod-5,Dragonfruit Sparkling Water,Hydration,15
2026-02-18,48,2,0,VM-102,prod-6,Organic Protein Crunch Bar,Snacks,15
2026-02-18,48,2,0,VM-102,prod-7,Detox Green Juice,Fresh Juices,12
2026-02-18,48,2,0,VM-102,prod-8,Mango Passion Kombucha,Fresh Juices,21
2026-02-18,48,2,0,VM-103,prod-1,Nitro Cold Brew,Coffee & Tea,19
2026-02-18,48,2,0,VM-103,prod-2,Matcha Green Tea Latte,Coffee & Tea,23
2026-02-18,48,2,0,VM-103,prod-3,Electrolyte Spark Hydration,Hydration,13
2026-02-18,48,2,0,VM-103,prod-4,Dark Chocolate Almond Bar,Snacks,38
2026-02-18,48,2,0,VM-103,prod-5,Dragonfruit Sparkling Water,Hydration,13
2026-02-18,48,2,0,VM-103,prod-6,Organic Protein Crunch Bar,Snacks,11
2026-02-18,48,2,0,VM-103,prod-7,Detox Green Juice,Fresh Juices,10
2026-02-18,48,2,0,VM-103,prod-8,Mango Passion Kombucha,Fresh Juices,10
2026-02-18,48,2,0,VM-104,prod-1,Nitro Cold Brew,Coffee & Tea,19
2026-02-18,48,2,0,VM-104,prod-2,Matcha Green Tea Latte,Coffee & Tea,19
2026-02-18,48,2,0,VM-104,prod-3,Electrolyte Spark Hydration,Hydration,25
2026-02-18,48,2,0,VM-104,prod-4,Dark Chocolate Almond Bar,Snacks,21
2026-02-18,48,2,0,VM-104,prod-5,Dragonfruit Sparkling Water,Hydration,4
2026-02-18,48,2,0,VM-104,prod-6,Organic Protein Crunch Bar,Snacks,8
2026-02-18,48,2,0,VM-104,prod-7,Detox Green Juice,Fresh Juices,5
2026-02-18,48,2,0,VM-104,prod-8,Mango Passion Kombucha,Fresh Juices,19
2026-02-18,48,2,0,VM-105,prod-1,Nitro Cold Brew,Coffee & Tea,10
2026-02-18,48,2,0,VM-105,prod-2,Matcha Green Tea Latte,Coffee & Tea,11
2026-02-18,48,2,0,VM-105,prod-3,Electrolyte Spark Hydration,Hydration,6
2026-02-18,48,2,0,VM-105,prod-4,Dark Chocolate Almond Bar,Snacks,23
2026-02-18,48,2,0,VM-105,prod-5,Dragonfruit Sparkling Water,Hydration,8
2026-02-18,48,2,0,VM-105,prod-6,Organic Protein Crunch Bar,Snacks,20
2026-02-18,48,2,0,VM-105,prod-7,Detox Green Juice,Fresh Juices,9
2026-02-18,48,2,0,VM-105,prod-8,Mango Passion Kombucha,Fresh Juices,10
2026-02-18,48,2,0,VM-106,prod-1,Nitro Cold Brew,Coffee & Tea,24
2026-02-18,48,2,0,VM-106,prod-2,Matcha Green Tea Latte,Coffee & Tea,12
2026-02-18,48,2,0,VM-106,prod-3,Electrolyte Spark Hydration,Hydration,8
2026-02-18,48,2,0,VM-106,prod-4,Dark Chocolate Almond Bar,Snacks,27
2026-02-18,48,2,0,VM-106,prod-5,Dragonfruit Sparkling Water,Hydration,8
2026-02-18,48,2,0,VM-106,prod-6,Organic Protein Crunch Bar,Snacks,10
2026-02-18,48,2,0,VM-106,prod-7,Detox Green Juice,Fresh Juices,11
2026-02-18,48,2,0,VM-106,prod-8,Mango Passion Kombucha,Fresh Juices,18
2026-02-18,48,2,0,VM-107,prod-1,Nitro Cold Brew,Coffee & Tea,18
2026-02-18,48,2,0,VM-107,prod-2,Matcha Green Tea Latte,Coffee & Tea,6
2026-02-18,48,2,0,VM-107,prod-3,Electrolyte Spark Hydration,Hydration,6
2026-02-18,48,2,0,VM-107,prod-4,Dark Chocolate Almond Bar,Snacks,18
2026-02-18,48,2,0,VM-107,prod-5,Dragonfruit Sparkling Water,Hydration,13
2026-02-18,48,2,0,VM-107,prod-6,Organic Protein Crunch Bar,Snacks,14
2026-02-18,48,2,0,VM-107,prod-7,Detox Green Juice,Fresh Juices,5
2026-02-18,48,2,0,VM-107,prod-8,Mango Passion Kombucha,Fresh Juices,11
2026-02-18,48,2,0,VM-108,prod-1,Nitro Cold Brew,Coffee & Tea,24
2026-02-18,48,2,0,VM-108,prod-2,Matcha Green Tea Latte,Coffee & Tea,17
2026-02-18,48,2,0,VM-108,prod-3,Electrolyte Spark Hydration,Hydration,20
2026-02-18,48,2,0,VM-108,prod-4,Dark Chocolate Almond Bar,Snacks,21
2026-02-18,48,2,0,VM-108,prod-5,Dragonfruit Sparkling Water,Hydration,11
2026-02-18,48,2,0,VM-108,prod-6,Organic Protein Crunch Bar,Snacks,13
2026-02-18,48,2,0,VM-108,prod-7,Detox Green Juice,Fresh Juices,6
2026-02-18,48,2,0,VM-108,prod-8,Mango Passion Kombucha,Fresh Juices,18
2026-02-18,48,2,0,VM-109,prod-1,Nitro Cold Brew,Coffee & Tea,9
2026-02-18,48,2,0,VM-109,prod-2,Matcha Green Tea Latte,Coffee & Tea,12
2026-02-18,48,2,0,VM-109,prod-3,Electrolyte Spark Hydration,Hydration,9
2026-02-18,48,2,0,VM-109,prod-4,Dark Chocolate Almond Bar,Snacks,30
2026-02-18,48,2,0,VM-109,prod-5,Dragonfruit Sparkling Water,Hydration,13
2026-02-18,48,2,0,VM-109,prod-6,Organic Protein Crunch Bar,Snacks,12
2026-02-18,48,2,0,VM-109,prod-7,Detox Green Juice,Fresh Juices,11
2026-02-18,48,2,0,VM-109,prod-8,Mango Passion Kombucha,Fresh Juices,7
2026-02-18,48,2,0,VM-110,prod-1,Nitro Cold Brew,Coffee & Tea,11
2026-02-18,48,2,0,VM-110,prod-2,Matcha Green Tea Latte,Coffee & Tea,18
2026-02-18,48,2,0,VM-110,prod-3,Electrolyte Spark Hydration,Hydration,7
2026-02-18,48,2,0,VM-110,prod-4,Dark Chocolate Almond Bar,Snacks,25
2026-02-18,48,2,0,VM-110,prod-5,Dragonfruit Sparkling Water,Hydration,7
2026-02-18,48,2,0,VM-110,prod-6,Organic Protein Crunch Bar,Snacks,19
2026-02-18,48,2,0,VM-110,prod-7,Detox Green Juice,Fresh Juices,13
2026-02-18,48,2,0,VM-110,prod-8,Mango Passion Kombucha,Fresh Juices,12
2026-02-19,49,3,0,VM-101,prod-1,Nitro Cold Brew,Coffee & Tea,14
2026-02-19,49,3,0,VM-101,prod-2,Matcha Green Tea Latte,Coffee & Tea,19
2026-02-19,49,3,0,VM-101,prod-3,Electrolyte Spark Hydration,Hydration,8
2026-02-19,49,3,0,VM-101,prod-4,Dark Chocolate Almond Bar,Snacks,15
2026-02-19,49,3,0,VM-101,prod-5,Dragonfruit Sparkling Water,Hydration,14
2026-02-19,49,3,0,VM-101,prod-6,Organic Protein Crunch Bar,Snacks,16
2026-02-19,49,3,0,VM-101,prod-7,Detox Green Juice,Fresh Juices,12
2026-02-19,49,3,0,VM-101,prod-8,Mango Passion Kombucha,Fresh Juices,9
2026-02-19,49,3,0,VM-102,prod-1,Nitro Cold Brew,Coffee & Tea,18
2026-02-19,49,3,0,VM-102,prod-2,Matcha Green Tea Latte,Coffee & Tea,18
2026-02-19,49,3,0,VM-102,prod-3,Electrolyte Spark Hydration,Hydration,18
2026-02-19,49,3,0,VM-102,prod-4,Dark Chocolate Almond Bar,Snacks,23
2026-02-19,49,3,0,VM-102,prod-5,Dragonfruit Sparkling Water,Hydration,13
2026-02-19,49,3,0,VM-102,prod-6,Organic Protein Crunch Bar,Snacks,16
2026-02-19,49,3,0,VM-102,prod-7,Detox Green Juice,Fresh Juices,14
2026-02-19,49,3,0,VM-102,prod-8,Mango Passion Kombucha,Fresh Juices,20
2026-02-19,49,3,0,VM-103,prod-1,Nitro Cold Brew,Coffee & Tea,21
2026-02-19,49,3,0,VM-103,prod-2,Matcha Green Tea Latte,Coffee & Tea,28
2026-02-19,49,3,0,VM-103,prod-3,Electrolyte Spark Hydration,Hydration,13
2026-02-19,49,3,0,VM-103,prod-4,Dark Chocolate Almond Bar,Snacks,33
2026-02-19,49,3,0,VM-103,prod-5,Dragonfruit Sparkling Water,Hydration,8
2026-02-19,49,3,0,VM-103,prod-6,Organic Protein Crunch Bar,Snacks,15
2026-02-19,49,3,0,VM-103,prod-7,Detox Green Juice,Fresh Juices,9
2026-02-19,49,3,0,VM-103,prod-8,Mango Passion Kombucha,Fresh Juices,14
2026-02-19,49,3,0,VM-104,prod-1,Nitro Cold Brew,Coffee & Tea,19
2026-02-19,49,3,0,VM-104,prod-2,Matcha Green Tea Latte,Coffee & Tea,23
2026-02-19,49,3,0,VM-104,prod-3,Electrolyte Spark Hydration,Hydration,17
2026-02-19,49,3,0,VM-104,prod-4,Dark Chocolate Almond Bar,Snacks,29
2026-02-19,49,3,0,VM-104,prod-5,Dragonfruit Sparkling Water,Hydration,6
2026-02-19,49,3,0,VM-104,prod-6,Organic Protein Crunch Bar,Snacks,8
2026-02-19,49,3,0,VM-104,prod-7,Detox Green Juice,Fresh Juices,6
2026-02-19,49,3,0,VM-104,prod-8,Mango Passion Kombucha,Fresh Juices,17
2026-02-19,49,3,0,VM-105,prod-1,Nitro Cold Brew,Coffee & Tea,15
2026-02-19,49,3,0,VM-105,prod-2,Matcha Green Tea Latte,Coffee & Tea,12
2026-02-19,49,3,0,VM-105,prod-3,Electrolyte Spark Hydration,Hydration,9
2026-02-19,49,3,0,VM-105,prod-4,Dark Chocolate Almond Bar,Snacks,17
2026-02-19,49,3,0,VM-105,prod-5,Dragonfruit Sparkling Water,Hydration,7
2026-02-19,49,3,0,VM-105,prod-6,Organic Protein Crunch Bar,Snacks,19
2026-02-19,49,3,0,VM-105,prod-7,Detox Green Juice,Fresh Juices,12
2026-02-19,49,3,0,VM-105,prod-8,Mango Passion Kombucha,Fresh Juices,10
2026-02-19,49,3,0,VM-106,prod-1,Nitro Cold Brew,Coffee & Tea,31
2026-02-19,49,3,0,VM-106,prod-2,Matcha Green Tea Latte,Coffee & Tea,8
2026-02-19,49,3,0,VM-106,prod-3,Electrolyte Spark Hydration,Hydration,12
2026-02-19,49,3,0,VM-106,prod-4,Dark Chocolate Almond Bar,Snacks,25
2026-02-19,49,3,0,VM-106,prod-5,Dragonfruit Sparkling Water,Hydration,17
2026-02-19,49,3,0,VM-106,prod-6,Organic Protein Crunch Bar,Snacks,12
2026-02-19,49,3,0,VM-106,prod-7,Detox Green Juice,Fresh Juices,15
2026-02-19,49,3,0,VM-106,prod-8,Mango Passion Kombucha,Fresh Juices,17
2026-02-19,49,3,0,VM-107,prod-1,Nitro Cold Brew,Coffee & Tea,16
2026-02-19,49,3,0,VM-107,prod-2,Matcha Green Tea Latte,Coffee & Tea,9
2026-02-19,49,3,0,VM-107,prod-3,Electrolyte Spark Hydration,Hydration,8
2026-02-19,49,3,0,VM-107,prod-4,Dark Chocolate Almond Bar,Snacks,19
2026-02-19,49,3,0,VM-107,prod-5,Dragonfruit Sparkling Water,Hydration,17
2026-02-19,49,3,0,VM-107,prod-6,Organic Protein Crunch Bar,Snacks,14
2026-02-19,49,3,0,VM-107,prod-7,Detox Green Juice,Fresh Juices,6
2026-02-19,49,3,0,VM-107,prod-8,Mango Passion Kombucha,Fresh Juices,9
2026-02-19,49,3,0,VM-108,prod-1,Nitro Cold Brew,Coffee & Tea,26
2026-02-19,49,3,0,VM-108,prod-2,Matcha Green Tea Latte,Coffee & Tea,19
2026-02-19,49,3,0,VM-108,prod-3,Electrolyte Spark Hydration,Hydration,12
2026-02-19,49,3,0,VM-108,prod-4,Dark Chocolate Almond Bar,Snacks,25
2026-02-19,49,3,0,VM-108,prod-5,Dragonfruit Sparkling Water,Hydration,19
2026-02-19,49,3,0,VM-108,prod-6,Organic Protein Crunch Bar,Snacks,14
2026-02-19,49,3,0,VM-108,prod-7,Detox Green Juice,Fresh Juices,7
2026-02-19,49,3,0,VM-108,prod-8,Mango Passion Kombucha,Fresh Juices,20
2026-02-19,49,3,0,VM-109,prod-1,Nitro Cold Brew,Coffee & Tea,11
2026-02-19,49,3,0,VM-109,prod-2,Matcha Green Tea Latte,Coffee & Tea,16
2026-02-19,49,3,0,VM-109,prod-3,Electrolyte Spark Hydration,Hydration,7
2026-02-19,49,3,0,VM-109,prod-4,Dark Chocolate Almond Bar,Snacks,29
2026-02-19,49,3,0,VM-109,prod-5,Dragonfruit Sparkling Water,Hydration,14
2026-02-19,49,3,0,VM-109,prod-6,Organic Protein Crunch Bar,Snacks,14
2026-02-19,49,3,0,VM-109,prod-7,Detox Green Juice,Fresh Juices,17
2026-02-19,49,3,0,VM-109,prod-8,Mango Passion Kombucha,Fresh Juices,10
2026-02-19,49,3,0,VM-110,prod-1,Nitro Cold Brew,Coffee & Tea,17
2026-02-19,49,3,0,VM-110,prod-2,Matcha Green Tea Latte,Coffee & Tea,16
2026-02-19,49,3,0,VM-110,prod-3,Electrolyte Spark Hydration,Hydration,6
2026-02-19,49,3,0,VM-110,prod-4,Dark Chocolate Almond Bar,Snacks,20
2026-02-19,49,3,0,VM-110,prod-5,Dragonfruit Sparkling Water,Hydration,7
2026-02-19,49,3,0,VM-110,prod-6,Organic Protein Crunch Bar,Snacks,19
2026-02-19,49,3,0,VM-110,prod-7,Detox Green Juice,Fresh Juices,12
2026-02-19,49,3,0,VM-110,prod-8,Mango Passion Kombucha,Fresh Juices,12
2026-02-20,50,4,0,VM-101,prod-1,Nitro Cold Brew,Coffee & Tea,27
2026-02-20,50,4,0,VM-101,prod-2,Matcha Green Tea Latte,Coffee & Tea,24
2026-02-20,50,4,0,VM-101,prod-3,Electrolyte Spark Hydration,Hydration,10
2026-02-20,50,4,0,VM-101,prod-4,Dark Chocolate Almond Bar,Snacks,16
2026-02-20,50,4,0,VM-101,prod-5,Dragonfruit Sparkling Water,Hydration,14
2026-02-20,50,4,0,VM-101,prod-6,Organic Protein Crunch Bar,Snacks,18
2026-02-20,50,4,0,VM-101,prod-7,Detox Green Juice,Fresh Juices,14
2026-02-20,50,4,0,VM-101,prod-8,Mango Passion Kombucha,Fresh Juices,14
2026-02-20,50,4,0,VM-102,prod-1,Nitro Cold Brew,Coffee & Tea,25
2026-02-20,50,4,0,VM-102,prod-2,Matcha Green Tea Latte,Coffee & Tea,22
2026-02-20,50,4,0,VM-102,prod-3,Electrolyte Spark Hydration,Hydration,24
2026-02-20,50,4,0,VM-102,prod-4,Dark Chocolate Almond Bar,Snacks,33
2026-02-20,50,4,0,VM-102,prod-5,Dragonfruit Sparkling Water,Hydration,19
2026-02-20,50,4,0,VM-102,prod-6,Organic Protein Crunch Bar,Snacks,18
2026-02-20,50,4,0,VM-102,prod-7,Detox Green Juice,Fresh Juices,14
2026-02-20,50,4,0,VM-102,prod-8,Mango Passion Kombucha,Fresh Juices,24
2026-02-20,50,4,0,VM-103,prod-1,Nitro Cold Brew,Coffee & Tea,25
2026-02-20,50,4,0,VM-103,prod-2,Matcha Green Tea Latte,Coffee & Tea,36
2026-02-20,50,4,0,VM-103,prod-3,Electrolyte Spark Hydration,Hydration,16
2026-02-20,50,4,0,VM-103,prod-4,Dark Chocolate Almond Bar,Snacks,49
2026-02-20,50,4,0,VM-103,prod-5,Dragonfruit Sparkling Water,Hydration,12
2026-02-20,50,4,0,VM-103,prod-6,Organic Protein Crunch Bar,Snacks,19
2026-02-20,50,4,0,VM-103,prod-7,Detox Green Juice,Fresh Juices,10
2026-02-20,50,4,0,VM-103,prod-8,Mango Passion Kombucha,Fresh Juices,12
2026-02-20,50,4,0,VM-104,prod-1,Nitro Cold Brew,Coffee & Tea,24
2026-02-20,50,4,0,VM-104,prod-2,Matcha Green Tea Latte,Coffee & Tea,27
2026-02-20,50,4,0,VM-104,prod-3,Electrolyte Spark Hydration,Hydration,23
2026-02-20,50,4,0,VM-104,prod-4,Dark Chocolate Almond Bar,Snacks,32
2026-02-20,50,4,0,VM-104,prod-5,Dragonfruit Sparkling Water,Hydration,7
2026-02-20,50,4,0,VM-104,prod-6,Organic Protein Crunch Bar,Snacks,13
2026-02-20,50,4,0,VM-104,prod-7,Detox Green Juice,Fresh Juices,10
2026-02-20,50,4,0,VM-104,prod-8,Mango Passion Kombucha,Fresh Juices,19
2026-02-20,50,4,0,VM-105,prod-1,Nitro Cold Brew,Coffee & Tea,22
2026-02-20,50,4,0,VM-105,prod-2,Matcha Green Tea Latte,Coffee & Tea,14
2026-02-20,50,4,0,VM-105,prod-3,Electrolyte Spark Hydration,Hydration,13
2026-02-20,50,4,0,VM-105,prod-4,Dark Chocolate Almond Bar,Snacks,29
2026-02-20,50,4,0,VM-105,prod-5,Dragonfruit Sparkling Water,Hydration,8
2026-02-20,50,4,0,VM-105,prod-6,Organic Protein Crunch Bar,Snacks,25
2026-02-20,50,4,0,VM-105,prod-7,Detox Green Juice,Fresh Juices,14
2026-02-20,50,4,0,VM-105,prod-8,Mango Passion Kombucha,Fresh Juices,14
2026-02-20,50,4,0,VM-106,prod-1,Nitro Cold Brew,Coffee & Tea,30
2026-02-20,50,4,0,VM-106,prod-2,Matcha Green Tea Latte,Coffee & Tea,10
2026-02-20,50,4,0,VM-106,prod-3,Electrolyte Spark Hydration,Hydration,12
2026-02-20,50,4,0,VM-106,prod-4,Dark Chocolate Almond Bar,Snacks,36
2026-02-20,50,4,0,VM-106,prod-5,Dragonfruit Sparkling Water,Hydration,18
2026-02-20,50,4,0,VM-106,prod-6,Organic Protein Crunch Bar,Snacks,14
2026-02-20,50,4,0,VM-106,prod-7,Detox Green Juice,Fresh Juices,18
2026-02-20,50,4,0,VM-106,prod-8,Mango Passion Kombucha,Fresh Juices,19
2026-02-20,50,4,0,VM-107,prod-1,Nitro Cold Brew,Coffee & Tea,18
2026-02-20,50,4,0,VM-107,prod-2,Matcha Green Tea Latte,Coffee & Tea,9
2026-02-20,50,4,0,VM-107,prod-3,Electrolyte Spark Hydration,Hydration,9
2026-02-20,50,4,0,VM-107,prod-4,Dark Chocolate Almond Bar,Snacks,20
2026-02-20,50,4,0,VM-107,prod-5,Dragonfruit Sparkling Water,Hydration,17
2026-02-20,50,4,0,VM-107,prod-6,Organic Protein Crunch Bar,Snacks,21
2026-02-20,50,4,0,VM-107,prod-7,Detox Green Juice,Fresh Juices,7
2026-02-20,50,4,0,VM-107,prod-8,Mango Passion Kombucha,Fresh Juices,13
2026-02-20,50,4,0,VM-108,prod-1,Nitro Cold Brew,Coffee & Tea,42
2026-02-20,50,4,0,VM-108,prod-2,Matcha Green Tea Latte,Coffee & Tea,22
2026-02-20,50,4,0,VM-108,prod-3,Electrolyte Spark Hydration,Hydration,20
2026-02-20,50,4,0,VM-108,prod-4,Dark Chocolate Almond Bar,Snacks,32
2026-02-20,50,4,0,VM-108,prod-5,Dragonfruit Sparkling Water,Hydration,17
2026-02-20,50,4,0,VM-108,prod-6,Organic Protein Crunch Bar,Snacks,14
2026-02-20,50,4,0,VM-108,prod-7,Detox Green Juice,Fresh Juices,8
2026-02-20,50,4,0,VM-108,prod-8,Mango Passion Kombucha,Fresh Juices,26
2026-02-20,50,4,0,VM-109,prod-1,Nitro Cold Brew,Coffee & Tea,19
2026-02-20,50,4,0,VM-109,prod-2,Matcha Green Tea Latte,Coffee & Tea,14
2026-02-20,50,4,0,VM-109,prod-3,Electrolyte Spark Hydration,Hydration,9
2026-02-20,50,4,0,VM-109,prod-4,Dark Chocolate Almond Bar,Snacks,35
2026-02-20,50,4,0,VM-109,prod-5,Dragonfruit Sparkling Water,Hydration,16
2026-02-20,50,4,0,VM-109,prod-6,Organic Protein Crunch Bar,Snacks,21
2026-02-20,50,4,0,VM-109,prod-7,Detox Green Juice,Fresh Juices,20
2026-02-20,50,4,0,VM-109,prod-8,Mango Passion Kombucha,Fresh Juices,10
2026-02-20,50,4,0,VM-110,prod-1,Nitro Cold Brew,Coffee & Tea,11
2026-02-20,50,4,0,VM-110,prod-2,Matcha Green Tea Latte,Coffee & Tea,19
2026-02-20,50,4,0,VM-110,prod-3,Electrolyte Spark Hydration,Hydration,9
2026-02-20,50,4,0,VM-110,prod-4,Dark Chocolate Almond Bar,Snacks,26
2026-02-20,50,4,0,VM-110,prod-5,Dragonfruit Sparkling Water,Hydration,5
2026-02-20,50,4,0,VM-110,prod-6,Organic Protein Crunch Bar,Snacks,30
2026-02-20,50,4,0,VM-110,prod-7,Detox Green Juice,Fresh Juices,17
2026-02-20,50,4,0,VM-110,prod-8,Mango Passion Kombucha,Fresh Juices,12
2026-02-21,51,5,1,VM-101,prod-1,Nitro Cold Brew,Coffee & Tea,21
2026-02-21,51,5,1,VM-101,prod-2,Matcha Green Tea Latte,Coffee & Tea,20
2026-02-21,51,5,1,VM-101,prod-3,Electrolyte Spark Hydration,Hydration,10
2026-02-21,51,5,1,VM-101,prod-4,Dark Chocolate Almond Bar,Snacks,18
2026-02-21,51,5,1,VM-101,prod-5,Dragonfruit Sparkling Water,Hydration,18
2026-02-21,51,5,1,VM-101,prod-6,Organic Protein Crunch Bar,Snacks,8
2026-02-21,51,5,1,VM-101,prod-7,Detox Green Juice,Fresh Juices,14
2026-02-21,51,5,1,VM-101,prod-8,Mango Passion Kombucha,Fresh Juices,9
2026-02-21,51,5,1,VM-102,prod-1,Nitro Cold Brew,Coffee & Tea,26
2026-02-21,51,5,1,VM-102,prod-2,Matcha Green Tea Latte,Coffee & Tea,21
2026-02-21,51,5,1,VM-102,prod-3,Electrolyte Spark Hydration,Hydration,24
2026-02-21,51,5,1,VM-102,prod-4,Dark Chocolate Almond Bar,Snacks,21
2026-02-21,51,5,1,VM-102,prod-5,Dragonfruit Sparkling Water,Hydration,20
2026-02-21,51,5,1,VM-102,prod-6,Organic Protein Crunch Bar,Snacks,22
2026-02-21,51,5,1,VM-102,prod-7,Detox Green Juice,Fresh Juices,19
2026-02-21,51,5,1,VM-102,prod-8,Mango Passion Kombucha,Fresh Juices,22
2026-02-21,51,5,1,VM-103,prod-1,Nitro Cold Brew,Coffee & Tea,25
2026-02-21,51,5,1,VM-103,prod-2,Matcha Green Tea Latte,Coffee & Tea,27
2026-02-21,51,5,1,VM-103,prod-3,Electrolyte Spark Hydration,Hydration,10
2026-02-21,51,5,1,VM-103,prod-4,Dark Chocolate Almond Bar,Snacks,46
2026-02-21,51,5,1,VM-103,prod-5,Dragonfruit Sparkling Water,Hydration,12
2026-02-21,51,5,1,VM-103,prod-6,Organic Protein Crunch Bar,Snacks,22
2026-02-21,51,5,1,VM-103,prod-7,Detox Green Juice,Fresh Juices,11
2026-02-21,51,5,1,VM-103,prod-8,Mango Passion Kombucha,Fresh Juices,21
2026-02-21,51,5,1,VM-104,prod-1,Nitro Cold Brew,Coffee & Tea,30
2026-02-21,51,5,1,VM-104,prod-2,Matcha Green Tea Latte,Coffee & Tea,31
2026-02-21,51,5,1,VM-104,prod-3,Electrolyte Spark Hydration,Hydration,27
2026-02-21,51,5,1,VM-104,prod-4,Dark Chocolate Almond Bar,Snacks,32
2026-02-21,51,5,1,VM-104,prod-5,Dragonfruit Sparkling Water,Hydration,5
2026-02-21,51,5,1,VM-104,prod-6,Organic Protein Crunch Bar,Snacks,14
2026-02-21,51,5,1,VM-104,prod-7,Detox Green Juice,Fresh Juices,9
2026-02-21,51,5,1,VM-104,prod-8,Mango Passion Kombucha,Fresh Juices,24
2026-02-21,51,5,1,VM-105,prod-1,Nitro Cold Brew,Coffee & Tea,15
2026-02-21,51,5,1,VM-105,prod-2,Matcha Green Tea Latte,Coffee & Tea,13
2026-02-21,51,5,1,VM-105,prod-3,Electrolyte Spark Hydration,Hydration,15
2026-02-21,51,5,1,VM-105,prod-4,Dark Chocolate Almond Bar,Snacks,30
2026-02-21,51,5,1,VM-105,prod-5,Dragonfruit Sparkling Water,Hydration,11
2026-02-21,51,5,1,VM-105,prod-6,Organic Protein Crunch Bar,Snacks,26
2026-02-21,51,5,1,VM-105,prod-7,Detox Green Juice,Fresh Juices,10
2026-02-21,51,5,1,VM-105,prod-8,Mango Passion Kombucha,Fresh Juices,16
2026-02-21,51,5,1,VM-106,prod-1,Nitro Cold Brew,Coffee & Tea,29
2026-02-21,51,5,1,VM-106,prod-2,Matcha Green Tea Latte,Coffee & Tea,16
2026-02-21,51,5,1,VM-106,prod-3,Electrolyte Spark Hydration,Hydration,13
2026-02-21,51,5,1,VM-106,prod-4,Dark Chocolate Almond Bar,Snacks,26
2026-02-21,51,5,1,VM-106,prod-5,Dragonfruit Sparkling Water,Hydration,20
2026-02-21,51,5,1,VM-106,prod-6,Organic Protein Crunch Bar,Snacks,20
2026-02-21,51,5,1,VM-106,prod-7,Detox Green Juice,Fresh Juices,18
2026-02-21,51,5,1,VM-106,prod-8,Mango Passion Kombucha,Fresh Juices,22
2026-02-21,51,5,1,VM-107,prod-1,Nitro Cold Brew,Coffee & Tea,28
2026-02-21,51,5,1,VM-107,prod-2,Matcha Green Tea Latte,Coffee & Tea,10
2026-02-21,51,5,1,VM-107,prod-3,Electrolyte Spark Hydration,Hydration,10
2026-02-21,51,5,1,VM-107,prod-4,Dark Chocolate Almond Bar,Snacks,20
2026-02-21,51,5,1,VM-107,prod-5,Dragonfruit Sparkling Water,Hydration,19
2026-02-21,51,5,1,VM-107,prod-6,Organic Protein Crunch Bar,Snacks,24
2026-02-21,51,5,1,VM-107,prod-7,Detox Green Juice,Fresh Juices,6
2026-02-21,51,5,1,VM-107,prod-8,Mango Passion Kombucha,Fresh Juices,16
2026-02-21,51,5,1,VM-108,prod-1,Nitro Cold Brew,Coffee & Tea,34
2026-02-21,51,5,1,VM-108,prod-2,Matcha Green Tea Latte,Coffee & Tea,21
2026-02-21,51,5,1,VM-108,prod-3,Electrolyte Spark Hydration,Hydration,23
2026-02-21,51,5,1,VM-108,prod-4,Dark Chocolate Almond Bar,Snacks,35
2026-02-21,51,5,1,VM-108,prod-5,Dragonfruit Sparkling Water,Hydration,23
2026-02-21,51,5,1,VM-108,prod-6,Organic Protein Crunch Bar,Snacks,15
2026-02-21,51,5,1,VM-108,prod-7,Detox Green Juice,Fresh Juices,9
2026-02-21,51,5,1,VM-108,prod-8,Mango Passion Kombucha,Fresh Juices,27
2026-02-21,51,5,1,VM-109,prod-1,Nitro Cold Brew,Coffee & Tea,15
2026-02-21,51,5,1,VM-109,prod-2,Matcha Green Tea Latte,Coffee & Tea,12
2026-02-21,51,5,1,VM-109,prod-3,Electrolyte Spark Hydration,Hydration,8
2026-02-21,51,5,1,VM-109,prod-4,Dark Chocolate Almond Bar,Snacks,41
2026-02-21,51,5,1,VM-109,prod-5,Dragonfruit Sparkling Water,Hydration,15
2026-02-21,51,5,1,VM-109,prod-6,Organic Protein Crunch Bar,Snacks,19
2026-02-21,51,5,1,VM-109,prod-7,Detox Green Juice,Fresh Juices,14
2026-02-21,51,5,1,VM-109,prod-8,Mango Passion Kombucha,Fresh Juices,14
2026-02-21,51,5,1,VM-110,prod-1,Nitro Cold Brew,Coffee & Tea,12
2026-02-21,51,5,1,VM-110,prod-2,Matcha Green Tea Latte,Coffee & Tea,21
2026-02-21,51,5,1,VM-110,prod-3,Electrolyte Spark Hydration,Hydration,8
2026-02-21,51,5,1,VM-110,prod-4,Dark Chocolate Almond Bar,Snacks,30
2026-02-21,51,5,1,VM-110,prod-5,Dragonfruit Sparkling Water,Hydration,9
2026-02-21,51,5,1,VM-110,prod-6,Organic Protein Crunch Bar,Snacks,30
2026-02-21,51,5,1,VM-110,prod-7,Detox Green Juice,Fresh Juices,22
2026-02-21,51,5,1,VM-110,prod-8,Mango Passion Kombucha,Fresh Juices,12
2026-02-22,52,6,1,VM-101,prod-1,Nitro Cold Brew,Coffee & Tea,24
2026-02-22,52,6,1,VM-101,prod-2,Matcha Green Tea Latte,Coffee & Tea,23
2026-02-22,52,6,1,VM-101,prod-3,Electrolyte Spark Hydration,Hydration,7
2026-02-22,52,6,1,VM-101,prod-4,Dark Chocolate Almond Bar,Snacks,18
2026-02-22,52,6,1,VM-101,prod-5,Dragonfruit Sparkling Water,Hydration,13
2026-02-22,52,6,1,VM-101,prod-6,Organic Protein Crunch Bar,Snacks,13
2026-02-22,52,6,1,VM-101,prod-7,Detox Green Juice,Fresh Juices,16
2026-02-22,52,6,1,VM-101,prod-8,Mango Passion Kombucha,Fresh Juices,11
2026-02-22,52,6,1,VM-102,prod-1,Nitro Cold Brew,Coffee & Tea,24
2026-02-22,52,6,1,VM-102,prod-2,Matcha Green Tea Latte,Coffee & Tea,18
2026-02-22,52,6,1,VM-102,prod-3,Electrolyte Spark Hydration,Hydration,14
2026-02-22,52,6,1,VM-102,prod-4,Dark Chocolate Almond Bar,Snacks,24
2026-02-22,52,6,1,VM-102,prod-5,Dragonfruit Sparkling Water,Hydration,20
2026-02-22,52,6,1,VM-102,prod-6,Organic Protein Crunch Bar,Snacks,13
2026-02-22,52,6,1,VM-102,prod-7,Detox Green Juice,Fresh Juices,11
2026-02-22,52,6,1,VM-102,prod-8,Mango Passion Kombucha,Fresh Juices,20
2026-02-22,52,6,1,VM-103,prod-1,Nitro Cold Brew,Coffee & Tea,17
2026-02-22,52,6,1,VM-103,prod-2,Matcha Green Tea Latte,Coffee & Tea,28
2026-02-22,52,6,1,VM-103,prod-3,Electrolyte Spark Hydration,Hydration,12
2026-02-22,52,6,1,VM-103,prod-4,Dark Chocolate Almond Bar,Snacks,28
2026-02-22,52,6,1,VM-103,prod-5,Dragonfruit Sparkling Water,Hydration,9
2026-02-22,52,6,1,VM-103,prod-6,Organic Protein Crunch Bar,Snacks,18
2026-02-22,52,6,1,VM-103,prod-7,Detox Green Juice,Fresh Juices,9
2026-02-22,52,6,1,VM-103,prod-8,Mango Passion Kombucha,Fresh Juices,13
2026-02-22,52,6,1,VM-104,prod-1,Nitro Cold Brew,Coffee & Tea,18
2026-02-22,52,6,1,VM-104,prod-2,Matcha Green Tea Latte,Coffee & Tea,27
2026-02-22,52,6,1,VM-104,prod-3,Electrolyte Spark Hydration,Hydration,22
2026-02-22,52,6,1,VM-104,prod-4,Dark Chocolate Almond Bar,Snacks,26
2026-02-22,52,6,1,VM-104,prod-5,Dragonfruit Sparkling Water,Hydration,6
2026-02-22,52,6,1,VM-104,prod-6,Organic Protein Crunch Bar,Snacks,7
2026-02-22,52,6,1,VM-104,prod-7,Detox Green Juice,Fresh Juices,9
2026-02-22,52,6,1,VM-104,prod-8,Mango Passion Kombucha,Fresh Juices,21
2026-02-22,52,6,1,VM-105,prod-1,Nitro Cold Brew,Coffee & Tea,16
2026-02-22,52,6,1,VM-105,prod-2,Matcha Green Tea Latte,Coffee & Tea,15
2026-02-22,52,6,1,VM-105,prod-3,Electrolyte Spark Hydration,Hydration,9
2026-02-22,52,6,1,VM-105,prod-4,Dark Chocolate Almond Bar,Snacks,32
2026-02-22,52,6,1,VM-105,prod-5,Dragonfruit Sparkling Water,Hydration,8
2026-02-22,52,6,1,VM-105,prod-6,Organic Protein Crunch Bar,Snacks,21
2026-02-22,52,6,1,VM-105,prod-7,Detox Green Juice,Fresh Juices,12
2026-02-22,52,6,1,VM-105,prod-8,Mango Passion Kombucha,Fresh Juices,12
2026-02-22,52,6,1,VM-106,prod-1,Nitro Cold Brew,Coffee & Tea,33
2026-02-22,52,6,1,VM-106,prod-2,Matcha Green Tea Latte,Coffee & Tea,10
2026-02-22,52,6,1,VM-106,prod-3,Electrolyte Spark Hydration,Hydration,10
2026-02-22,52,6,1,VM-106,prod-4,Dark Chocolate Almond Bar,Snacks,33
2026-02-22,52,6,1,VM-106,prod-5,Dragonfruit Sparkling Water,Hydration,15
2026-02-22,52,6,1,VM-106,prod-6,Organic Protein Crunch Bar,Snacks,14
2026-02-22,52,6,1,VM-106,prod-7,Detox Green Juice,Fresh Juices,18
2026-02-22,52,6,1,VM-106,prod-8,Mango Passion Kombucha,Fresh Juices,18
2026-02-22,52,6,1,VM-107,prod-1,Nitro Cold Brew,Coffee & Tea,23
2026-02-22,52,6,1,VM-107,prod-2,Matcha Green Tea Latte,Coffee & Tea,7
2026-02-22,52,6,1,VM-107,prod-3,Electrolyte Spark Hydration,Hydration,10
2026-02-22,52,6,1,VM-107,prod-4,Dark Chocolate Almond Bar,Snacks,21
2026-02-22,52,6,1,VM-107,prod-5,Dragonfruit Sparkling Water,Hydration,17
2026-02-22,52,6,1,VM-107,prod-6,Organic Protein Crunch Bar,Snacks,16
2026-02-22,52,6,1,VM-107,prod-7,Detox Green Juice,Fresh Juices,4
2026-02-22,52,6,1,VM-107,prod-8,Mango Passion Kombucha,Fresh Juices,12
2026-02-22,52,6,1,VM-108,prod-1,Nitro Cold Brew,Coffee & Tea,20
2026-02-22,52,6,1,VM-108,prod-2,Matcha Green Tea Latte,Coffee & Tea,19
2026-02-22,52,6,1,VM-108,prod-3,Electrolyte Spark Hydration,Hydration,20
2026-02-22,52,6,1,VM-108,prod-4,Dark Chocolate Almond Bar,Snacks,32
2026-02-22,52,6,1,VM-108,prod-5,Dragonfruit Sparkling Water,Hydration,23
2026-02-22,52,6,1,VM-108,prod-6,Organic Protein Crunch Bar,Snacks,15
2026-02-22,52,6,1,VM-108,prod-7,Detox Green Juice,Fresh Juices,7
2026-02-22,52,6,1,VM-108,prod-8,Mango Passion Kombucha,Fresh Juices,22
2026-02-22,52,6,1,VM-109,prod-1,Nitro Cold Brew,Coffee & Tea,12
2026-02-22,52,6,1,VM-109,prod-2,Matcha Green Tea Latte,Coffee & Tea,11
2026-02-22,52,6,1,VM-109,prod-3,Electrolyte Spark Hydration,Hydration,7
2026-02-22,52,6,1,VM-109,prod-4,Dark Chocolate Almond Bar,Snacks,28
2026-02-22,52,6,1,VM-109,prod-5,Dragonfruit Sparkling Water,Hydration,9
2026-02-22,52,6,1,VM-109,prod-6,Organic Protein Crunch Bar,Snacks,18
2026-02-22,52,6,1,VM-109,prod-7,Detox Green Juice,Fresh Juices,15
2026-02-22,52,6,1,VM-109,prod-8,Mango Passion Kombucha,Fresh Juices,11
2026-02-22,52,6,1,VM-110,prod-1,Nitro Cold Brew,Coffee & Tea,16
2026-02-22,52,6,1,VM-110,prod-2,Matcha Green Tea Latte,Coffee & Tea,20
2026-02-22,52,6,1,VM-110,prod-3,Electrolyte Spark Hydration,Hydration,7
2026-02-22,52,6,1,VM-110,prod-4,Dark Chocolate Almond Bar,Snacks,28
2026-02-22,52,6,1,VM-110,prod-5,Dragonfruit Sparkling Water,Hydration,9
2026-02-22,52,6,1,VM-110,prod-6,Organic Protein Crunch Bar,Snacks,27
2026-02-22,52,6,1,VM-110,prod-7,Detox Green Juice,Fresh Juices,15
2026-02-22,52,6,1,VM-110,prod-8,Mango Passion Kombucha,Fresh Juices,11
2026-02-23,53,0,0,VM-101,prod-1,Nitro Cold Brew,Coffee & Tea,16
2026-02-23,53,0,0,VM-101,prod-2,Matcha Green Tea Latte,Coffee & Tea,18
2026-02-23,53,0,0,VM-101,prod-3,Electrolyte Spark Hydration,Hydration,5
2026-02-23,53,0,0,VM-101,prod-4,Dark Chocolate Almond Bar,Snacks,17
2026-02-23,53,0,0,VM-101,prod-5,Dragonfruit Sparkling Water,Hydration,10
2026-02-23,53,0,0,VM-101,prod-6,Organic Protein Crunch Bar,Snacks,9
2026-02-23,53,0,0,VM-101,prod-7,Detox Green Juice,Fresh Juices,9
2026-02-23,53,0,0,VM-101,prod-8,Mango Passion Kombucha,Fresh Juices,7
2026-02-23,53,0,0,VM-102,prod-1,Nitro Cold Brew,Coffee & Tea,12
2026-02-23,53,0,0,VM-102,prod-2,Matcha Green Tea Latte,Coffee & Tea,13
2026-02-23,53,0,0,VM-102,prod-3,Electrolyte Spark Hydration,Hydration,11
2026-02-23,53,0,0,VM-102,prod-4,Dark Chocolate Almond Bar,Snacks,19
2026-02-23,53,0,0,VM-102,prod-5,Dragonfruit Sparkling Water,Hydration,14
2026-02-23,53,0,0,VM-102,prod-6,Organic Protein Crunch Bar,Snacks,14
2026-02-23,53,0,0,VM-102,prod-7,Detox Green Juice,Fresh Juices,6
2026-02-23,53,0,0,VM-102,prod-8,Mango Passion Kombucha,Fresh Juices,19
2026-02-23,53,0,0,VM-103,prod-1,Nitro Cold Brew,Coffee & Tea,15
2026-02-23,53,0,0,VM-103,prod-2,Matcha Green Tea Latte,Coffee & Tea,21
2026-02-23,53,0,0,VM-103,prod-3,Electrolyte Spark Hydration,Hydration,10
2026-02-23,53,0,0,VM-103,prod-4,Dark Chocolate Almond Bar,Snacks,26
2026-02-23,53,0,0,VM-103,prod-5,Dragonfruit Sparkling Water,Hydration,7
2026-02-23,53,0,0,VM-103,prod-6,Organic Protein Crunch Bar,Snacks,12
2026-02-23,53,0,0,VM-103,prod-7,Detox Green Juice,Fresh Juices,8
2026-02-23,53,0,0,VM-103,prod-8,Mango Passion Kombucha,Fresh Juices,12
2026-02-23,53,0,0,VM-104,prod-1,Nitro Cold Brew,Coffee & Tea,13
2026-02-23,53,0,0,VM-104,prod-2,Matcha Green Tea Latte,Coffee & Tea,14
2026-02-23,53,0,0,VM-104,prod-3,Electrolyte Spark Hydration,Hydration,17
2026-02-23,53,0,0,VM-104,prod-4,Dark Chocolate Almond Bar,Snacks,22
2026-02-23,53,0,0,VM-104,prod-5,Dragonfruit Sparkling Water,Hydration,5
2026-02-23,53,0,0,VM-104,prod-6,Organic Protein Crunch Bar,Snacks,8
2026-02-23,53,0,0,VM-104,prod-7,Detox Green Juice,Fresh Juices,7
2026-02-23,53,0,0,VM-104,prod-8,Mango Passion Kombucha,Fresh Juices,13
2026-02-23,53,0,0,VM-105,prod-1,Nitro Cold Brew,Coffee & Tea,14
2026-02-23,53,0,0,VM-105,prod-2,Matcha Green Tea Latte,Coffee & Tea,8
2026-02-23,53,0,0,VM-105,prod-3,Electrolyte Spark Hydration,Hydration,7
2026-02-23,53,0,0,VM-105,prod-4,Dark Chocolate Almond Bar,Snacks,17
2026-02-23,53,0,0,VM-105,prod-5,Dragonfruit Sparkling Water,Hydration,7
2026-02-23,53,0,0,VM-105,prod-6,Organic Protein Crunch Bar,Snacks,19
2026-02-23,53,0,0,VM-105,prod-7,Detox Green Juice,Fresh Juices,10
2026-02-23,53,0,0,VM-105,prod-8,Mango Passion Kombucha,Fresh Juices,10
2026-02-23,53,0,0,VM-106,prod-1,Nitro Cold Brew,Coffee & Tea,18
2026-02-23,53,0,0,VM-106,prod-2,Matcha Green Tea Latte,Coffee & Tea,10
2026-02-23,53,0,0,VM-106,prod-3,Electrolyte Spark Hydration,Hydration,8
2026-02-23,53,0,0,VM-106,prod-4,Dark Chocolate Almond Bar,Snacks,24
2026-02-23,53,0,0,VM-106,prod-5,Dragonfruit Sparkling Water,Hydration,12
2026-02-23,53,0,0,VM-106,prod-6,Organic Protein Crunch Bar,Snacks,9
2026-02-23,53,0,0,VM-106,prod-7,Detox Green Juice,Fresh Juices,11
2026-02-23,53,0,0,VM-106,prod-8,Mango Passion Kombucha,Fresh Juices,16
2026-02-23,53,0,0,VM-107,prod-1,Nitro Cold Brew,Coffee & Tea,14
2026-02-23,53,0,0,VM-107,prod-2,Matcha Green Tea Latte,Coffee & Tea,6
2026-02-23,53,0,0,VM-107,prod-3,Electrolyte Spark Hydration,Hydration,5
2026-02-23,53,0,0,VM-107,prod-4,Dark Chocolate Almond Bar,Snacks,9
2026-02-23,53,0,0,VM-107,prod-5,Dragonfruit Sparkling Water,Hydration,12
2026-02-23,53,0,0,VM-107,prod-6,Organic Protein Crunch Bar,Snacks,14
2026-02-23,53,0,0,VM-107,prod-7,Detox Green Juice,Fresh Juices,5
2026-02-23,53,0,0,VM-107,prod-8,Mango Passion Kombucha,Fresh Juices,6
2026-02-23,53,0,0,VM-108,prod-1,Nitro Cold Brew,Coffee & Tea,21
2026-02-23,53,0,0,VM-108,prod-2,Matcha Green Tea Latte,Coffee & Tea,10
2026-02-23,53,0,0,VM-108,prod-3,Electrolyte Spark Hydration,Hydration,15
2026-02-23,53,0,0,VM-108,prod-4,Dark Chocolate Almond Bar,Snacks,19
2026-02-23,53,0,0,VM-108,prod-5,Dragonfruit Sparkling Water,Hydration,15
2026-02-23,53,0,0,VM-108,prod-6,Organic Protein Crunch Bar,Snacks,11
2026-02-23,53,0,0,VM-108,prod-7,Detox Green Juice,Fresh Juices,5
2026-02-23,53,0,0,VM-108,prod-8,Mango Passion Kombucha,Fresh Juices,13
2026-02-23,53,0,0,VM-109,prod-1,Nitro Cold Brew,Coffee & Tea,10
2026-02-23,53,0,0,VM-109,prod-2,Matcha Green Tea Latte,Coffee & Tea,9
2026-02-23,53,0,0,VM-109,prod-3,Electrolyte Spark Hydration,Hydration,6
2026-02-23,53,0,0,VM-109,prod-4,Dark Chocolate Almond Bar,Snacks,21
2026-02-23,53,0,0,VM-109,prod-5,Dragonfruit Sparkling Water,Hydration,7
2026-02-23,53,0,0,VM-109,prod-6,Organic Protein Crunch Bar,Snacks,9
2026-02-23,53,0,0,VM-109,prod-7,Detox Green Juice,Fresh Juices,12
2026-02-23,53,0,0,VM-109,prod-8,Mango Passion Kombucha,Fresh Juices,10
2026-02-23,53,0,0,VM-110,prod-1,Nitro Cold Brew,Coffee & Tea,10
2026-02-23,53,0,0,VM-110,prod-2,Matcha Green Tea Latte,Coffee & Tea,15
2026-02-23,53,0,0,VM-110,prod-3,Electrolyte Spark Hydration,Hydration,6
2026-02-23,53,0,0,VM-110,prod-4,Dark Chocolate Almond Bar,Snacks,21
2026-02-23,53,0,0,VM-110,prod-5,Dragonfruit Sparkling Water,Hydration,6
2026-02-23,53,0,0,VM-110,prod-6,Organic Protein Crunch Bar,Snacks,19
2026-02-23,53,0,0,VM-110,prod-7,Detox Green Juice,Fresh Juices,8
2026-02-23,53,0,0,VM-110,prod-8,Mango Passion Kombucha,Fresh Juices,10
2026-02-24,54,1,0,VM-101,prod-1,Nitro Cold Brew,Coffee & Tea,19
2026-02-24,54,1,0,VM-101,prod-2,Matcha Green Tea Latte,Coffee & Tea,19
2026-02-24,54,1,0,VM-101,prod-3,Electrolyte Spark Hydration,Hydration,5
2026-02-24,54,1,0,VM-101,prod-4,Dark Chocolate Almond Bar,Snacks,13
2026-02-24,54,1,0,VM-101,prod-5,Dragonfruit Sparkling Water,Hydration,10
2026-02-24,54,1,0,VM-101,prod-6,Organic Protein Crunch Bar,Snacks,10
2026-02-24,54,1,0,VM-101,prod-7,Detox Green Juice,Fresh Juices,12
2026-02-24,54,1,0,VM-101,prod-8,Mango Passion Kombucha,Fresh Juices,10
2026-02-24,54,1,0,VM-102,prod-1,Nitro Cold Brew,Coffee & Tea,17
2026-02-24,54,1,0,VM-102,prod-2,Matcha Green Tea Latte,Coffee & Tea,15
2026-02-24,54,1,0,VM-102,prod-3,Electrolyte Spark Hydration,Hydration,18
2026-02-24,54,1,0,VM-102,prod-4,Dark Chocolate Almond Bar,Snacks,21
2026-02-24,54,1,0,VM-102,prod-5,Dragonfruit Sparkling Water,Hydration,17
2026-02-24,54,1,0,VM-102,prod-6,Organic Protein Crunch Bar,Snacks,15
2026-02-24,54,1,0,VM-102,prod-7,Detox Green Juice,Fresh Juices,9
2026-02-24,54,1,0,VM-102,prod-8,Mango Passion Kombucha,Fresh Juices,13
2026-02-24,54,1,0,VM-103,prod-1,Nitro Cold Brew,Coffee & Tea,13
2026-02-24,54,1,0,VM-103,prod-2,Matcha Green Tea Latte,Coffee & Tea,29
2026-02-24,54,1,0,VM-103,prod-3,Electrolyte Spark Hydration,Hydration,12
2026-02-24,54,1,0,VM-103,prod-4,Dark Chocolate Almond Bar,Snacks,37
2026-02-24,54,1,0,VM-103,prod-5,Dragonfruit Sparkling Water,Hydration,9
2026-02-24,54,1,0,VM-103,prod-6,Organic Protein Crunch Bar,Snacks,16
2026-02-24,54,1,0,VM-103,prod-7,Detox Green Juice,Fresh Juices,9
2026-02-24,54,1,0,VM-103,prod-8,Mango Passion Kombucha,Fresh Juices,12
2026-02-24,54,1,0,VM-104,prod-1,Nitro Cold Brew,Coffee & Tea,19
2026-02-24,54,1,0,VM-104,prod-2,Matcha Green Tea Latte,Coffee & Tea,22
2026-02-24,54,1,0,VM-104,prod-3,Electrolyte Spark Hydration,Hydration,19
2026-02-24,54,1,0,VM-104,prod-4,Dark Chocolate Almond Bar,Snacks,24
2026-02-24,54,1,0,VM-104,prod-5,Dragonfruit Sparkling Water,Hydration,5
2026-02-24,54,1,0,VM-104,prod-6,Organic Protein Crunch Bar,Snacks,10
2026-02-24,54,1,0,VM-104,prod-7,Detox Green Juice,Fresh Juices,8
2026-02-24,54,1,0,VM-104,prod-8,Mango Passion Kombucha,Fresh Juices,17
2026-02-24,54,1,0,VM-105,prod-1,Nitro Cold Brew,Coffee & Tea,16
2026-02-24,54,1,0,VM-105,prod-2,Matcha Green Tea Latte,Coffee & Tea,12
2026-02-24,54,1,0,VM-105,prod-3,Electrolyte Spark Hydration,Hydration,8
2026-02-24,54,1,0,VM-105,prod-4,Dark Chocolate Almond Bar,Snacks,25
2026-02-24,54,1,0,VM-105,prod-5,Dragonfruit Sparkling Water,Hydration,5
2026-02-24,54,1,0,VM-105,prod-6,Organic Protein Crunch Bar,Snacks,21
2026-02-24,54,1,0,VM-105,prod-7,Detox Green Juice,Fresh Juices,8
2026-02-24,54,1,0,VM-105,prod-8,Mango Passion Kombucha,Fresh Juices,10
2026-02-24,54,1,0,VM-106,prod-1,Nitro Cold Brew,Coffee & Tea,20
2026-02-24,54,1,0,VM-106,prod-2,Matcha Green Tea Latte,Coffee & Tea,11
2026-02-24,54,1,0,VM-106,prod-3,Electrolyte Spark Hydration,Hydration,9
2026-02-24,54,1,0,VM-106,prod-4,Dark Chocolate Almond Bar,Snacks,18
2026-02-24,54,1,0,VM-106,prod-5,Dragonfruit Sparkling Water,Hydration,14
2026-02-24,54,1,0,VM-106,prod-6,Organic Protein Crunch Bar,Snacks,10
2026-02-24,54,1,0,VM-106,prod-7,Detox Green Juice,Fresh Juices,13
2026-02-24,54,1,0,VM-106,prod-8,Mango Passion Kombucha,Fresh Juices,16
2026-02-24,54,1,0,VM-107,prod-1,Nitro Cold Brew,Coffee & Tea,18
2026-02-24,54,1,0,VM-107,prod-2,Matcha Green Tea Latte,Coffee & Tea,6
2026-02-24,54,1,0,VM-107,prod-3,Electrolyte Spark Hydration,Hydration,7
2026-02-24,54,1,0,VM-107,prod-4,Dark Chocolate Almond Bar,Snacks,16
2026-02-24,54,1,0,VM-107,prod-5,Dragonfruit Sparkling Water,Hydration,15
2026-02-24,54,1,0,VM-107,prod-6,Organic Protein Crunch Bar,Snacks,18
2026-02-24,54,1,0,VM-107,prod-7,Detox Green Juice,Fresh Juices,4
2026-02-24,54,1,0,VM-107,prod-8,Mango Passion Kombucha,Fresh Juices,11
2026-02-24,54,1,0,VM-108,prod-1,Nitro Cold Brew,Coffee & Tea,17
2026-02-24,54,1,0,VM-108,prod-2,Matcha Green Tea Latte,Coffee & Tea,14
2026-02-24,54,1,0,VM-108,prod-3,Electrolyte Spark Hydration,Hydration,12
2026-02-24,54,1,0,VM-108,prod-4,Dark Chocolate Almond Bar,Snacks,20
2026-02-24,54,1,0,VM-108,prod-5,Dragonfruit Sparkling Water,Hydration,11
2026-02-24,54,1,0,VM-108,prod-6,Organic Protein Crunch Bar,Snacks,11
2026-02-24,54,1,0,VM-108,prod-7,Detox Green Juice,Fresh Juices,6
2026-02-24,54,1,0,VM-108,prod-8,Mango Passion Kombucha,Fresh Juices,19
2026-02-24,54,1,0,VM-109,prod-1,Nitro Cold Brew,Coffee & Tea,11
2026-02-24,54,1,0,VM-109,prod-2,Matcha Green Tea Latte,Coffee & Tea,12
2026-02-24,54,1,0,VM-109,prod-3,Electrolyte Spark Hydration,Hydration,8
2026-02-24,54,1,0,VM-109,prod-4,Dark Chocolate Almond Bar,Snacks,25
2026-02-24,54,1,0,VM-109,prod-5,Dragonfruit Sparkling Water,Hydration,9
2026-02-24,54,1,0,VM-109,prod-6,Organic Protein Crunch Bar,Snacks,17
2026-02-24,54,1,0,VM-109,prod-7,Detox Green Juice,Fresh Juices,11
2026-02-24,54,1,0,VM-109,prod-8,Mango Passion Kombucha,Fresh Juices,10
2026-02-24,54,1,0,VM-110,prod-1,Nitro Cold Brew,Coffee & Tea,12
2026-02-24,54,1,0,VM-110,prod-2,Matcha Green Tea Latte,Coffee & Tea,13
2026-02-24,54,1,0,VM-110,prod-3,Electrolyte Spark Hydration,Hydration,5
2026-02-24,54,1,0,VM-110,prod-4,Dark Chocolate Almond Bar,Snacks,26
2026-02-24,54,1,0,VM-110,prod-5,Dragonfruit Sparkling Water,Hydration,7
2026-02-24,54,1,0,VM-110,prod-6,Organic Protein Crunch Bar,Snacks,17
2026-02-24,54,1,0,VM-110,prod-7,Detox Green Juice,Fresh Juices,11
2026-02-24,54,1,0,VM-110,prod-8,Mango Passion Kombucha,Fresh Juices,13
2026-02-25,55,2,0,VM-101,prod-1,Nitro Cold Brew,Coffee & Tea,20
2026-02-25,55,2,0,VM-101,prod-2,Matcha Green Tea Latte,Coffee & Tea,23
2026-02-25,55,2,0,VM-101,prod-3,Electrolyte Spark Hydration,Hydration,8
2026-02-25,55,2,0,VM-101,prod-4,Dark Chocolate Almond Bar,Snacks,18
2026-02-25,55,2,0,VM-101,prod-5,Dragonfruit Sparkling Water,Hydration,10
2026-02-25,55,2,0,VM-101,prod-6,Organic Protein Crunch Bar,Snacks,12
2026-02-25,55,2,0,VM-101,prod-7,Detox Green Juice,Fresh Juices,12
2026-02-25,55,2,0,VM-101,prod-8,Mango Passion Kombucha,Fresh Juices,8
2026-02-25,55,2,0,VM-102,prod-1,Nitro Cold Brew,Coffee & Tea,20
2026-02-25,55,2,0,VM-102,prod-2,Matcha Green Tea Latte,Coffee & Tea,19
2026-02-25,55,2,0,VM-102,prod-3,Electrolyte Spark Hydration,Hydration,17
2026-02-25,55,2,0,VM-102,prod-4,Dark Chocolate Almond Bar,Snacks,19
2026-02-25,55,2,0,VM-102,prod-5,Dragonfruit Sparkling Water,Hydration,16
2026-02-25,55,2,0,VM-102,prod-6,Organic Protein Crunch Bar,Snacks,13
2026-02-25,55,2,0,VM-102,prod-7,Detox Green Juice,Fresh Juices,11
2026-02-25,55,2,0,VM-102,prod-8,Mango Passion Kombucha,Fresh Juices,17
2026-02-25,55,2,0,VM-103,prod-1,Nitro Cold Brew,Coffee & Tea,17
2026-02-25,55,2,0,VM-103,prod-2,Matcha Green Tea Latte,Coffee & Tea,31
2026-02-25,55,2,0,VM-103,prod-3,Electrolyte Spark Hydration,Hydration,9
2026-02-25,55,2,0,VM-103,prod-4,Dark Chocolate Almond Bar,Snacks,39
2026-02-25,55,2,0,VM-103,prod-5,Dragonfruit Sparkling Water,Hydration,6
2026-02-25,55,2,0,VM-103,prod-6,Organic Protein Crunch Bar,Snacks,13
2026-02-25,55,2,0,VM-103,prod-7,Detox Green Juice,Fresh Juices,11
2026-02-25,55,2,0,VM-103,prod-8,Mango Passion Kombucha,Fresh Juices,16
2026-02-25,55,2,0,VM-104,prod-1,Nitro Cold Brew,Coffee & Tea,17
2026-02-25,55,2,0,VM-104,prod-2,Matcha Green Tea Latte,Coffee & Tea,21
2026-02-25,55,2,0,VM-104,prod-3,Electrolyte Spark Hydration,Hydration,21
2026-02-25,55,2,0,VM-104,prod-4,Dark Chocolate Almond Bar,Snacks,23
2026-02-25,55,2,0,VM-104,prod-5,Dragonfruit Sparkling Water,Hydration,6
2026-02-25,55,2,0,VM-104,prod-6,Organic Protein Crunch Bar,Snacks,9
2026-02-25,55,2,0,VM-104,prod-7,Detox Green Juice,Fresh Juices,8
2026-02-25,55,2,0,VM-104,prod-8,Mango Passion Kombucha,Fresh Juices,14
2026-02-25,55,2,0,VM-105,prod-1,Nitro Cold Brew,Coffee & Tea,15
2026-02-25,55,2,0,VM-105,prod-2,Matcha Green Tea Latte,Coffee & Tea,11
2026-02-25,55,2,0,VM-105,prod-3,Electrolyte Spark Hydration,Hydration,8
2026-02-25,55,2,0,VM-105,prod-4,Dark Chocolate Almond Bar,Snacks,25
2026-02-25,55,2,0,VM-105,prod-5,Dragonfruit Sparkling Water,Hydration,6
2026-02-25,55,2,0,VM-105,prod-6,Organic Protein Crunch Bar,Snacks,21
2026-02-25,55,2,0,VM-105,prod-7,Detox Green Juice,Fresh Juices,9
2026-02-25,55,2,0,VM-105,prod-8,Mango Passion Kombucha,Fresh Juices,13
2026-02-25,55,2,0,VM-106,prod-1,Nitro Cold Brew,Coffee & Tea,21
2026-02-25,55,2,0,VM-106,prod-2,Matcha Green Tea Latte,Coffee & Tea,11
2026-02-25,55,2,0,VM-106,prod-3,Electrolyte Spark Hydration,Hydration,11
2026-02-25,55,2,0,VM-106,prod-4,Dark Chocolate Almond Bar,Snacks,23
2026-02-25,55,2,0,VM-106,prod-5,Dragonfruit Sparkling Water,Hydration,16
2026-02-25,55,2,0,VM-106,prod-6,Organic Protein Crunch Bar,Snacks,9
2026-02-25,55,2,0,VM-106,prod-7,Detox Green Juice,Fresh Juices,15
2026-02-25,55,2,0,VM-106,prod-8,Mango Passion Kombucha,Fresh Juices,17
2026-02-25,55,2,0,VM-107,prod-1,Nitro Cold Brew,Coffee & Tea,16
2026-02-25,55,2,0,VM-107,prod-2,Matcha Green Tea Latte,Coffee & Tea,7
2026-02-25,55,2,0,VM-107,prod-3,Electrolyte Spark Hydration,Hydration,8
2026-02-25,55,2,0,VM-107,prod-4,Dark Chocolate Almond Bar,Snacks,16
2026-02-25,55,2,0,VM-107,prod-5,Dragonfruit Sparkling Water,Hydration,12
2026-02-25,55,2,0,VM-107,prod-6,Organic Protein Crunch Bar,Snacks,15
2026-02-25,55,2,0,VM-107,prod-7,Detox Green Juice,Fresh Juices,4
2026-02-25,55,2,0,VM-107,prod-8,Mango Passion Kombucha,Fresh Juices,12
2026-02-25,55,2,0,VM-108,prod-1,Nitro Cold Brew,Coffee & Tea,24
2026-02-25,55,2,0,VM-108,prod-2,Matcha Green Tea Latte,Coffee & Tea,20
2026-02-25,55,2,0,VM-108,prod-3,Electrolyte Spark Hydration,Hydration,15
2026-02-25,55,2,0,VM-108,prod-4,Dark Chocolate Almond Bar,Snacks,23
2026-02-25,55,2,0,VM-108,prod-5,Dragonfruit Sparkling Water,Hydration,15
2026-02-25,55,2,0,VM-108,prod-6,Organic Protein Crunch Bar,Snacks,13
2026-02-25,55,2,0,VM-108,prod-7,Detox Green Juice,Fresh Juices,6
2026-02-25,55,2,0,VM-108,prod-8,Mango Passion Kombucha,Fresh Juices,22
2026-02-25,55,2,0,VM-109,prod-1,Nitro Cold Brew,Coffee & Tea,12
2026-02-25,55,2,0,VM-109,prod-2,Matcha Green Tea Latte,Coffee & Tea,14
2026-02-25,55,2,0,VM-109,prod-3,Electrolyte Spark Hydration,Hydration,7
2026-02-25,55,2,0,VM-109,prod-4,Dark Chocolate Almond Bar,Snacks,23
2026-02-25,55,2,0,VM-109,prod-5,Dragonfruit Sparkling Water,Hydration,11
2026-02-25,55,2,0,VM-109,prod-6,Organic Protein Crunch Bar,Snacks,16
2026-02-25,55,2,0,VM-109,prod-7,Detox Green Juice,Fresh Juices,14
2026-02-25,55,2,0,VM-109,prod-8,Mango Passion Kombucha,Fresh Juices,9
2026-02-25,55,2,0,VM-110,prod-1,Nitro Cold Brew,Coffee & Tea,13
2026-02-25,55,2,0,VM-110,prod-2,Matcha Green Tea Latte,Coffee & Tea,16
2026-02-25,55,2,0,VM-110,prod-3,Electrolyte Spark Hydration,Hydration,6
2026-02-25,55,2,0,VM-110,prod-4,Dark Chocolate Almond Bar,Snacks,31
2026-02-25,55,2,0,VM-110,prod-5,Dragonfruit Sparkling Water,Hydration,7
2026-02-25,55,2,0,VM-110,prod-6,Organic Protein Crunch Bar,Snacks,25
2026-02-25,55,2,0,VM-110,prod-7,Detox Green Juice,Fresh Juices,12
2026-02-25,55,2,0,VM-110,prod-8,Mango Passion Kombucha,Fresh Juices,13
2026-02-26,56,3,0,VM-101,prod-1,Nitro Cold Brew,Coffee & Tea,24
2026-02-26,56,3,0,VM-101,prod-2,Matcha Green Tea Latte,Coffee & Tea,22
2026-02-26,56,3,0,VM-101,prod-3,Electrolyte Spark Hydration,Hydration,6
2026-02-26,56,3,0,VM-101,prod-4,Dark Chocolate Almond Bar,Snacks,15
2026-02-26,56,3,0,VM-101,prod-5,Dragonfruit Sparkling Water,Hydration,12
2026-02-26,56,3,0,VM-101,prod-6,Organic Protein Crunch Bar,Snacks,12
2026-02-26,56,3,0,VM-101,prod-7,Detox Green Juice,Fresh Juices,13
2026-02-26,56,3,0,VM-101,prod-8,Mango Passion Kombucha,Fresh Juices,8
2026-02-26,56,3,0,VM-102,prod-1,Nitro Cold Brew,Coffee & Tea,21
2026-02-26,56,3,0,VM-102,prod-2,Matcha Green Tea Latte,Coffee & Tea,12
2026-02-26,56,3,0,VM-102,prod-3,Electrolyte Spark Hydration,Hydration,20
2026-02-26,56,3,0,VM-102,prod-4,Dark Chocolate Almond Bar,Snacks,21
2026-02-26,56,3,0,VM-102,prod-5,Dragonfruit Sparkling Water,Hydration,16
2026-02-26,56,3,0,VM-102,prod-6,Organic Protein Crunch Bar,Snacks,15
2026-02-26,56,3,0,VM-102,prod-7,Detox Green Juice,Fresh Juices,14
2026-02-26,56,3,0,VM-102,prod-8,Mango Passion Kombucha,Fresh Juices,10
2026-02-26,56,3,0,VM-103,prod-1,Nitro Cold Brew,Coffee & Tea,18
2026-02-26,56,3,0,VM-103,prod-2,Matcha Green Tea Latte,Coffee & Tea,29
2026-02-26,56,3,0,VM-103,prod-3,Electrolyte Spark Hydration,Hydration,11
2026-02-26,56,3,0,VM-103,prod-4,Dark Chocolate Almond Bar,Snacks,40
2026-02-26,56,3,0,VM-103,prod-5,Dragonfruit Sparkling Water,Hydration,8
2026-02-26,56,3,0,VM-103,prod-6,Organic Protein Crunch Bar,Snacks,17
2026-02-26,56,3,0,VM-103,prod-7,Detox Green Juice,Fresh Juices,11
2026-02-26,56,3,0,VM-103,prod-8,Mango Passion Kombucha,Fresh Juices,18
2026-02-26,56,3,0,VM-104,prod-1,Nitro Cold Brew,Coffee & Tea,16
2026-02-26,56,3,0,VM-104,prod-2,Matcha Green Tea Latte,Coffee & Tea,20
2026-02-26,56,3,0,VM-104,prod-3,Electrolyte Spark Hydration,Hydration,24
2026-02-26,56,3,0,VM-104,prod-4,Dark Chocolate Almond Bar,Snacks,27
2026-02-26,56,3,0,VM-104,prod-5,Dragonfruit Sparkling Water,Hydration,4
2026-02-26,56,3,0,VM-104,prod-6,Organic Protein Crunch Bar,Snacks,8
2026-02-26,56,3,0,VM-104,prod-7,Detox Green Juice,Fresh Juices,8
2026-02-26,56,3,0,VM-104,prod-8,Mango Passion Kombucha,Fresh Juices,20
2026-02-26,56,3,0,VM-105,prod-1,Nitro Cold Brew,Coffee & Tea,14
2026-02-26,56,3,0,VM-105,prod-2,Matcha Green Tea Latte,Coffee & Tea,7
2026-02-26,56,3,0,VM-105,prod-3,Electrolyte Spark Hydration,Hydration,11
2026-02-26,56,3,0,VM-105,prod-4,Dark Chocolate Almond Bar,Snacks,20
2026-02-26,56,3,0,VM-105,prod-5,Dragonfruit Sparkling Water,Hydration,5
2026-02-26,56,3,0,VM-105,prod-6,Organic Protein Crunch Bar,Snacks,12
2026-02-26,56,3,0,VM-105,prod-7,Detox Green Juice,Fresh Juices,12
2026-02-26,56,3,0,VM-105,prod-8,Mango Passion Kombucha,Fresh Juices,11
2026-02-26,56,3,0,VM-106,prod-1,Nitro Cold Brew,Coffee & Tea,24
2026-02-26,56,3,0,VM-106,prod-2,Matcha Green Tea Latte,Coffee & Tea,13
2026-02-26,56,3,0,VM-106,prod-3,Electrolyte Spark Hydration,Hydration,11
2026-02-26,56,3,0,VM-106,prod-4,Dark Chocolate Almond Bar,Snacks,32
2026-02-26,56,3,0,VM-106,prod-5,Dragonfruit Sparkling Water,Hydration,12
2026-02-26,56,3,0,VM-106,prod-6,Organic Protein Crunch Bar,Snacks,12
2026-02-26,56,3,0,VM-106,prod-7,Detox Green Juice,Fresh Juices,10
2026-02-26,56,3,0,VM-106,prod-8,Mango Passion Kombucha,Fresh Juices,17
2026-02-26,56,3,0,VM-107,prod-1,Nitro Cold Brew,Coffee & Tea,18
2026-02-26,56,3,0,VM-107,prod-2,Matcha Green Tea Latte,Coffee & Tea,8
2026-02-26,56,3,0,VM-107,prod-3,Electrolyte Spark Hydration,Hydration,8
2026-02-26,56,3,0,VM-107,prod-4,Dark Chocolate Almond Bar,Snacks,20
2026-02-26,56,3,0,VM-107,prod-5,Dragonfruit Sparkling Water,Hydration,16
2026-02-26,56,3,0,VM-107,prod-6,Organic Protein Crunch Bar,Snacks,21
2026-02-26,56,3,0,VM-107,prod-7,Detox Green Juice,Fresh Juices,5
2026-02-26,56,3,0,VM-107,prod-8,Mango Passion Kombucha,Fresh Juices,9
2026-02-26,56,3,0,VM-108,prod-1,Nitro Cold Brew,Coffee & Tea,28
2026-02-26,56,3,0,VM-108,prod-2,Matcha Green Tea Latte,Coffee & Tea,16
2026-02-26,56,3,0,VM-108,prod-3,Electrolyte Spark Hydration,Hydration,19
2026-02-26,56,3,0,VM-108,prod-4,Dark Chocolate Almond Bar,Snacks,27
2026-02-26,56,3,0,VM-108,prod-5,Dragonfruit Sparkling Water,Hydration,15
2026-02-26,56,3,0,VM-108,prod-6,Organic Protein Crunch Bar,Snacks,11
2026-02-26,56,3,0,VM-108,prod-7,Detox Green Juice,Fresh Juices,8
2026-02-26,56,3,0,VM-108,prod-8,Mango Passion Kombucha,Fresh Juices,19
2026-02-26,56,3,0,VM-109,prod-1,Nitro Cold Brew,Coffee & Tea,10
2026-02-26,56,3,0,VM-109,prod-2,Matcha Green Tea Latte,Coffee & Tea,16
2026-02-26,56,3,0,VM-109,prod-3,Electrolyte Spark Hydration,Hydration,7
2026-02-26,56,3,0,VM-109,prod-4,Dark Chocolate Almond Bar,Snacks,28
2026-02-26,56,3,0,VM-109,prod-5,Dragonfruit Sparkling Water,Hydration,13
2026-02-26,56,3,0,VM-109,prod-6,Organic Protein Crunch Bar,Snacks,13
2026-02-26,56,3,0,VM-109,prod-7,Detox Green Juice,Fresh Juices,15
2026-02-26,56,3,0,VM-109,prod-8,Mango Passion Kombucha,Fresh Juices,11
2026-02-26,56,3,0,VM-110,prod-1,Nitro Cold Brew,Coffee & Tea,15
2026-02-26,56,3,0,VM-110,prod-2,Matcha Green Tea Latte,Coffee & Tea,14
2026-02-26,56,3,0,VM-110,prod-3,Electrolyte Spark Hydration,Hydration,7
2026-02-26,56,3,0,VM-110,prod-4,Dark Chocolate Almond Bar,Snacks,32
2026-02-26,56,3,0,VM-110,prod-5,Dragonfruit Sparkling Water,Hydration,8
2026-02-26,56,3,0,VM-110,prod-6,Organic Protein Crunch Bar,Snacks,23
2026-02-26,56,3,0,VM-110,prod-7,Detox Green Juice,Fresh Juices,13
2026-02-26,56,3,0,VM-110,prod-8,Mango Passion Kombucha,Fresh Juices,11
2026-02-27,57,4,0,VM-101,prod-1,Nitro Cold Brew,Coffee & Tea,29
2026-02-27,57,4,0,VM-101,prod-2,Matcha Green Tea Latte,Coffee & Tea,21
2026-02-27,57,4,0,VM-101,prod-3,Electrolyte Spark Hydration,Hydration,8
2026-02-27,57,4,0,VM-101,prod-4,Dark Chocolate Almond Bar,Snacks,22
2026-02-27,57,4,0,VM-101,prod-5,Dragonfruit Sparkling Water,Hydration,14
2026-02-27,57,4,0,VM-101,prod-6,Organic Protein Crunch Bar,Snacks,12
2026-02-27,57,4,0,VM-101,prod-7,Detox Green Juice,Fresh Juices,12
2026-02-27,57,4,0,VM-101,prod-8,Mango Passion Kombucha,Fresh Juices,10
2026-02-27,57,4,0,VM-102,prod-1,Nitro Cold Brew,Coffee & Tea,25
2026-02-27,57,4,0,VM-102,prod-2,Matcha Green Tea Latte,Coffee & Tea,22
2026-02-27,57,4,0,VM-102,prod-3,Electrolyte Spark Hydration,Hydration,24
2026-02-27,57,4,0,VM-102,prod-4,Dark Chocolate Almond Bar,Snacks,30
2026-02-27,57,4,0,VM-102,prod-5,Dragonfruit Sparkling Water,Hydration,19
2026-02-27,57,4,0,VM-102,prod-6,Organic Protein Crunch Bar,Snacks,19
2026-02-27,57,4,0,VM-102,prod-7,Detox Green Juice,Fresh Juices,15
2026-02-27,57,4,0,VM-102,prod-8,Mango Passion Kombucha,Fresh Juices,27
2026-02-27,57,4,0,VM-103,prod-1,Nitro Cold Brew,Coffee & Tea,23
2026-02-27,57,4,0,VM-103,prod-2,Matcha Green Tea Latte,Coffee & Tea,34
2026-02-27,57,4,0,VM-103,prod-3,Electrolyte Spark Hydration,Hydration,12
2026-02-27,57,4,0,VM-103,prod-4,Dark Chocolate Almond Bar,Snacks,31
2026-02-27,57,4,0,VM-103,prod-5,Dragonfruit Sparkling Water,Hydration,13
2026-02-27,57,4,0,VM-103,prod-6,Organic Protein Crunch Bar,Snacks,20
2026-02-27,57,4,0,VM-103,prod-7,Detox Green Juice,Fresh Juices,15
2026-02-27,57,4,0,VM-103,prod-8,Mango Passion Kombucha,Fresh Juices,19
2026-02-27,57,4,0,VM-104,prod-1,Nitro Cold Brew,Coffee & Tea,27
2026-02-27,57,4,0,VM-104,prod-2,Matcha Green Tea Latte,Coffee & Tea,26
2026-02-27,57,4,0,VM-104,prod-3,Electrolyte Spark Hydration,Hydration,29
2026-02-27,57,4,0,VM-104,prod-4,Dark Chocolate Almond Bar,Snacks,31
2026-02-27,57,4,0,VM-104,prod-5,Dragonfruit Sparkling Water,Hydration,6
2026-02-27,57,4,0,VM-104,prod-6,Organic Protein Crunch Bar,Snacks,12
2026-02-27,57,4,0,VM-104,prod-7,Detox Green Juice,Fresh Juices,10
2026-02-27,57,4,0,VM-104,prod-8,Mango Passion Kombucha,Fresh Juices,23
2026-02-27,57,4,0,VM-105,prod-1,Nitro Cold Brew,Coffee & Tea,20
2026-02-27,57,4,0,VM-105,prod-2,Matcha Green Tea Latte,Coffee & Tea,15
2026-02-27,57,4,0,VM-105,prod-3,Electrolyte Spark Hydration,Hydration,17
2026-02-27,57,4,0,VM-105,prod-4,Dark Chocolate Almond Bar,Snacks,36
2026-02-27,57,4,0,VM-105,prod-5,Dragonfruit Sparkling Water,Hydration,10
2026-02-27,57,4,0,VM-105,prod-6,Organic Protein Crunch Bar,Snacks,26
2026-02-27,57,4,0,VM-105,prod-7,Detox Green Juice,Fresh Juices,15
2026-02-27,57,4,0,VM-105,prod-8,Mango Passion Kombucha,Fresh Juices,14
2026-02-27,57,4,0,VM-106,prod-1,Nitro Cold Brew,Coffee & Tea,31
2026-02-27,57,4,0,VM-106,prod-2,Matcha Green Tea Latte,Coffee & Tea,13
2026-02-27,57,4,0,VM-106,prod-3,Electrolyte Spark Hydration,Hydration,12
2026-02-27,57,4,0,VM-106,prod-4,Dark Chocolate Almond Bar,Snacks,17
2026-02-27,57,4,0,VM-106,prod-5,Dragonfruit Sparkling Water,Hydration,19
2026-02-27,57,4,0,VM-106,prod-6,Organic Protein Crunch Bar,Snacks,14
2026-02-27,57,4,0,VM-106,prod-7,Detox Green Juice,Fresh Juices,20
2026-02-27,57,4,0,VM-106,prod-8,Mango Passion Kombucha,Fresh Juices,22
2026-02-27,57,4,0,VM-107,prod-1,Nitro Cold Brew,Coffee & Tea,19
2026-02-27,57,4,0,VM-107,prod-2,Matcha Green Tea Latte,Coffee & Tea,9
2026-02-27,57,4,0,VM-107,prod-3,Electrolyte Spark Hydration,Hydration,8
2026-02-27,57,4,0,VM-107,prod-4,Dark Chocolate Almond Bar,Snacks,25
2026-02-27,57,4,0,VM-107,prod-5,Dragonfruit Sparkling Water,Hydration,18
2026-02-27,57,4,0,VM-107,prod-6,Organic Protein Crunch Bar,Snacks,23
2026-02-27,57,4,0,VM-107,prod-7,Detox Green Juice,Fresh Juices,6
2026-02-27,57,4,0,VM-107,prod-8,Mango Passion Kombucha,Fresh Juices,12
2026-02-27,57,4,0,VM-108,prod-1,Nitro Cold Brew,Coffee & Tea,27
2026-02-27,57,4,0,VM-108,prod-2,Matcha Green Tea Latte,Coffee & Tea,26
2026-02-27,57,4,0,VM-108,prod-3,Electrolyte Spark Hydration,Hydration,21
2026-02-27,57,4,0,VM-108,prod-4,Dark Chocolate Almond Bar,Snacks,38
2026-02-27,57,4,0,VM-108,prod-5,Dragonfruit Sparkling Water,Hydration,20
2026-02-27,57,4,0,VM-108,prod-6,Organic Protein Crunch Bar,Snacks,16
2026-02-27,57,4,0,VM-108,prod-7,Detox Green Juice,Fresh Juices,11
2026-02-27,57,4,0,VM-108,prod-8,Mango Passion Kombucha,Fresh Juices,24
2026-02-27,57,4,0,VM-109,prod-1,Nitro Cold Brew,Coffee & Tea,14
2026-02-27,57,4,0,VM-109,prod-2,Matcha Green Tea Latte,Coffee & Tea,13
2026-02-27,57,4,0,VM-109,prod-3,Electrolyte Spark Hydration,Hydration,8
2026-02-27,57,4,0,VM-109,prod-4,Dark Chocolate Almond Bar,Snacks,35
2026-02-27,57,4,0,VM-109,prod-5,Dragonfruit Sparkling Water,Hydration,18
2026-02-27,57,4,0,VM-109,prod-6,Organic Protein Crunch Bar,Snacks,20
2026-02-27,57,4,0,VM-109,prod-7,Detox Green Juice,Fresh Juices,16
2026-02-27,57,4,0,VM-109,prod-8,Mango Passion Kombucha,Fresh Juices,15
2026-02-27,57,4,0,VM-110,prod-1,Nitro Cold Brew,Coffee & Tea,15
2026-02-27,57,4,0,VM-110,prod-2,Matcha Green Tea Latte,Coffee & Tea,22
2026-02-27,57,4,0,VM-110,prod-3,Electrolyte Spark Hydration,Hydration,6
2026-02-27,57,4,0,VM-110,prod-4,Dark Chocolate Almond Bar,Snacks,40
2026-02-27,57,4,0,VM-110,prod-5,Dragonfruit Sparkling Water,Hydration,8
2026-02-27,57,4,0,VM-110,prod-6,Organic Protein Crunch Bar,Snacks,31
2026-02-27,57,4,0,VM-110,prod-7,Detox Green Juice,Fresh Juices,13
2026-02-27,57,4,0,VM-110,prod-8,Mango Passion Kombucha,Fresh Juices,16
2026-02-28,58,5,1,VM-101,prod-1,Nitro Cold Brew,Coffee & Tea,27
2026-02-28,58,5,1,VM-101,prod-2,Matcha Green Tea Latte,Coffee & Tea,25
2026-02-28,58,5,1,VM-101,prod-3,Electrolyte Spark Hydration,Hydration,8
2026-02-28,58,5,1,VM-101,prod-4,Dark Chocolate Almond Bar,Snacks,21
2026-02-28,58,5,1,VM-101,prod-5,Dragonfruit Sparkling Water,Hydration,14
2026-02-28,58,5,1,VM-101,prod-6,Organic Protein Crunch Bar,Snacks,14
2026-02-28,58,5,1,VM-101,prod-7,Detox Green Juice,Fresh Juices,18
2026-02-28,58,5,1,VM-101,prod-8,Mango Passion Kombucha,Fresh Juices,13
2026-02-28,58,5,1,VM-102,prod-1,Nitro Cold Brew,Coffee & Tea,27
2026-02-28,58,5,1,VM-102,prod-2,Matcha Green Tea Latte,Coffee & Tea,19
2026-02-28,58,5,1,VM-102,prod-3,Electrolyte Spark Hydration,Hydration,24
2026-02-28,58,5,1,VM-102,prod-4,Dark Chocolate Almond Bar,Snacks,29
2026-02-28,58,5,1,VM-102,prod-5,Dragonfruit Sparkling Water,Hydration,13
2026-02-28,58,5,1,VM-102,prod-6,Organic Protein Crunch Bar,Snacks,22
2026-02-28,58,5,1,VM-102,prod-7,Detox Green Juice,Fresh Juices,15
2026-02-28,58,5,1,VM-102,prod-8,Mango Passion Kombucha,Fresh Juices,28
2026-02-28,58,5,1,VM-103,prod-1,Nitro Cold Brew,Coffee & Tea,20
2026-02-28,58,5,1,VM-103,prod-2,Matcha Green Tea Latte,Coffee & Tea,20
2026-02-28,58,5,1,VM-103,prod-3,Electrolyte Spark Hydration,Hydration,15
2026-02-28,58,5,1,VM-103,prod-4,Dark Chocolate Almond Bar,Snacks,43
2026-02-28,58,5,1,VM-103,prod-5,Dragonfruit Sparkling Water,Hydration,9
2026-02-28,58,5,1,VM-103,prod-6,Organic Protein Crunch Bar,Snacks,16
2026-02-28,58,5,1,VM-103,prod-7,Detox Green Juice,Fresh Juices,20
2026-02-28,58,5,1,VM-103,prod-8,Mango Passion Kombucha,Fresh Juices,19
2026-02-28,58,5,1,VM-104,prod-1,Nitro Cold Brew,Coffee & Tea,26
2026-02-28,58,5,1,VM-104,prod-2,Matcha Green Tea Latte,Coffee & Tea,26
2026-02-28,58,5,1,VM-104,prod-3,Electrolyte Spark Hydration,Hydration,18
2026-02-28,58,5,1,VM-104,prod-4,Dark Chocolate Almond Bar,Snacks,32
2026-02-28,58,5,1,VM-104,prod-5,Dragonfruit Sparkling Water,Hydration,7
2026-02-28,58,5,1,VM-104,prod-6,Organic Protein Crunch Bar,Snacks,11
2026-02-28,58,5,1,VM-104,prod-7,Detox Green Juice,Fresh Juices,10
2026-02-28,58,5,1,VM-104,prod-8,Mango Passion Kombucha,Fresh Juices,24
2026-02-28,58,5,1,VM-105,prod-1,Nitro Cold Brew,Coffee & Tea,20
2026-02-28,58,5,1,VM-105,prod-2,Matcha Green Tea Latte,Coffee & Tea,13
2026-02-28,58,5,1,VM-105,prod-3,Electrolyte Spark Hydration,Hydration,14
2026-02-28,58,5,1,VM-105,prod-4,Dark Chocolate Almond Bar,Snacks,22
2026-02-28,58,5,1,VM-105,prod-5,Dragonfruit Sparkling Water,Hydration,7
2026-02-28,58,5,1,VM-105,prod-6,Organic Protein Crunch Bar,Snacks,29
2026-02-28,58,5,1,VM-105,prod-7,Detox Green Juice,Fresh Juices,15
2026-02-28,58,5,1,VM-105,prod-8,Mango Passion Kombucha,Fresh Juices,14
2026-02-28,58,5,1,VM-106,prod-1,Nitro Cold Brew,Coffee & Tea,26
2026-02-28,58,5,1,VM-106,prod-2,Matcha Green Tea Latte,Coffee & Tea,13
2026-02-28,58,5,1,VM-106,prod-3,Electrolyte Spark Hydration,Hydration,12
2026-02-28,58,5,1,VM-106,prod-4,Dark Chocolate Almond Bar,Snacks,26
2026-02-28,58,5,1,VM-106,prod-5,Dragonfruit Sparkling Water,Hydration,17
2026-02-28,58,5,1,VM-106,prod-6,Organic Protein Crunch Bar,Snacks,17
2026-02-28,58,5,1,VM-106,prod-7,Detox Green Juice,Fresh Juices,20
2026-02-28,58,5,1,VM-106,prod-8,Mango Passion Kombucha,Fresh Juices,21
2026-02-28,58,5,1,VM-107,prod-1,Nitro Cold Brew,Coffee & Tea,27
2026-02-28,58,5,1,VM-107,prod-2,Matcha Green Tea Latte,Coffee & Tea,7
2026-02-28,58,5,1,VM-107,prod-3,Electrolyte Spark Hydration,Hydration,11
2026-02-28,58,5,1,VM-107,prod-4,Dark Chocolate Almond Bar,Snacks,21
2026-02-28,58,5,1,VM-107,prod-5,Dragonfruit Sparkling Water,Hydration,19
2026-02-28,58,5,1,VM-107,prod-6,Organic Protein Crunch Bar,Snacks,20
2026-02-28,58,5,1,VM-107,prod-7,Detox Green Juice,Fresh Juices,8
2026-02-28,58,5,1,VM-107,prod-8,Mango Passion Kombucha,Fresh Juices,11
2026-02-28,58,5,1,VM-108,prod-1,Nitro Cold Brew,Coffee & Tea,38
2026-02-28,58,5,1,VM-108,prod-2,Matcha Green Tea Latte,Coffee & Tea,23
2026-02-28,58,5,1,VM-108,prod-3,Electrolyte Spark Hydration,Hydration,19
2026-02-28,58,5,1,VM-108,prod-4,Dark Chocolate Almond Bar,Snacks,36
2026-02-28,58,5,1,VM-108,prod-5,Dragonfruit Sparkling Water,Hydration,18
2026-02-28,58,5,1,VM-108,prod-6,Organic Protein Crunch Bar,Snacks,15
2026-02-28,58,5,1,VM-108,prod-7,Detox Green Juice,Fresh Juices,9
2026-02-28,58,5,1,VM-108,prod-8,Mango Passion Kombucha,Fresh Juices,27
2026-02-28,58,5,1,VM-109,prod-1,Nitro Cold Brew,Coffee & Tea,15
2026-02-28,58,5,1,VM-109,prod-2,Matcha Green Tea Latte,Coffee & Tea,19
2026-02-28,58,5,1,VM-109,prod-3,Electrolyte Spark Hydration,Hydration,11
2026-02-28,58,5,1,VM-109,prod-4,Dark Chocolate Almond Bar,Snacks,31
2026-02-28,58,5,1,VM-109,prod-5,Dragonfruit Sparkling Water,Hydration,18
2026-02-28,58,5,1,VM-109,prod-6,Organic Protein Crunch Bar,Snacks,18
2026-02-28,58,5,1,VM-109,prod-7,Detox Green Juice,Fresh Juices,19
2026-02-28,58,5,1,VM-109,prod-8,Mango Passion Kombucha,Fresh Juices,19
2026-02-28,58,5,1,VM-110,prod-1,Nitro Cold Brew,Coffee & Tea,12
2026-02-28,58,5,1,VM-110,prod-2,Matcha Green Tea Latte,Coffee & Tea,22
2026-02-28,58,5,1,VM-110,prod-3,Electrolyte Spark Hydration,Hydration,8
2026-02-28,58,5,1,VM-110,prod-4,Dark Chocolate Almond Bar,Snacks,31
2026-02-28,58,5,1,VM-110,prod-5,Dragonfruit Sparkling Water,Hydration,11
2026-02-28,58,5,1,VM-110,prod-6,Organic Protein Crunch Bar,Snacks,26
2026-02-28,58,5,1,VM-110,prod-7,Detox Green Juice,Fresh Juices,15
2026-02-28,58,5,1,VM-110,prod-8,Mango Passion Kombucha,Fresh Juices,16
2026-03-01,59,6,1,VM-101,prod-1,Nitro Cold Brew,Coffee & Tea,23
2026-03-01,59,6,1,VM-101,prod-2,Matcha Green Tea Latte,Coffee & Tea,20
2026-03-01,59,6,1,VM-101,prod-3,Electrolyte Spark Hydration,Hydration,9
2026-03-01,59,6,1,VM-101,prod-4,Dark Chocolate Almond Bar,Snacks,19
2026-03-01,59,6,1,VM-101,prod-5,Dragonfruit Sparkling Water,Hydration,10
2026-03-01,59,6,1,VM-101,prod-6,Organic Protein Crunch Bar,Snacks,12
2026-03-01,59,6,1,VM-101,prod-7,Detox Green Juice,Fresh Juices,12
2026-03-01,59,6,1,VM-101,prod-8,Mango Passion Kombucha,Fresh Juices,10
2026-03-01,59,6,1,VM-102,prod-1,Nitro Cold Brew,Coffee & Tea,14
2026-03-01,59,6,1,VM-102,prod-2,Matcha Green Tea Latte,Coffee & Tea,26
2026-03-01,59,6,1,VM-102,prod-3,Electrolyte Spark Hydration,Hydration,20
2026-03-01,59,6,1,VM-102,prod-4,Dark Chocolate Almond Bar,Snacks,25
2026-03-01,59,6,1,VM-102,prod-5,Dragonfruit Sparkling Water,Hydration,20
2026-03-01,59,6,1,VM-102,prod-6,Organic Protein Crunch Bar,Snacks,23
2026-03-01,59,6,1,VM-102,prod-7,Detox Green Juice,Fresh Juices,14
2026-03-01,59,6,1,VM-102,prod-8,Mango Passion Kombucha,Fresh Juices,23
2026-03-01,59,6,1,VM-103,prod-1,Nitro Cold Brew,Coffee & Tea,21
2026-03-01,59,6,1,VM-103,prod-2,Matcha Green Tea Latte,Coffee & Tea,32
2026-03-01,59,6,1,VM-103,prod-3,Electrolyte Spark Hydration,Hydration,12
2026-03-01,59,6,1,VM-103,prod-4,Dark Chocolate Almond Bar,Snacks,30
2026-03-01,59,6,1,VM-103,prod-5,Dragonfruit Sparkling Water,Hydration,9
2026-03-01,59,6,1,VM-103,prod-6,Organic Protein Crunch Bar,Snacks,13
2026-03-01,59,6,1,VM-103,prod-7,Detox Green Juice,Fresh Juices,12
2026-03-01,59,6,1,VM-103,prod-8,Mango Passion Kombucha,Fresh Juices,13
2026-03-01,59,6,1,VM-104,prod-1,Nitro Cold Brew,Coffee & Tea,20
2026-03-01,59,6,1,VM-104,prod-2,Matcha Green Tea Latte,Coffee & Tea,25
2026-03-01,59,6,1,VM-104,prod-3,Electrolyte Spark Hydration,Hydration,23
2026-03-01,59,6,1,VM-104,prod-4,Dark Chocolate Almond Bar,Snacks,26
2026-03-01,59,6,1,VM-104,prod-5,Dragonfruit Sparkling Water,Hydration,9
2026-03-01,59,6,1,VM-104,prod-6,Organic Protein Crunch Bar,Snacks,12
2026-03-01,59,6,1,VM-104,prod-7,Detox Green Juice,Fresh Juices,7
2026-03-01,59,6,1,VM-104,prod-8,Mango Passion Kombucha,Fresh Juices,20
2026-03-01,59,6,1,VM-105,prod-1,Nitro Cold Brew,Coffee & Tea,16
2026-03-01,59,6,1,VM-105,prod-2,Matcha Green Tea Latte,Coffee & Tea,11
2026-03-01,59,6,1,VM-105,prod-3,Electrolyte Spark Hydration,Hydration,9
2026-03-01,59,6,1,VM-105,prod-4,Dark Chocolate Almond Bar,Snacks,29
2026-03-01,59,6,1,VM-105,prod-5,Dragonfruit Sparkling Water,Hydration,7
2026-03-01,59,6,1,VM-105,prod-6,Organic Protein Crunch Bar,Snacks,26
2026-03-01,59,6,1,VM-105,prod-7,Detox Green Juice,Fresh Juices,14
2026-03-01,59,6,1,VM-105,prod-8,Mango Passion Kombucha,Fresh Juices,14
2026-03-01,59,6,1,VM-106,prod-1,Nitro Cold Brew,Coffee & Tea,24
2026-03-01,59,6,1,VM-106,prod-2,Matcha Green Tea Latte,Coffee & Tea,13
2026-03-01,59,6,1,VM-106,prod-3,Electrolyte Spark Hydration,Hydration,12
2026-03-01,59,6,1,VM-106,prod-4,Dark Chocolate Almond Bar,Snacks,27
2026-03-01,59,6,1,VM-106,prod-5,Dragonfruit Sparkling Water,Hydration,15
2026-03-01,59,6,1,VM-106,prod-6,Organic Protein Crunch Bar,Snacks,16
2026-03-01,59,6,1,VM-106,prod-7,Detox Green Juice,Fresh Juices,15
2026-03-01,59,6,1,VM-106,prod-8,Mango Passion Kombucha,Fresh Juices,21
2026-03-01,59,6,1,VM-107,prod-1,Nitro Cold Brew,Coffee & Tea,18
2026-03-01,59,6,1,VM-107,prod-2,Matcha Green Tea Latte,Coffee & Tea,7
2026-03-01,59,6,1,VM-107,prod-3,Electrolyte Spark Hydration,Hydration,8
2026-03-01,59,6,1,VM-107,prod-4,Dark Chocolate Almond Bar,Snacks,20
2026-03-01,59,6,1,VM-107,prod-5,Dragonfruit Sparkling Water,Hydration,13
2026-03-01,59,6,1,VM-107,prod-6,Organic Protein Crunch Bar,Snacks,18
2026-03-01,59,6,1,VM-107,prod-7,Detox Green Juice,Fresh Juices,4
2026-03-01,59,6,1,VM-107,prod-8,Mango Passion Kombucha,Fresh Juices,9
2026-03-01,59,6,1,VM-108,prod-1,Nitro Cold Brew,Coffee & Tea,33
2026-03-01,59,6,1,VM-108,prod-2,Matcha Green Tea Latte,Coffee & Tea,23
2026-03-01,59,6,1,VM-108,prod-3,Electrolyte Spark Hydration,Hydration,16
2026-03-01,59,6,1,VM-108,prod-4,Dark Chocolate Almond Bar,Snacks,26
2026-03-01,59,6,1,VM-108,prod-5,Dragonfruit Sparkling Water,Hydration,15
2026-03-01,59,6,1,VM-108,prod-6,Organic Protein Crunch Bar,Snacks,12
2026-03-01,59,6,1,VM-108,prod-7,Detox Green Juice,Fresh Juices,8
2026-03-01,59,6,1,VM-108,prod-8,Mango Passion Kombucha,Fresh Juices,25
2026-03-01,59,6,1,VM-109,prod-1,Nitro Cold Brew,Coffee & Tea,11
2026-03-01,59,6,1,VM-109,prod-2,Matcha Green Tea Latte,Coffee & Tea,12
2026-03-01,59,6,1,VM-109,prod-3,Electrolyte Spark Hydration,Hydration,9
2026-03-01,59,6,1,VM-109,prod-4,Dark Chocolate Almond Bar,Snacks,27
2026-03-01,59,6,1,VM-109,prod-5,Dragonfruit Sparkling Water,Hydration,12
2026-03-01,59,6,1,VM-109,prod-6,Organic Protein Crunch Bar,Snacks,22
2026-03-01,59,6,1,VM-109,prod-7,Detox Green Juice,Fresh Juices,17
2026-03-01,59,6,1,VM-109,prod-8,Mango Passion Kombucha,Fresh Juices,15
2026-03-01,59,6,1,VM-110,prod-1,Nitro Cold Brew,Coffee & Tea,12
2026-03-01,59,6,1,VM-110,prod-2,Matcha Green Tea Latte,Coffee & Tea,19
2026-03-01,59,6,1,VM-110,prod-3,Electrolyte Spark Hydration,Hydration,8
2026-03-01,59,6,1,VM-110,prod-4,Dark Chocolate Almond Bar,Snacks,28
2026-03-01,59,6,1,VM-110,prod-5,Dragonfruit Sparkling Water,Hydration,10
2026-03-01,59,6,1,VM-110,prod-6,Organic Protein Crunch Bar,Snacks,29
2026-03-01,59,6,1,VM-110,prod-7,Detox Green Juice,Fresh Juices,18
2026-03-01,59,6,1,VM-110,prod-8,Mango Passion Kombucha,Fresh Juices,14
2026-03-02,60,0,0,VM-101,prod-1,Nitro Cold Brew,Coffee & Tea,17
2026-03-02,60,0,0,VM-101,prod-2,Matcha Green Tea Latte,Coffee & Tea,18
2026-03-02,60,0,0,VM-101,prod-3,Electrolyte Spark Hydration,Hydration,6
2026-03-02,60,0,0,VM-101,prod-4,Dark Chocolate Almond Bar,Snacks,12
2026-03-02,60,0,0,VM-101,prod-5,Dragonfruit Sparkling Water,Hydration,10
2026-03-02,60,0,0,VM-101,prod-6,Organic Protein Crunch Bar,Snacks,10
2026-03-02,60,0,0,VM-101,prod-7,Detox Green Juice,Fresh Juices,8
2026-03-02,60,0,0,VM-101,prod-8,Mango Passion Kombucha,Fresh Juices,7
2026-03-02,60,0,0,VM-102,prod-1,Nitro Cold Brew,Coffee & Tea,20
2026-03-02,60,0,0,VM-102,prod-2,Matcha Green Tea Latte,Coffee & Tea,9
2026-03-02,60,0,0,VM-102,prod-3,Electrolyte Spark Hydration,Hydration,17
2026-03-02,60,0,0,VM-102,prod-4,Dark Chocolate Almond Bar,Snacks,21
2026-03-02,60,0,0,VM-102,prod-5,Dragonfruit Sparkling Water,Hydration,12
2026-03-02,60,0,0,VM-102,prod-6,Organic Protein Crunch Bar,Snacks,14
2026-03-02,60,0,0,VM-102,prod-7,Detox Green Juice,Fresh Juices,9
2026-03-02,60,0,0,VM-102,prod-8,Mango Passion Kombucha,Fresh Juices,17
2026-03-02,60,0,0,VM-103,prod-1,Nitro Cold Brew,Coffee & Tea,17
2026-03-02,60,0,0,VM-103,prod-2,Matcha Green Tea Latte,Coffee & Tea,19
2026-03-02,60,0,0,VM-103,prod-3,Electrolyte Spark Hydration,Hydration,10
2026-03-02,60,0,0,VM-103,prod-4,Dark Chocolate Almond Bar,Snacks,25
2026-03-02,60,0,0,VM-103,prod-5,Dragonfruit Sparkling Water,Hydration,8
2026-03-02,60,0,0,VM-103,prod-6,Organic Protein Crunch Bar,Snacks,11
2026-03-02,60,0,0,VM-103,prod-7,Detox Green Juice,Fresh Juices,11
2026-03-02,60,0,0,VM-103,prod-8,Mango Passion Kombucha,Fresh Juices,15
2026-03-02,60,0,0,VM-104,prod-1,Nitro Cold Brew,Coffee & Tea,13
2026-03-02,60,0,0,VM-104,prod-2,Matcha Green Tea Latte,Coffee & Tea,15
2026-03-02,60,0,0,VM-104,prod-3,Electrolyte Spark Hydration,Hydration,16
2026-03-02,60,0,0,VM-104,prod-4,Dark Chocolate Almond Bar,Snacks,22
2026-03-02,60,0,0,VM-104,prod-5,Dragonfruit Sparkling Water,Hydration,5
2026-03-02,60,0,0,VM-104,prod-6,Organic Protein Crunch Bar,Snacks,8
2026-03-02,60,0,0,VM-104,prod-7,Detox Green Juice,Fresh Juices,7
2026-03-02,60,0,0,VM-104,prod-8,Mango Passion Kombucha,Fresh Juices,16
2026-03-02,60,0,0,VM-105,prod-1,Nitro Cold Brew,Coffee & Tea,13
2026-03-02,60,0,0,VM-105,prod-2,Matcha Green Tea Latte,Coffee & Tea,8
2026-03-02,60,0,0,VM-105,prod-3,Electrolyte Spark Hydration,Hydration,8
2026-03-02,60,0,0,VM-105,prod-4,Dark Chocolate Almond Bar,Snacks,23
2026-03-02,60,0,0,VM-105,prod-5,Dragonfruit Sparkling Water,Hydration,6
2026-03-02,60,0,0,VM-105,prod-6,Organic Protein Crunch Bar,Snacks,18
2026-03-02,60,0,0,VM-105,prod-7,Detox Green Juice,Fresh Juices,8
2026-03-02,60,0,0,VM-105,prod-8,Mango Passion Kombucha,Fresh Juices,7
2026-03-02,60,0,0,VM-106,prod-1,Nitro Cold Brew,Coffee & Tea,20
2026-03-02,60,0,0,VM-106,prod-2,Matcha Green Tea Latte,Coffee & Tea,9
2026-03-02,60,0,0,VM-106,prod-3,Electrolyte Spark Hydration,Hydration,7
2026-03-02,60,0,0,VM-106,prod-4,Dark Chocolate Almond Bar,Snacks,20
2026-03-02,60,0,0,VM-106,prod-5,Dragonfruit Sparkling Water,Hydration,10
2026-03-02,60,0,0,VM-106,prod-6,Organic Protein Crunch Bar,Snacks,11
2026-03-02,60,0,0,VM-106,prod-7,Detox Green Juice,Fresh Juices,10
2026-03-02,60,0,0,VM-106,prod-8,Mango Passion Kombucha,Fresh Juices,17
2026-03-02,60,0,0,VM-107,prod-1,Nitro Cold Brew,Coffee & Tea,19
2026-03-02,60,0,0,VM-107,prod-2,Matcha Green Tea Latte,Coffee & Tea,6
2026-03-02,60,0,0,VM-107,prod-3,Electrolyte Spark Hydration,Hydration,5
2026-03-02,60,0,0,VM-107,prod-4,Dark Chocolate Almond Bar,Snacks,10
2026-03-02,60,0,0,VM-107,prod-5,Dragonfruit Sparkling Water,Hydration,9
2026-03-02,60,0,0,VM-107,prod-6,Organic Protein Crunch Bar,Snacks,11
2026-03-02,60,0,0,VM-107,prod-7,Detox Green Juice,Fresh Juices,6
2026-03-02,60,0,0,VM-107,prod-8,Mango Passion Kombucha,Fresh Juices,8
2026-03-02,60,0,0,VM-108,prod-1,Nitro Cold Brew,Coffee & Tea,23
2026-03-02,60,0,0,VM-108,prod-2,Matcha Green Tea Latte,Coffee & Tea,10
2026-03-02,60,0,0,VM-108,prod-3,Electrolyte Spark Hydration,Hydration,10
2026-03-02,60,0,0,VM-108,prod-4,Dark Chocolate Almond Bar,Snacks,26
2026-03-02,60,0,0,VM-108,prod-5,Dragonfruit Sparkling Water,Hydration,14
2026-03-02,60,0,0,VM-108,prod-6,Organic Protein Crunch Bar,Snacks,9
2026-03-02,60,0,0,VM-108,prod-7,Detox Green Juice,Fresh Juices,6
2026-03-02,60,0,0,VM-108,prod-8,Mango Passion Kombucha,Fresh Juices,20
2026-03-02,60,0,0,VM-109,prod-1,Nitro Cold Brew,Coffee & Tea,9
2026-03-02,60,0,0,VM-109,prod-2,Matcha Green Tea Latte,Coffee & Tea,11
2026-03-02,60,0,0,VM-109,prod-3,Electrolyte Spark Hydration,Hydration,6
2026-03-02,60,0,0,VM-109,prod-4,Dark Chocolate Almond Bar,Snacks,31
2026-03-02,60,0,0,VM-109,prod-5,Dragonfruit Sparkling Water,Hydration,7
2026-03-02,60,0,0,VM-109,prod-6,Organic Protein Crunch Bar,Snacks,15
2026-03-02,60,0,0,VM-109,prod-7,Detox Green Juice,Fresh Juices,11
2026-03-02,60,0,0,VM-109,prod-8,Mango Passion Kombucha,Fresh Juices,12
2026-03-02,60,0,0,VM-110,prod-1,Nitro Cold Brew,Coffee & Tea,10
2026-03-02,60,0,0,VM-110,prod-2,Matcha Green Tea Latte,Coffee & Tea,13
2026-03-02,60,0,0,VM-110,prod-3,Electrolyte Spark Hydration,Hydration,6
2026-03-02,60,0,0,VM-110,prod-4,Dark Chocolate Almond Bar,Snacks,32
2026-03-02,60,0,0,VM-110,prod-5,Dragonfruit Sparkling Water,Hydration,7
2026-03-02,60,0,0,VM-110,prod-6,Organic Protein Crunch Bar,Snacks,16
2026-03-02,60,0,0,VM-110,prod-7,Detox Green Juice,Fresh Juices,10
2026-03-02,60,0,0,VM-110,prod-8,Mango Passion Kombucha,Fresh Juices,9
2026-03-03,61,1,0,VM-101,prod-1,Nitro Cold Brew,Coffee & Tea,13
2026-03-03,61,1,0,VM-101,prod-2,Matcha Green Tea Latte,Coffee & Tea,16
2026-03-03,61,1,0,VM-101,prod-3,Electrolyte Spark Hydration,Hydration,7
2026-03-03,61,1,0,VM-101,prod-4,Dark Chocolate Almond Bar,Snacks,12
2026-03-03,61,1,0,VM-101,prod-5,Dragonfruit Sparkling Water,Hydration,14
2026-03-03,61,1,0,VM-101,prod-6,Organic Protein Crunch Bar,Snacks,11
2026-03-03,61,1,0,VM-101,prod-7,Detox Green Juice,Fresh Juices,10
2026-03-03,61,1,0,VM-101,prod-8,Mango Passion Kombucha,Fresh Juices,8
2026-03-03,61,1,0,VM-102,prod-1,Nitro Cold Brew,Coffee & Tea,23
2026-03-03,61,1,0,VM-102,prod-2,Matcha Green Tea Latte,Coffee & Tea,18
2026-03-03,61,1,0,VM-102,prod-3,Electrolyte Spark Hydration,Hydration,15
2026-03-03,61,1,0,VM-102,prod-4,Dark Chocolate Almond Bar,Snacks,20
2026-03-03,61,1,0,VM-102,prod-5,Dragonfruit Sparkling Water,Hydration,14
2026-03-03,61,1,0,VM-102,prod-6,Organic Protein Crunch Bar,Snacks,13
2026-03-03,61,1,0,VM-102,prod-7,Detox Green Juice,Fresh Juices,7
2026-03-03,61,1,0,VM-102,prod-8,Mango Passion Kombucha,Fresh Juices,21
2026-03-03,61,1,0,VM-103,prod-1,Nitro Cold Brew,Coffee & Tea,17
2026-03-03,61,1,0,VM-103,prod-2,Matcha Green Tea Latte,Coffee & Tea,28
2026-03-03,61,1,0,VM-103,prod-3,Electrolyte Spark Hydration,Hydration,10
2026-03-03,61,1,0,VM-103,prod-4,Dark Chocolate Almond Bar,Snacks,26
2026-03-03,61,1,0,VM-103,prod-5,Dragonfruit Sparkling Water,Hydration,8
2026-03-03,61,1,0,VM-103,prod-6,Organic Protein Crunch Bar,Snacks,10
2026-03-03,61,1,0,VM-103,prod-7,Detox Green Juice,Fresh Juices,13
2026-03-03,61,1,0,VM-103,prod-8,Mango Passion Kombucha,Fresh Juices,12
2026-03-03,61,1,0,VM-104,prod-1,Nitro Cold Brew,Coffee & Tea,14
2026-03-03,61,1,0,VM-104,prod-2,Matcha Green Tea Latte,Coffee & Tea,19
2026-03-03,61,1,0,VM-104,prod-3,Electrolyte Spark Hydration,Hydration,22
2026-03-03,61,1,0,VM-104,prod-4,Dark Chocolate Almond Bar,Snacks,23
2026-03-03,61,1,0,VM-104,prod-5,Dragonfruit Sparkling Water,Hydration,4
2026-03-03,61,1,0,VM-104,prod-6,Organic Protein Crunch Bar,Snacks,9
2026-03-03,61,1,0,VM-104,prod-7,Detox Green Juice,Fresh Juices,8
2026-03-03,61,1,0,VM-104,prod-8,Mango Passion Kombucha,Fresh Juices,17
2026-03-03,61,1,0,VM-105,prod-1,Nitro Cold Brew,Coffee & Tea,16
2026-03-03,61,1,0,VM-105,prod-2,Matcha Green Tea Latte,Coffee & Tea,15
2026-03-03,61,1,0,VM-105,prod-3,Electrolyte Spark Hydration,Hydration,12
2026-03-03,61,1,0,VM-105,prod-4,Dark Chocolate Almond Bar,Snacks,20
2026-03-03,61,1,0,VM-105,prod-5,Dragonfruit Sparkling Water,Hydration,9
2026-03-03,61,1,0,VM-105,prod-6,Organic Protein Crunch Bar,Snacks,20
2026-03-03,61,1,0,VM-105,prod-7,Detox Green Juice,Fresh Juices,10
2026-03-03,61,1,0,VM-105,prod-8,Mango Passion Kombucha,Fresh Juices,7
2026-03-03,61,1,0,VM-106,prod-1,Nitro Cold Brew,Coffee & Tea,22
2026-03-03,61,1,0,VM-106,prod-2,Matcha Green Tea Latte,Coffee & Tea,9
2026-03-03,61,1,0,VM-106,prod-3,Electrolyte Spark Hydration,Hydration,10
2026-03-03,61,1,0,VM-106,prod-4,Dark Chocolate Almond Bar,Snacks,28
2026-03-03,61,1,0,VM-106,prod-5,Dragonfruit Sparkling Water,Hydration,9
2026-03-03,61,1,0,VM-106,prod-6,Organic Protein Crunch Bar,Snacks,11
2026-03-03,61,1,0,VM-106,prod-7,Detox Green Juice,Fresh Juices,14
2026-03-03,61,1,0,VM-106,prod-8,Mango Passion Kombucha,Fresh Juices,16
2026-03-03,61,1,0,VM-107,prod-1,Nitro Cold Brew,Coffee & Tea,19
2026-03-03,61,1,0,VM-107,prod-2,Matcha Green Tea Latte,Coffee & Tea,7
2026-03-03,61,1,0,VM-107,prod-3,Electrolyte Spark Hydration,Hydration,8
2026-03-03,61,1,0,VM-107,prod-4,Dark Chocolate Almond Bar,Snacks,16
2026-03-03,61,1,0,VM-107,prod-5,Dragonfruit Sparkling Water,Hydration,10
2026-03-03,61,1,0,VM-107,prod-6,Organic Protein Crunch Bar,Snacks,12
2026-03-03,61,1,0,VM-107,prod-7,Detox Green Juice,Fresh Juices,5
2026-03-03,61,1,0,VM-107,prod-8,Mango Passion Kombucha,Fresh Juices,9
2026-03-03,61,1,0,VM-108,prod-1,Nitro Cold Brew,Coffee & Tea,24
2026-03-03,61,1,0,VM-108,prod-2,Matcha Green Tea Latte,Coffee & Tea,16
2026-03-03,61,1,0,VM-108,prod-3,Electrolyte Spark Hydration,Hydration,13
2026-03-03,61,1,0,VM-108,prod-4,Dark Chocolate Almond Bar,Snacks,30
2026-03-03,61,1,0,VM-108,prod-5,Dragonfruit Sparkling Water,Hydration,14
2026-03-03,61,1,0,VM-108,prod-6,Organic Protein Crunch Bar,Snacks,8
2026-03-03,61,1,0,VM-108,prod-7,Detox Green Juice,Fresh Juices,7
2026-03-03,61,1,0,VM-108,prod-8,Mango Passion Kombucha,Fresh Juices,18
2026-03-03,61,1,0,VM-109,prod-1,Nitro Cold Brew,Coffee & Tea,10
2026-03-03,61,1,0,VM-109,prod-2,Matcha Green Tea Latte,Coffee & Tea,14
2026-03-03,61,1,0,VM-109,prod-3,Electrolyte Spark Hydration,Hydration,7
2026-03-03,61,1,0,VM-109,prod-4,Dark Chocolate Almond Bar,Snacks,27
2026-03-03,61,1,0,VM-109,prod-5,Dragonfruit Sparkling Water,Hydration,9
2026-03-03,61,1,0,VM-109,prod-6,Organic Protein Crunch Bar,Snacks,15
2026-03-03,61,1,0,VM-109,prod-7,Detox Green Juice,Fresh Juices,14
2026-03-03,61,1,0,VM-109,prod-8,Mango Passion Kombucha,Fresh Juices,9
2026-03-03,61,1,0,VM-110,prod-1,Nitro Cold Brew,Coffee & Tea,12
2026-03-03,61,1,0,VM-110,prod-2,Matcha Green Tea Latte,Coffee & Tea,15
2026-03-03,61,1,0,VM-110,prod-3,Electrolyte Spark Hydration,Hydration,6
2026-03-03,61,1,0,VM-110,prod-4,Dark Chocolate Almond Bar,Snacks,28
2026-03-03,61,1,0,VM-110,prod-5,Dragonfruit Sparkling Water,Hydration,7
2026-03-03,61,1,0,VM-110,prod-6,Organic Protein Crunch Bar,Snacks,25
2026-03-03,61,1,0,VM-110,prod-7,Detox Green Juice,Fresh Juices,10
2026-03-03,61,1,0,VM-110,prod-8,Mango Passion Kombucha,Fresh Juices,11
2026-03-04,62,2,0,VM-101,prod-1,Nitro Cold Brew,Coffee & Tea,19
2026-03-04,62,2,0,VM-101,prod-2,Matcha Green Tea Latte,Coffee & Tea,15
2026-03-04,62,2,0,VM-101,prod-3,Electrolyte Spark Hydration,Hydration,8
2026-03-04,62,2,0,VM-101,prod-4,Dark Chocolate Almond Bar,Snacks,21
2026-03-04,62,2,0,VM-101,prod-5,Dragonfruit Sparkling Water,Hydration,13
2026-03-04,62,2,0,VM-101,prod-6,Organic Protein Crunch Bar,Snacks,12
2026-03-04,62,2,0,VM-101,prod-7,Detox Green Juice,Fresh Juices,12
2026-03-04,62,2,0,VM-101,prod-8,Mango Passion Kombucha,Fresh Juices,7
2026-03-04,62,2,0,VM-102,prod-1,Nitro Cold Brew,Coffee & Tea,14
2026-03-04,62,2,0,VM-102,prod-2,Matcha Green Tea Latte,Coffee & Tea,15
2026-03-04,62,2,0,VM-102,prod-3,Electrolyte Spark Hydration,Hydration,13
2026-03-04,62,2,0,VM-102,prod-4,Dark Chocolate Almond Bar,Snacks,27
2026-03-04,62,2,0,VM-102,prod-5,Dragonfruit Sparkling Water,Hydration,15
2026-03-04,62,2,0,VM-102,prod-6,Organic Protein Crunch Bar,Snacks,14
2026-03-04,62,2,0,VM-102,prod-7,Detox Green Juice,Fresh Juices,12
2026-03-04,62,2,0,VM-102,prod-8,Mango Passion Kombucha,Fresh Juices,14
2026-03-04,62,2,0,VM-103,prod-1,Nitro Cold Brew,Coffee & Tea,16
2026-03-04,62,2,0,VM-103,prod-2,Matcha Green Tea Latte,Coffee & Tea,29
2026-03-04,62,2,0,VM-103,prod-3,Electrolyte Spark Hydration,Hydration,12
2026-03-04,62,2,0,VM-103,prod-4,Dark Chocolate Almond Bar,Snacks,33
2026-03-04,62,2,0,VM-103,prod-5,Dragonfruit Sparkling Water,Hydration,9
2026-03-04,62,2,0,VM-103,prod-6,Organic Protein Crunch Bar,Snacks,15
2026-03-04,62,2,0,VM-103,prod-7,Detox Green Juice,Fresh Juices,11
2026-03-04,62,2,0,VM-103,prod-8,Mango Passion Kombucha,Fresh Juices,15
2026-03-04,62,2,0,VM-104,prod-1,Nitro Cold Brew,Coffee & Tea,15
2026-03-04,62,2,0,VM-104,prod-2,Matcha Green Tea Latte,Coffee & Tea,22
2026-03-04,62,2,0,VM-104,prod-3,Electrolyte Spark Hydration,Hydration,17
2026-03-04,62,2,0,VM-104,prod-4,Dark Chocolate Almond Bar,Snacks,25
2026-03-04,62,2,0,VM-104,prod-5,Dragonfruit Sparkling Water,Hydration,5
2026-03-04,62,2,0,VM-104,prod-6,Organic Protein Crunch Bar,Snacks,12
2026-03-04,62,2,0,VM-104,prod-7,Detox Green Juice,Fresh Juices,7
2026-03-04,62,2,0,VM-104,prod-8,Mango Passion Kombucha,Fresh Juices,13
2026-03-04,62,2,0,VM-105,prod-1,Nitro Cold Brew,Coffee & Tea,15
2026-03-04,62,2,0,VM-105,prod-2,Matcha Green Tea Latte,Coffee & Tea,13
2026-03-04,62,2,0,VM-105,prod-3,Electrolyte Spark Hydration,Hydration,12
2026-03-04,62,2,0,VM-105,prod-4,Dark Chocolate Almond Bar,Snacks,21
2026-03-04,62,2,0,VM-105,prod-5,Dragonfruit Sparkling Water,Hydration,6
2026-03-04,62,2,0,VM-105,prod-6,Organic Protein Crunch Bar,Snacks,22
2026-03-04,62,2,0,VM-105,prod-7,Detox Green Juice,Fresh Juices,8
2026-03-04,62,2,0,VM-105,prod-8,Mango Passion Kombucha,Fresh Juices,9
2026-03-04,62,2,0,VM-106,prod-1,Nitro Cold Brew,Coffee & Tea,23
2026-03-04,62,2,0,VM-106,prod-2,Matcha Green Tea Latte,Coffee & Tea,10
2026-03-04,62,2,0,VM-106,prod-3,Electrolyte Spark Hydration,Hydration,10
2026-03-04,62,2,0,VM-106,prod-4,Dark Chocolate Almond Bar,Snacks,22
2026-03-04,62,2,0,VM-106,prod-5,Dragonfruit Sparkling Water,Hydration,14
2026-03-04,62,2,0,VM-106,prod-6,Organic Protein Crunch Bar,Snacks,11
2026-03-04,62,2,0,VM-106,prod-7,Detox Green Juice,Fresh Juices,13
2026-03-04,62,2,0,VM-106,prod-8,Mango Passion Kombucha,Fresh Juices,17
2026-03-04,62,2,0,VM-107,prod-1,Nitro Cold Brew,Coffee & Tea,19
2026-03-04,62,2,0,VM-107,prod-2,Matcha Green Tea Latte,Coffee & Tea,8
2026-03-04,62,2,0,VM-107,prod-3,Electrolyte Spark Hydration,Hydration,8
2026-03-04,62,2,0,VM-107,prod-4,Dark Chocolate Almond Bar,Snacks,19
2026-03-04,62,2,0,VM-107,prod-5,Dragonfruit Sparkling Water,Hydration,10
2026-03-04,62,2,0,VM-107,prod-6,Organic Protein Crunch Bar,Snacks,16
2026-03-04,62,2,0,VM-107,prod-7,Detox Green Juice,Fresh Juices,5
2026-03-04,62,2,0,VM-107,prod-8,Mango Passion Kombucha,Fresh Juices,10
2026-03-04,62,2,0,VM-108,prod-1,Nitro Cold Brew,Coffee & Tea,23
2026-03-04,62,2,0,VM-108,prod-2,Matcha Green Tea Latte,Coffee & Tea,16
2026-03-04,62,2,0,VM-108,prod-3,Electrolyte Spark Hydration,Hydration,13
2026-03-04,62,2,0,VM-108,prod-4,Dark Chocolate Almond Bar,Snacks,29
2026-03-04,62,2,0,VM-108,prod-5,Dragonfruit Sparkling Water,Hydration,18
2026-03-04,62,2,0,VM-108,prod-6,Organic Protein Crunch Bar,Snacks,10
2026-03-04,62,2,0,VM-108,prod-7,Detox Green Juice,Fresh Juices,7
2026-03-04,62,2,0,VM-108,prod-8,Mango Passion Kombucha,Fresh Juices,20
2026-03-04,62,2,0,VM-109,prod-1,Nitro Cold Brew,Coffee & Tea,11
2026-03-04,62,2,0,VM-109,prod-2,Matcha Green Tea Latte,Coffee & Tea,12
2026-03-04,62,2,0,VM-109,prod-3,Electrolyte Spark Hydration,Hydration,8
2026-03-04,62,2,0,VM-109,prod-4,Dark Chocolate Almond Bar,Snacks,28
2026-03-04,62,2,0,VM-109,prod-5,Dragonfruit Sparkling Water,Hydration,16
2026-03-04,62,2,0,VM-109,prod-6,Organic Protein Crunch Bar,Snacks,14
2026-03-04,62,2,0,VM-109,prod-7,Detox Green Juice,Fresh Juices,14
2026-03-04,62,2,0,VM-109,prod-8,Mango Passion Kombucha,Fresh Juices,12
2026-03-04,62,2,0,VM-110,prod-1,Nitro Cold Brew,Coffee & Tea,11
2026-03-04,62,2,0,VM-110,prod-2,Matcha Green Tea Latte,Coffee & Tea,16
2026-03-04,62,2,0,VM-110,prod-3,Electrolyte Spark Hydration,Hydration,6
2026-03-04,62,2,0,VM-110,prod-4,Dark Chocolate Almond Bar,Snacks,37
2026-03-04,62,2,0,VM-110,prod-5,Dragonfruit Sparkling Water,Hydration,7
2026-03-04,62,2,0,VM-110,prod-6,Organic Protein Crunch Bar,Snacks,18
2026-03-04,62,2,0,VM-110,prod-7,Detox Green Juice,Fresh Juices,13
2026-03-04,62,2,0,VM-110,prod-8,Mango Passion Kombucha,Fresh Juices,8
2026-03-05,63,3,0,VM-101,prod-1,Nitro Cold Brew,Coffee & Tea,19
2026-03-05,63,3,0,VM-101,prod-2,Matcha Green Tea Latte,Coffee & Tea,19
2026-03-05,63,3,0,VM-101,prod-3,Electrolyte Spark Hydration,Hydration,8
2026-03-05,63,3,0,VM-101,prod-4,Dark Chocolate Almond Bar,Snacks,19
2026-03-05,63,3,0,VM-101,prod-5,Dragonfruit Sparkling Water,Hydration,12
2026-03-05,63,3,0,VM-101,prod-6,Organic Protein Crunch Bar,Snacks,12
2026-03-05,63,3,0,VM-101,prod-7,Detox Green Juice,Fresh Juices,11
2026-03-05,63,3,0,VM-101,prod-8,Mango Passion Kombucha,Fresh Juices,7
2026-03-05,63,3,0,VM-102,prod-1,Nitro Cold Brew,Coffee & Tea,22
2026-03-05,63,3,0,VM-102,prod-2,Matcha Green Tea Latte,Coffee & Tea,14
2026-03-05,63,3,0,VM-102,prod-3,Electrolyte Spark Hydration,Hydration,16
2026-03-05,63,3,0,VM-102,prod-4,Dark Chocolate Almond Bar,Snacks,19
2026-03-05,63,3,0,VM-102,prod-5,Dragonfruit Sparkling Water,Hydration,17
2026-03-05,63,3,0,VM-102,prod-6,Organic Protein Crunch Bar,Snacks,20
2026-03-05,63,3,0,VM-102,prod-7,Detox Green Juice,Fresh Juices,9
2026-03-05,63,3,0,VM-102,prod-8,Mango Passion Kombucha,Fresh Juices,13
2026-03-05,63,3,0,VM-103,prod-1,Nitro Cold Brew,Coffee & Tea,19
2026-03-05,63,3,0,VM-103,prod-2,Matcha Green Tea Latte,Coffee & Tea,30
2026-03-05,63,3,0,VM-103,prod-3,Electrolyte Spark Hydration,Hydration,12
2026-03-05,63,3,0,VM-103,prod-4,Dark Chocolate Almond Bar,Snacks,30
2026-03-05,63,3,0,VM-103,prod-5,Dragonfruit Sparkling Water,Hydration,9
2026-03-05,63,3,0,VM-103,prod-6,Organic Protein Crunch Bar,Snacks,16
2026-03-05,63,3,0,VM-103,prod-7,Detox Green Juice,Fresh Juices,13
2026-03-05,63,3,0,VM-103,prod-8,Mango Passion Kombucha,Fresh Juices,11
2026-03-05,63,3,0,VM-104,prod-1,Nitro Cold Brew,Coffee & Tea,17
2026-03-05,63,3,0,VM-104,prod-2,Matcha Green Tea Latte,Coffee & Tea,23
2026-03-05,63,3,0,VM-104,prod-3,Electrolyte Spark Hydration,Hydration,18
2026-03-05,63,3,0,VM-104,prod-4,Dark Chocolate Almond Bar,Snacks,32
2026-03-05,63,3,0,VM-104,prod-5,Dragonfruit Sparkling Water,Hydration,5
2026-03-05,63,3,0,VM-104,prod-6,Organic Protein Crunch Bar,Snacks,9
2026-03-05,63,3,0,VM-104,prod-7,Detox Green Juice,Fresh Juices,8
2026-03-05,63,3,0,VM-104,prod-8,Mango Passion Kombucha,Fresh Juices,16
2026-03-05,63,3,0,VM-105,prod-1,Nitro Cold Brew,Coffee & Tea,11
2026-03-05,63,3,0,VM-105,prod-2,Matcha Green Tea Latte,Coffee & Tea,12
2026-03-05,63,3,0,VM-105,prod-3,Electrolyte Spark Hydration,Hydration,12
2026-03-05,63,3,0,VM-105,prod-4,Dark Chocolate Almond Bar,Snacks,23
2026-03-05,63,3,0,VM-105,prod-5,Dragonfruit Sparkling Water,Hydration,7
2026-03-05,63,3,0,VM-105,prod-6,Organic Protein Crunch Bar,Snacks,24
2026-03-05,63,3,0,VM-105,prod-7,Detox Green Juice,Fresh Juices,10
2026-03-05,63,3,0,VM-105,prod-8,Mango Passion Kombucha,Fresh Juices,10
2026-03-05,63,3,0,VM-106,prod-1,Nitro Cold Brew,Coffee & Tea,26
2026-03-05,63,3,0,VM-106,prod-2,Matcha Green Tea Latte,Coffee & Tea,12
2026-03-05,63,3,0,VM-106,prod-3,Electrolyte Spark Hydration,Hydration,14
2026-03-05,63,3,0,VM-106,prod-4,Dark Chocolate Almond Bar,Snacks,30
2026-03-05,63,3,0,VM-106,prod-5,Dragonfruit Sparkling Water,Hydration,18
2026-03-05,63,3,0,VM-106,prod-6,Organic Protein Crunch Bar,Snacks,11
2026-03-05,63,3,0,VM-106,prod-7,Detox Green Juice,Fresh Juices,11
2026-03-05,63,3,0,VM-106,prod-8,Mango Passion Kombucha,Fresh Juices,18
2026-03-05,63,3,0,VM-107,prod-1,Nitro Cold Brew,Coffee & Tea,19
2026-03-05,63,3,0,VM-107,prod-2,Matcha Green Tea Latte,Coffee & Tea,6
2026-03-05,63,3,0,VM-107,prod-3,Electrolyte Spark Hydration,Hydration,8
2026-03-05,63,3,0,VM-107,prod-4,Dark Chocolate Almond Bar,Snacks,20
2026-03-05,63,3,0,VM-107,prod-5,Dragonfruit Sparkling Water,Hydration,15
2026-03-05,63,3,0,VM-107,prod-6,Organic Protein Crunch Bar,Snacks,18
2026-03-05,63,3,0,VM-107,prod-7,Detox Green Juice,Fresh Juices,5
2026-03-05,63,3,0,VM-107,prod-8,Mango Passion Kombucha,Fresh Juices,9
2026-03-05,63,3,0,VM-108,prod-1,Nitro Cold Brew,Coffee & Tea,25
2026-03-05,63,3,0,VM-108,prod-2,Matcha Green Tea Latte,Coffee & Tea,16
2026-03-05,63,3,0,VM-108,prod-3,Electrolyte Spark Hydration,Hydration,20
2026-03-05,63,3,0,VM-108,prod-4,Dark Chocolate Almond Bar,Snacks,29
2026-03-05,63,3,0,VM-108,prod-5,Dragonfruit Sparkling Water,Hydration,16
2026-03-05,63,3,0,VM-108,prod-6,Organic Protein Crunch Bar,Snacks,10
2026-03-05,63,3,0,VM-108,prod-7,Detox Green Juice,Fresh Juices,10
2026-03-05,63,3,0,VM-108,prod-8,Mango Passion Kombucha,Fresh Juices,17
2026-03-05,63,3,0,VM-109,prod-1,Nitro Cold Brew,Coffee & Tea,11
2026-03-05,63,3,0,VM-109,prod-2,Matcha Green Tea Latte,Coffee & Tea,14
2026-03-05,63,3,0,VM-109,prod-3,Electrolyte Spark Hydration,Hydration,8
2026-03-05,63,3,0,VM-109,prod-4,Dark Chocolate Almond Bar,Snacks,32
2026-03-05,63,3,0,VM-109,prod-5,Dragonfruit Sparkling Water,Hydration,16
2026-03-05,63,3,0,VM-109,prod-6,Organic Protein Crunch Bar,Snacks,18
2026-03-05,63,3,0,VM-109,prod-7,Detox Green Juice,Fresh Juices,11
2026-03-05,63,3,0,VM-109,prod-8,Mango Passion Kombucha,Fresh Juices,13
2026-03-05,63,3,0,VM-110,prod-1,Nitro Cold Brew,Coffee & Tea,14
2026-03-05,63,3,0,VM-110,prod-2,Matcha Green Tea Latte,Coffee & Tea,22
2026-03-05,63,3,0,VM-110,prod-3,Electrolyte Spark Hydration,Hydration,5
2026-03-05,63,3,0,VM-110,prod-4,Dark Chocolate Almond Bar,Snacks,32
2026-03-05,63,3,0,VM-110,prod-5,Dragonfruit Sparkling Water,Hydration,8
2026-03-05,63,3,0,VM-110,prod-6,Organic Protein Crunch Bar,Snacks,25
2026-03-05,63,3,0,VM-110,prod-7,Detox Green Juice,Fresh Juices,13
2026-03-05,63,3,0,VM-110,prod-8,Mango Passion Kombucha,Fresh Juices,11
2026-03-06,64,4,0,VM-101,prod-1,Nitro Cold Brew,Coffee & Tea,27
2026-03-06,64,4,0,VM-101,prod-2,Matcha Green Tea Latte,Coffee & Tea,26
2026-03-06,64,4,0,VM-101,prod-3,Electrolyte Spark Hydration,Hydration,10
2026-03-06,64,4,0,VM-101,prod-4,Dark Chocolate Almond Bar,Snacks,20
2026-03-06,64,4,0,VM-101,prod-5,Dragonfruit Sparkling Water,Hydration,15
2026-03-06,64,4,0,VM-101,prod-6,Organic Protein Crunch Bar,Snacks,11
2026-03-06,64,4,0,VM-101,prod-7,Detox Green Juice,Fresh Juices,17
2026-03-06,64,4,0,VM-101,prod-8,Mango Passion Kombucha,Fresh Juices,11
2026-03-06,64,4,0,VM-102,prod-1,Nitro Cold Brew,Coffee & Tea,22
2026-03-06,64,4,0,VM-102,prod-2,Matcha Green Tea Latte,Coffee & Tea,20
2026-03-06,64,4,0,VM-102,prod-3,Electrolyte Spark Hydration,Hydration,19
2026-03-06,64,4,0,VM-102,prod-4,Dark Chocolate Almond Bar,Snacks,22
2026-03-06,64,4,0,VM-102,prod-5,Dragonfruit Sparkling Water,Hydration,17
2026-03-06,64,4,0,VM-102,prod-6,Organic Protein Crunch Bar,Snacks,16
2026-03-06,64,4,0,VM-102,prod-7,Detox Green Juice,Fresh Juices,13
2026-03-06,64,4,0,VM-102,prod-8,Mango Passion Kombucha,Fresh Juices,20
2026-03-06,64,4,0,VM-103,prod-1,Nitro Cold Brew,Coffee & Tea,18
2026-03-06,64,4,0,VM-103,prod-2,Matcha Green Tea Latte,Coffee & Tea,48
2026-03-06,64,4,0,VM-103,prod-3,Electrolyte Spark Hydration,Hydration,17
2026-03-06,64,4,0,VM-103,prod-4,Dark Chocolate Almond Bar,Snacks,35
2026-03-06,64,4,0,VM-103,prod-5,Dragonfruit Sparkling Water,Hydration,12
2026-03-06,64,4,0,VM-103,prod-6,Organic Protein Crunch Bar,Snacks,20
2026-03-06,64,4,0,VM-103,prod-7,Detox Green Juice,Fresh Juices,16
2026-03-06,64,4,0,VM-103,prod-8,Mango Passion Kombucha,Fresh Juices,17
2026-03-06,64,4,0,VM-104,prod-1,Nitro Cold Brew,Coffee & Tea,26
2026-03-06,64,4,0,VM-104,prod-2,Matcha Green Tea Latte,Coffee & Tea,26
2026-03-06,64,4,0,VM-104,prod-3,Electrolyte Spark Hydration,Hydration,21
2026-03-06,64,4,0,VM-104,prod-4,Dark Chocolate Almond Bar,Snacks,35
2026-03-06,64,4,0,VM-104,prod-5,Dragonfruit Sparkling Water,Hydration,8
2026-03-06,64,4,0,VM-104,prod-6,Organic Protein Crunch Bar,Snacks,15
2026-03-06,64,4,0,VM-104,prod-7,Detox Green Juice,Fresh Juices,8
2026-03-06,64,4,0,VM-104,prod-8,Mango Passion Kombucha,Fresh Juices,24
2026-03-06,64,4,0,VM-105,prod-1,Nitro Cold Brew,Coffee & Tea,18
2026-03-06,64,4,0,VM-105,prod-2,Matcha Green Tea Latte,Coffee & Tea,17
2026-03-06,64,4,0,VM-105,prod-3,Electrolyte Spark Hydration,Hydration,10
2026-03-06,64,4,0,VM-105,prod-4,Dark Chocolate Almond Bar,Snacks,25
2026-03-06,64,4,0,VM-105,prod-5,Dragonfruit Sparkling Water,Hydration,8
2026-03-06,64,4,0,VM-105,prod-6,Organic Protein Crunch Bar,Snacks,26
2026-03-06,64,4,0,VM-105,prod-7,Detox Green Juice,Fresh Juices,12
2026-03-06,64,4,0,VM-105,prod-8,Mango Passion Kombucha,Fresh Juices,14
2026-03-06,64,4,0,VM-106,prod-1,Nitro Cold Brew,Coffee & Tea,36
2026-03-06,64,4,0,VM-106,prod-2,Matcha Green Tea Latte,Coffee & Tea,15
2026-03-06,64,4,0,VM-106,prod-3,Electrolyte Spark Hydration,Hydration,15
2026-03-06,64,4,0,VM-106,prod-4,Dark Chocolate Almond Bar,Snacks,35
2026-03-06,64,4,0,VM-106,prod-5,Dragonfruit Sparkling Water,Hydration,15
2026-03-06,64,4,0,VM-106,prod-6,Organic Protein Crunch Bar,Snacks,18
2026-03-06,64,4,0,VM-106,prod-7,Detox Green Juice,Fresh Juices,15
2026-03-06,64,4,0,VM-106,prod-8,Mango Passion Kombucha,Fresh Juices,25
2026-03-06,64,4,0,VM-107,prod-1,Nitro Cold Brew,Coffee & Tea,29
2026-03-06,64,4,0,VM-107,prod-2,Matcha Green Tea Latte,Coffee & Tea,10
2026-03-06,64,4,0,VM-107,prod-3,Electrolyte Spark Hydration,Hydration,8
2026-03-06,64,4,0,VM-107,prod-4,Dark Chocolate Almond Bar,Snacks,20
2026-03-06,64,4,0,VM-107,prod-5,Dragonfruit Sparkling Water,Hydration,21
2026-03-06,64,4,0,VM-107,prod-6,Organic Protein Crunch Bar,Snacks,20
2026-03-06,64,4,0,VM-107,prod-7,Detox Green Juice,Fresh Juices,6
2026-03-06,64,4,0,VM-107,prod-8,Mango Passion Kombucha,Fresh Juices,14
2026-03-06,64,4,0,VM-108,prod-1,Nitro Cold Brew,Coffee & Tea,38
2026-03-06,64,4,0,VM-108,prod-2,Matcha Green Tea Latte,Coffee & Tea,25
2026-03-06,64,4,0,VM-108,prod-3,Electrolyte Spark Hydration,Hydration,18
2026-03-06,64,4,0,VM-108,prod-4,Dark Chocolate Almond Bar,Snacks,34
2026-03-06,64,4,0,VM-108,prod-5,Dragonfruit Sparkling Water,Hydration,23
2026-03-06,64,4,0,VM-108,prod-6,Organic Protein Crunch Bar,Snacks,16
2026-03-06,64,4,0,VM-108,prod-7,Detox Green Juice,Fresh Juices,8
2026-03-06,64,4,0,VM-108,prod-8,Mango Passion Kombucha,Fresh Juices,29
2026-03-06,64,4,0,VM-109,prod-1,Nitro Cold Brew,Coffee & Tea,14
2026-03-06,64,4,0,VM-109,prod-2,Matcha Green Tea Latte,Coffee & Tea,14
2026-03-06,64,4,0,VM-109,prod-3,Electrolyte Spark Hydration,Hydration,8
2026-03-06,64,4,0,VM-109,prod-4,Dark Chocolate Almond Bar,Snacks,30
2026-03-06,64,4,0,VM-109,prod-5,Dragonfruit Sparkling Water,Hydration,15
2026-03-06,64,4,0,VM-109,prod-6,Organic Protein Crunch Bar,Snacks,25
2026-03-06,64,4,0,VM-109,prod-7,Detox Green Juice,Fresh Juices,15
2026-03-06,64,4,0,VM-109,prod-8,Mango Passion Kombucha,Fresh Juices,17
2026-03-06,64,4,0,VM-110,prod-1,Nitro Cold Brew,Coffee & Tea,15
2026-03-06,64,4,0,VM-110,prod-2,Matcha Green Tea Latte,Coffee & Tea,20
2026-03-06,64,4,0,VM-110,prod-3,Electrolyte Spark Hydration,Hydration,6
2026-03-06,64,4,0,VM-110,prod-4,Dark Chocolate Almond Bar,Snacks,32
2026-03-06,64,4,0,VM-110,prod-5,Dragonfruit Sparkling Water,Hydration,9
2026-03-06,64,4,0,VM-110,prod-6,Organic Protein Crunch Bar,Snacks,30
2026-03-06,64,4,0,VM-110,prod-7,Detox Green Juice,Fresh Juices,17
2026-03-06,64,4,0,VM-110,prod-8,Mango Passion Kombucha,Fresh Juices,12
2026-03-07,65,5,1,VM-101,prod-1,Nitro Cold Brew,Coffee & Tea,29
2026-03-07,65,5,1,VM-101,prod-2,Matcha Green Tea Latte,Coffee & Tea,25
2026-03-07,65,5,1,VM-101,prod-3,Electrolyte Spark Hydration,Hydration,9
2026-03-07,65,5,1,VM-101,prod-4,Dark Chocolate Almond Bar,Snacks,21
2026-03-07,65,5,1,VM-101,prod-5,Dragonfruit Sparkling Water,Hydration,16
2026-03-07,65,5,1,VM-101,prod-6,Organic Protein Crunch Bar,Snacks,16
2026-03-07,65,5,1,VM-101,prod-7,Detox Green Juice,Fresh Juices,17
2026-03-07,65,5,1,VM-101,prod-8,Mango Passion Kombucha,Fresh Juices,8
2026-03-07,65,5,1,VM-102,prod-1,Nitro Cold Brew,Coffee & Tea,25
2026-03-07,65,5,1,VM-102,prod-2,Matcha Green Tea Latte,Coffee & Tea,22
2026-03-07,65,5,1,VM-102,prod-3,Electrolyte Spark Hydration,Hydration,22
2026-03-07,65,5,1,VM-102,prod-4,Dark Chocolate Almond Bar,Snacks,34
2026-03-07,65,5,1,VM-102,prod-5,Dragonfruit Sparkling Water,Hydration,18
2026-03-07,65,5,1,VM-102,prod-6,Organic Protein Crunch Bar,Snacks,19
2026-03-07,65,5,1,VM-102,prod-7,Detox Green Juice,Fresh Juices,13
2026-03-07,65,5,1,VM-102,prod-8,Mango Passion Kombucha,Fresh Juices,20
2026-03-07,65,5,1,VM-103,prod-1,Nitro Cold Brew,Coffee & Tea,23
2026-03-07,65,5,1,VM-103,prod-2,Matcha Green Tea Latte,Coffee & Tea,43
2026-03-07,65,5,1,VM-103,prod-3,Electrolyte Spark Hydration,Hydration,12
2026-03-07,65,5,1,VM-103,prod-4,Dark Chocolate Almond Bar,Snacks,43
2026-03-07,65,5,1,VM-103,prod-5,Dragonfruit Sparkling Water,Hydration,9
2026-03-07,65,5,1,VM-103,prod-6,Organic Protein Crunch Bar,Snacks,18
2026-03-07,65,5,1,VM-103,prod-7,Detox Green Juice,Fresh Juices,13
2026-03-07,65,5,1,VM-103,prod-8,Mango Passion Kombucha,Fresh Juices,25
2026-03-07,65,5,1,VM-104,prod-1,Nitro Cold Brew,Coffee & Tea,22
2026-03-07,65,5,1,VM-104,prod-2,Matcha Green Tea Latte,Coffee & Tea,20
2026-03-07,65,5,1,VM-104,prod-3,Electrolyte Spark Hydration,Hydration,19
2026-03-07,65,5,1,VM-104,prod-4,Dark Chocolate Almond Bar,Snacks,33
2026-03-07,65,5,1,VM-104,prod-5,Dragonfruit Sparkling Water,Hydration,7
2026-03-07,65,5,1,VM-104,prod-6,Organic Protein Crunch Bar,Snacks,12
2026-03-07,65,5,1,VM-104,prod-7,Detox Green Juice,Fresh Juices,10
2026-03-07,65,5,1,VM-104,prod-8,Mango Passion Kombucha,Fresh Juices,27
2026-03-07,65,5,1,VM-105,prod-1,Nitro Cold Brew,Coffee & Tea,19
2026-03-07,65,5,1,VM-105,prod-2,Matcha Green Tea Latte,Coffee & Tea,18
2026-03-07,65,5,1,VM-105,prod-3,Electrolyte Spark Hydration,Hydration,10
2026-03-07,65,5,1,VM-105,prod-4,Dark Chocolate Almond Bar,Snacks,27
2026-03-07,65,5,1,VM-105,prod-5,Dragonfruit Sparkling Water,Hydration,7
2026-03-07,65,5,1,VM-105,prod-6,Organic Protein Crunch Bar,Snacks,26
2026-03-07,65,5,1,VM-105,prod-7,Detox Green Juice,Fresh Juices,14
2026-03-07,65,5,1,VM-105,prod-8,Mango Passion Kombucha,Fresh Juices,14
2026-03-07,65,5,1,VM-106,prod-1,Nitro Cold Brew,Coffee & Tea,33
2026-03-07,65,5,1,VM-106,prod-2,Matcha Green Tea Latte,Coffee & Tea,12
2026-03-07,65,5,1,VM-106,prod-3,Electrolyte Spark Hydration,Hydration,12
2026-03-07,65,5,1,VM-106,prod-4,Dark Chocolate Almond Bar,Snacks,26
2026-03-07,65,5,1,VM-106,prod-5,Dragonfruit Sparkling Water,Hydration,23
2026-03-07,65,5,1,VM-106,prod-6,Organic Protein Crunch Bar,Snacks,15
2026-03-07,65,5,1,VM-106,prod-7,Detox Green Juice,Fresh Juices,16
2026-03-07,65,5,1,VM-106,prod-8,Mango Passion Kombucha,Fresh Juices,28
2026-03-07,65,5,1,VM-107,prod-1,Nitro Cold Brew,Coffee & Tea,20
2026-03-07,65,5,1,VM-107,prod-2,Matcha Green Tea Latte,Coffee & Tea,8
2026-03-07,65,5,1,VM-107,prod-3,Electrolyte Spark Hydration,Hydration,9
2026-03-07,65,5,1,VM-107,prod-4,Dark Chocolate Almond Bar,Snacks,24
2026-03-07,65,5,1,VM-107,prod-5,Dragonfruit Sparkling Water,Hydration,19
2026-03-07,65,5,1,VM-107,prod-6,Organic Protein Crunch Bar,Snacks,24
2026-03-07,65,5,1,VM-107,prod-7,Detox Green Juice,Fresh Juices,9
2026-03-07,65,5,1,VM-107,prod-8,Mango Passion Kombucha,Fresh Juices,8
2026-03-07,65,5,1,VM-108,prod-1,Nitro Cold Brew,Coffee & Tea,39
2026-03-07,65,5,1,VM-108,prod-2,Matcha Green Tea Latte,Coffee & Tea,22
2026-03-07,65,5,1,VM-108,prod-3,Electrolyte Spark Hydration,Hydration,18
2026-03-07,65,5,1,VM-108,prod-4,Dark Chocolate Almond Bar,Snacks,33
2026-03-07,65,5,1,VM-108,prod-5,Dragonfruit Sparkling Water,Hydration,18
2026-03-07,65,5,1,VM-108,prod-6,Organic Protein Crunch Bar,Snacks,19
2026-03-07,65,5,1,VM-108,prod-7,Detox Green Juice,Fresh Juices,10
2026-03-07,65,5,1,VM-108,prod-8,Mango Passion Kombucha,Fresh Juices,26
2026-03-07,65,5,1,VM-109,prod-1,Nitro Cold Brew,Coffee & Tea,18
2026-03-07,65,5,1,VM-109,prod-2,Matcha Green Tea Latte,Coffee & Tea,13
2026-03-07,65,5,1,VM-109,prod-3,Electrolyte Spark Hydration,Hydration,8
2026-03-07,65,5,1,VM-109,prod-4,Dark Chocolate Almond Bar,Snacks,24
2026-03-07,65,5,1,VM-109,prod-5,Dragonfruit Sparkling Water,Hydration,14
2026-03-07,65,5,1,VM-109,prod-6,Organic Protein Crunch Bar,Snacks,22
2026-03-07,65,5,1,VM-109,prod-7,Detox Green Juice,Fresh Juices,18
2026-03-07,65,5,1,VM-109,prod-8,Mango Passion Kombucha,Fresh Juices,17
2026-03-07,65,5,1,VM-110,prod-1,Nitro Cold Brew,Coffee & Tea,13
2026-03-07,65,5,1,VM-110,prod-2,Matcha Green Tea Latte,Coffee & Tea,24
2026-03-07,65,5,1,VM-110,prod-3,Electrolyte Spark Hydration,Hydration,9
2026-03-07,65,5,1,VM-110,prod-4,Dark Chocolate Almond Bar,Snacks,39
2026-03-07,65,5,1,VM-110,prod-5,Dragonfruit Sparkling Water,Hydration,7
2026-03-07,65,5,1,VM-110,prod-6,Organic Protein Crunch Bar,Snacks,30
2026-03-07,65,5,1,VM-110,prod-7,Detox Green Juice,Fresh Juices,14
2026-03-07,65,5,1,VM-110,prod-8,Mango Passion Kombucha,Fresh Juices,15
2026-03-08,66,6,1,VM-101,prod-1,Nitro Cold Brew,Coffee & Tea,23
2026-03-08,66,6,1,VM-101,prod-2,Matcha Green Tea Latte,Coffee & Tea,21
2026-03-08,66,6,1,VM-101,prod-3,Electrolyte Spark Hydration,Hydration,7
2026-03-08,66,6,1,VM-101,prod-4,Dark Chocolate Almond Bar,Snacks,18
2026-03-08,66,6,1,VM-101,prod-5,Dragonfruit Sparkling Water,Hydration,11
2026-03-08,66,6,1,VM-101,prod-6,Organic Protein Crunch Bar,Snacks,15
2026-03-08,66,6,1,VM-101,prod-7,Detox Green Juice,Fresh Juices,13
2026-03-08,66,6,1,VM-101,prod-8,Mango Passion Kombucha,Fresh Juices,11
2026-03-08,66,6,1,VM-102,prod-1,Nitro Cold Brew,Coffee & Tea,21
2026-03-08,66,6,1,VM-102,prod-2,Matcha Green Tea Latte,Coffee & Tea,18
2026-03-08,66,6,1,VM-102,prod-3,Electrolyte Spark Hydration,Hydration,16
2026-03-08,66,6,1,VM-102,prod-4,Dark Chocolate Almond Bar,Snacks,28
2026-03-08,66,6,1,VM-102,prod-5,Dragonfruit Sparkling Water,Hydration,16
2026-03-08,66,6,1,VM-102,prod-6,Organic Protein Crunch Bar,Snacks,19
2026-03-08,66,6,1,VM-102,prod-7,Detox Green Juice,Fresh Juices,12
2026-03-08,66,6,1,VM-102,prod-8,Mango Passion Kombucha,Fresh Juices,14
2026-03-08,66,6,1,VM-103,prod-1,Nitro Cold Brew,Coffee & Tea,19
2026-03-08,66,6,1,VM-103,prod-2,Matcha Green Tea Latte,Coffee & Tea,27
2026-03-08,66,6,1,VM-103,prod-3,Electrolyte Spark Hydration,Hydration,12
2026-03-08,66,6,1,VM-103,prod-4,Dark Chocolate Almond Bar,Snacks,29
2026-03-08,66,6,1,VM-103,prod-5,Dragonfruit Sparkling Water,Hydration,12
2026-03-08,66,6,1,VM-103,prod-6,Organic Protein Crunch Bar,Snacks,17
2026-03-08,66,6,1,VM-103,prod-7,Detox Green Juice,Fresh Juices,12
2026-03-08,66,6,1,VM-103,prod-8,Mango Passion Kombucha,Fresh Juices,19
2026-03-08,66,6,1,VM-104,prod-1,Nitro Cold Brew,Coffee & Tea,23
2026-03-08,66,6,1,VM-104,prod-2,Matcha Green Tea Latte,Coffee & Tea,25
2026-03-08,66,6,1,VM-104,prod-3,Electrolyte Spark Hydration,Hydration,20
2026-03-08,66,6,1,VM-104,prod-4,Dark Chocolate Almond Bar,Snacks,21
2026-03-08,66,6,1,VM-104,prod-5,Dragonfruit Sparkling Water,Hydration,5
2026-03-08,66,6,1,VM-104,prod-6,Organic Protein Crunch Bar,Snacks,9
2026-03-08,66,6,1,VM-104,prod-7,Detox Green Juice,Fresh Juices,9
2026-03-08,66,6,1,VM-104,prod-8,Mango Passion Kombucha,Fresh Juices,18
2026-03-08,66,6,1,VM-105,prod-1,Nitro Cold Brew,Coffee & Tea,19
2026-03-08,66,6,1,VM-105,prod-2,Matcha Green Tea Latte,Coffee & Tea,12
2026-03-08,66,6,1,VM-105,prod-3,Electrolyte Spark Hydration,Hydration,12
2026-03-08,66,6,1,VM-105,prod-4,Dark Chocolate Almond Bar,Snacks,32
2026-03-08,66,6,1,VM-105,prod-5,Dragonfruit Sparkling Water,Hydration,9
2026-03-08,66,6,1,VM-105,prod-6,Organic Protein Crunch Bar,Snacks,23
2026-03-08,66,6,1,VM-105,prod-7,Detox Green Juice,Fresh Juices,11
2026-03-08,66,6,1,VM-105,prod-8,Mango Passion Kombucha,Fresh Juices,10
2026-03-08,66,6,1,VM-106,prod-1,Nitro Cold Brew,Coffee & Tea,24
2026-03-08,66,6,1,VM-106,prod-2,Matcha Green Tea Latte,Coffee & Tea,11
2026-03-08,66,6,1,VM-106,prod-3,Electrolyte Spark Hydration,Hydration,12
2026-03-08,66,6,1,VM-106,prod-4,Dark Chocolate Almond Bar,Snacks,28
2026-03-08,66,6,1,VM-106,prod-5,Dragonfruit Sparkling Water,Hydration,13
2026-03-08,66,6,1,VM-106,prod-6,Organic Protein Crunch Bar,Snacks,17
2026-03-08,66,6,1,VM-106,prod-7,Detox Green Juice,Fresh Juices,15
2026-03-08,66,6,1,VM-106,prod-8,Mango Passion Kombucha,Fresh Juices,15
2026-03-08,66,6,1,VM-107,prod-1,Nitro Cold Brew,Coffee & Tea,19
2026-03-08,66,6,1,VM-107,prod-2,Matcha Green Tea Latte,Coffee & Tea,8
2026-03-08,66,6,1,VM-107,prod-3,Electrolyte Spark Hydration,Hydration,11
2026-03-08,66,6,1,VM-107,prod-4,Dark Chocolate Almond Bar,Snacks,17
2026-03-08,66,6,1,VM-107,prod-5,Dragonfruit Sparkling Water,Hydration,18
2026-03-08,66,6,1,VM-107,prod-6,Organic Protein Crunch Bar,Snacks,22
2026-03-08,66,6,1,VM-107,prod-7,Detox Green Juice,Fresh Juices,5
2026-03-08,66,6,1,VM-107,prod-8,Mango Passion Kombucha,Fresh Juices,10
2026-03-08,66,6,1,VM-108,prod-1,Nitro Cold Brew,Coffee & Tea,25
2026-03-08,66,6,1,VM-108,prod-2,Matcha Green Tea Latte,Coffee & Tea,20
2026-03-08,66,6,1,VM-108,prod-3,Electrolyte Spark Hydration,Hydration,17
2026-03-08,66,6,1,VM-108,prod-4,Dark Chocolate Almond Bar,Snacks,34
2026-03-08,66,6,1,VM-108,prod-5,Dragonfruit Sparkling Water,Hydration,21
2026-03-08,66,6,1,VM-108,prod-6,Organic Protein Crunch Bar,Snacks,11
2026-03-08,66,6,1,VM-108,prod-7,Detox Green Juice,Fresh Juices,5
2026-03-08,66,6,1,VM-108,prod-8,Mango Passion Kombucha,Fresh Juices,22
2026-03-08,66,6,1,VM-109,prod-1,Nitro Cold Brew,Coffee & Tea,13
2026-03-08,66,6,1,VM-109,prod-2,Matcha Green Tea Latte,Coffee & Tea,15
2026-03-08,66,6,1,VM-109,prod-3,Electrolyte Spark Hydration,Hydration,8
2026-03-08,66,6,1,VM-109,prod-4,Dark Chocolate Almond Bar,Snacks,31
2026-03-08,66,6,1,VM-109,prod-5,Dragonfruit Sparkling Water,Hydration,17
2026-03-08,66,6,1,VM-109,prod-6,Organic Protein Crunch Bar,Snacks,20
2026-03-08,66,6,1,VM-109,prod-7,Detox Green Juice,Fresh Juices,14
2026-03-08,66,6,1,VM-109,prod-8,Mango Passion Kombucha,Fresh Juices,13
2026-03-08,66,6,1,VM-110,prod-1,Nitro Cold Brew,Coffee & Tea,14
2026-03-08,66,6,1,VM-110,prod-2,Matcha Green Tea Latte,Coffee & Tea,23
2026-03-08,66,6,1,VM-110,prod-3,Electrolyte Spark Hydration,Hydration,7
2026-03-08,66,6,1,VM-110,prod-4,Dark Chocolate Almond Bar,Snacks,30
2026-03-08,66,6,1,VM-110,prod-5,Dragonfruit Sparkling Water,Hydration,8
2026-03-08,66,6,1,VM-110,prod-6,Organic Protein Crunch Bar,Snacks,28
2026-03-08,66,6,1,VM-110,prod-7,Detox Green Juice,Fresh Juices,19
2026-03-08,66,6,1,VM-110,prod-8,Mango Passion Kombucha,Fresh Juices,14
2026-03-09,67,0,0,VM-101,prod-1,Nitro Cold Brew,Coffee & Tea,16
2026-03-09,67,0,0,VM-101,prod-2,Matcha Green Tea Latte,Coffee & Tea,15
2026-03-09,67,0,0,VM-101,prod-3,Electrolyte Spark Hydration,Hydration,3
2026-03-09,67,0,0,VM-101,prod-4,Dark Chocolate Almond Bar,Snacks,15
2026-03-09,67,0,0,VM-101,prod-5,Dragonfruit Sparkling Water,Hydration,11
2026-03-09,67,0,0,VM-101,prod-6,Organic Protein Crunch Bar,Snacks,10
2026-03-09,67,0,0,VM-101,prod-7,Detox Green Juice,Fresh Juices,9
2026-03-09,67,0,0,VM-101,prod-8,Mango Passion Kombucha,Fresh Juices,7
2026-03-09,67,0,0,VM-102,prod-1,Nitro Cold Brew,Coffee & Tea,16
2026-03-09,67,0,0,VM-102,prod-2,Matcha Green Tea Latte,Coffee & Tea,16
2026-03-09,67,0,0,VM-102,prod-3,Electrolyte Spark Hydration,Hydration,13
2026-03-09,67,0,0,VM-102,prod-4,Dark Chocolate Almond Bar,Snacks,24
2026-03-09,67,0,0,VM-102,prod-5,Dragonfruit Sparkling Water,Hydration,14
2026-03-09,67,0,0,VM-102,prod-6,Organic Protein Crunch Bar,Snacks,10
2026-03-09,67,0,0,VM-102,prod-7,Detox Green Juice,Fresh Juices,9
2026-03-09,67,0,0,VM-102,prod-8,Mango Passion Kombucha,Fresh Juices,13
2026-03-09,67,0,0,VM-103,prod-1,Nitro Cold Brew,Coffee & Tea,10
2026-03-09,67,0,0,VM-103,prod-2,Matcha Green Tea Latte,Coffee & Tea,30
2026-03-09,67,0,0,VM-103,prod-3,Electrolyte Spark Hydration,Hydration,10
2026-03-09,67,0,0,VM-103,prod-4,Dark Chocolate Almond Bar,Snacks,28
2026-03-09,67,0,0,VM-103,prod-5,Dragonfruit Sparkling Water,Hydration,8
2026-03-09,67,0,0,VM-103,prod-6,Organic Protein Crunch Bar,Snacks,10
2026-03-09,67,0,0,VM-103,prod-7,Detox Green Juice,Fresh Juices,8
2026-03-09,67,0,0,VM-103,prod-8,Mango Passion Kombucha,Fresh Juices,14
2026-03-09,67,0,0,VM-104,prod-1,Nitro Cold Brew,Coffee & Tea,12
2026-03-09,67,0,0,VM-104,prod-2,Matcha Green Tea Latte,Coffee & Tea,11
2026-03-09,67,0,0,VM-104,prod-3,Electrolyte Spark Hydration,Hydration,16
2026-03-09,67,0,0,VM-104,prod-4,Dark Chocolate Almond Bar,Snacks,20
2026-03-09,67,0,0,VM-104,prod-5,Dragonfruit Sparkling Water,Hydration,4
2026-03-09,67,0,0,VM-104,prod-6,Organic Protein Crunch Bar,Snacks,8
2026-03-09,67,0,0,VM-104,prod-7,Detox Green Juice,Fresh Juices,7
2026-03-09,67,0,0,VM-104,prod-8,Mango Passion Kombucha,Fresh Juices,15
2026-03-09,67,0,0,VM-105,prod-1,Nitro Cold Brew,Coffee & Tea,15
2026-03-09,67,0,0,VM-105,prod-2,Matcha Green Tea Latte,Coffee & Tea,8
2026-03-09,67,0,0,VM-105,prod-3,Electrolyte Spark Hydration,Hydration,9
2026-03-09,67,0,0,VM-105,prod-4,Dark Chocolate Almond Bar,Snacks,22
2026-03-09,67,0,0,VM-105,prod-5,Dragonfruit Sparkling Water,Hydration,5
2026-03-09,67,0,0,VM-105,prod-6,Organic Protein Crunch Bar,Snacks,13
2026-03-09,67,0,0,VM-105,prod-7,Detox Green Juice,Fresh Juices,8
2026-03-09,67,0,0,VM-105,prod-8,Mango Passion Kombucha,Fresh Juices,8
2026-03-09,67,0,0,VM-106,prod-1,Nitro Cold Brew,Coffee & Tea,23
2026-03-09,67,0,0,VM-106,prod-2,Matcha Green Tea Latte,Coffee & Tea,8
2026-03-09,67,0,0,VM-106,prod-3,Electrolyte Spark Hydration,Hydration,7
2026-03-09,67,0,0,VM-106,prod-4,Dark Chocolate Almond Bar,Snacks,19
2026-03-09,67,0,0,VM-106,prod-5,Dragonfruit Sparkling Water,Hydration,14
2026-03-09,67,0,0,VM-106,prod-6,Organic Protein Crunch Bar,Snacks,10
2026-03-09,67,0,0,VM-106,prod-7,Detox Green Juice,Fresh Juices,10
2026-03-09,67,0,0,VM-106,prod-8,Mango Passion Kombucha,Fresh Juices,14
2026-03-09,67,0,0,VM-107,prod-1,Nitro Cold Brew,Coffee & Tea,18
2026-03-09,67,0,0,VM-107,prod-2,Matcha Green Tea Latte,Coffee & Tea,5
2026-03-09,67,0,0,VM-107,prod-3,Electrolyte Spark Hydration,Hydration,8
2026-03-09,67,0,0,VM-107,prod-4,Dark Chocolate Almond Bar,Snacks,16
2026-03-09,67,0,0,VM-107,prod-5,Dragonfruit Sparkling Water,Hydration,11
2026-03-09,67,0,0,VM-107,prod-6,Organic Protein Crunch Bar,Snacks,18
2026-03-09,67,0,0,VM-107,prod-7,Detox Green Juice,Fresh Juices,3
2026-03-09,67,0,0,VM-107,prod-8,Mango Passion Kombucha,Fresh Juices,8
2026-03-09,67,0,0,VM-108,prod-1,Nitro Cold Brew,Coffee & Tea,18
2026-03-09,67,0,0,VM-108,prod-2,Matcha Green Tea Latte,Coffee & Tea,18
2026-03-09,67,0,0,VM-108,prod-3,Electrolyte Spark Hydration,Hydration,16
2026-03-09,67,0,0,VM-108,prod-4,Dark Chocolate Almond Bar,Snacks,29
2026-03-09,67,0,0,VM-108,prod-5,Dragonfruit Sparkling Water,Hydration,16
2026-03-09,67,0,0,VM-108,prod-6,Organic Protein Crunch Bar,Snacks,9
2026-03-09,67,0,0,VM-108,prod-7,Detox Green Juice,Fresh Juices,5
2026-03-09,67,0,0,VM-108,prod-8,Mango Passion Kombucha,Fresh Juices,12
2026-03-09,67,0,0,VM-109,prod-1,Nitro Cold Brew,Coffee & Tea,12
2026-03-09,67,0,0,VM-109,prod-2,Matcha Green Tea Latte,Coffee & Tea,11
2026-03-09,67,0,0,VM-109,prod-3,Electrolyte Spark Hydration,Hydration,6
2026-03-09,67,0,0,VM-109,prod-4,Dark Chocolate Almond Bar,Snacks,27
2026-03-09,67,0,0,VM-109,prod-5,Dragonfruit Sparkling Water,Hydration,9
2026-03-09,67,0,0,VM-109,prod-6,Organic Protein Crunch Bar,Snacks,15
2026-03-09,67,0,0,VM-109,prod-7,Detox Green Juice,Fresh Juices,11
2026-03-09,67,0,0,VM-109,prod-8,Mango Passion Kombucha,Fresh Juices,12
2026-03-09,67,0,0,VM-110,prod-1,Nitro Cold Brew,Coffee & Tea,10
2026-03-09,67,0,0,VM-110,prod-2,Matcha Green Tea Latte,Coffee & Tea,11
2026-03-09,67,0,0,VM-110,prod-3,Electrolyte Spark Hydration,Hydration,5
2026-03-09,67,0,0,VM-110,prod-4,Dark Chocolate Almond Bar,Snacks,25
2026-03-09,67,0,0,VM-110,prod-5,Dragonfruit Sparkling Water,Hydration,6
2026-03-09,67,0,0,VM-110,prod-6,Organic Protein Crunch Bar,Snacks,20
2026-03-09,67,0,0,VM-110,prod-7,Detox Green Juice,Fresh Juices,9
2026-03-09,67,0,0,VM-110,prod-8,Mango Passion Kombucha,Fresh Juices,10
2026-03-10,68,1,0,VM-101,prod-1,Nitro Cold Brew,Coffee & Tea,16
2026-03-10,68,1,0,VM-101,prod-2,Matcha Green Tea Latte,Coffee & Tea,19
2026-03-10,68,1,0,VM-101,prod-3,Electrolyte Spark Hydration,Hydration,6
2026-03-10,68,1,0,VM-101,prod-4,Dark Chocolate Almond Bar,Snacks,16
2026-03-10,68,1,0,VM-101,prod-5,Dragonfruit Sparkling Water,Hydration,14
2026-03-10,68,1,0,VM-101,prod-6,Organic Protein Crunch Bar,Snacks,12
2026-03-10,68,1,0,VM-101,prod-7,Detox Green Juice,Fresh Juices,11
2026-03-10,68,1,0,VM-101,prod-8,Mango Passion Kombucha,Fresh Juices,7
2026-03-10,68,1,0,VM-102,prod-1,Nitro Cold Brew,Coffee & Tea,19
2026-03-10,68,1,0,VM-102,prod-2,Matcha Green Tea Latte,Coffee & Tea,14
2026-03-10,68,1,0,VM-102,prod-3,Electrolyte Spark Hydration,Hydration,14
2026-03-10,68,1,0,VM-102,prod-4,Dark Chocolate Almond Bar,Snacks,19
2026-03-10,68,1,0,VM-102,prod-5,Dragonfruit Sparkling Water,Hydration,12
2026-03-10,68,1,0,VM-102,prod-6,Organic Protein Crunch Bar,Snacks,10
2026-03-10,68,1,0,VM-102,prod-7,Detox Green Juice,Fresh Juices,9
2026-03-10,68,1,0,VM-102,prod-8,Mango Passion Kombucha,Fresh Juices,17
2026-03-10,68,1,0,VM-103,prod-1,Nitro Cold Brew,Coffee & Tea,14
2026-03-10,68,1,0,VM-103,prod-2,Matcha Green Tea Latte,Coffee & Tea,27
2026-03-10,68,1,0,VM-103,prod-3,Electrolyte Spark Hydration,Hydration,13
2026-03-10,68,1,0,VM-103,prod-4,Dark Chocolate Almond Bar,Snacks,33
2026-03-10,68,1,0,VM-103,prod-5,Dragonfruit Sparkling Water,Hydration,11
2026-03-10,68,1,0,VM-103,prod-6,Organic Protein Crunch Bar,Snacks,15
2026-03-10,68,1,0,VM-103,prod-7,Detox Green Juice,Fresh Juices,12
2026-03-10,68,1,0,VM-103,prod-8,Mango Passion Kombucha,Fresh Juices,13
2026-03-10,68,1,0,VM-104,prod-1,Nitro Cold Brew,Coffee & Tea,15
2026-03-10,68,1,0,VM-104,prod-2,Matcha Green Tea Latte,Coffee & Tea,12
2026-03-10,68,1,0,VM-104,prod-3,Electrolyte Spark Hydration,Hydration,22
2026-03-10,68,1,0,VM-104,prod-4,Dark Chocolate Almond Bar,Snacks,29
2026-03-10,68,1,0,VM-104,prod-5,Dragonfruit Sparkling Water,Hydration,4
2026-03-10,68,1,0,VM-104,prod-6,Organic Protein Crunch Bar,Snacks,8
2026-03-10,68,1,0,VM-104,prod-7,Detox Green Juice,Fresh Juices,6
2026-03-10,68,1,0,VM-104,prod-8,Mango Passion Kombucha,Fresh Juices,17
2026-03-10,68,1,0,VM-105,prod-1,Nitro Cold Brew,Coffee & Tea,17
2026-03-10,68,1,0,VM-105,prod-2,Matcha Green Tea Latte,Coffee & Tea,8
2026-03-10,68,1,0,VM-105,prod-3,Electrolyte Spark Hydration,Hydration,10
2026-03-10,68,1,0,VM-105,prod-4,Dark Chocolate Almond Bar,Snacks,21
2026-03-10,68,1,0,VM-105,prod-5,Dragonfruit Sparkling Water,Hydration,7
2026-03-10,68,1,0,VM-105,prod-6,Organic Protein Crunch Bar,Snacks,20
2026-03-10,68,1,0,VM-105,prod-7,Detox Green Juice,Fresh Juices,9
2026-03-10,68,1,0,VM-105,prod-8,Mango Passion Kombucha,Fresh Juices,9
2026-03-10,68,1,0,VM-106,prod-1,Nitro Cold Brew,Coffee & Tea,22
2026-03-10,68,1,0,VM-106,prod-2,Matcha Green Tea Latte,Coffee & Tea,11
2026-03-10,68,1,0,VM-106,prod-3,Electrolyte Spark Hydration,Hydration,10
2026-03-10,68,1,0,VM-106,prod-4,Dark Chocolate Almond Bar,Snacks,25
2026-03-10,68,1,0,VM-106,prod-5,Dragonfruit Sparkling Water,Hydration,11
2026-03-10,68,1,0,VM-106,prod-6,Organic Protein Crunch Bar,Snacks,10
2026-03-10,68,1,0,VM-106,prod-7,Detox Green Juice,Fresh Juices,14
2026-03-10,68,1,0,VM-106,prod-8,Mango Passion Kombucha,Fresh Juices,16
2026-03-10,68,1,0,VM-107,prod-1,Nitro Cold Brew,Coffee & Tea,19
2026-03-10,68,1,0,VM-107,prod-2,Matcha Green Tea Latte,Coffee & Tea,8
2026-03-10,68,1,0,VM-107,prod-3,Electrolyte Spark Hydration,Hydration,9
2026-03-10,68,1,0,VM-107,prod-4,Dark Chocolate Almond Bar,Snacks,17
2026-03-10,68,1,0,VM-107,prod-5,Dragonfruit Sparkling Water,Hydration,12
2026-03-10,68,1,0,VM-107,prod-6,Organic Protein Crunch Bar,Snacks,9
2026-03-10,68,1,0,VM-107,prod-7,Detox Green Juice,Fresh Juices,4
2026-03-10,68,1,0,VM-107,prod-8,Mango Passion Kombucha,Fresh Juices,8
2026-03-10,68,1,0,VM-108,prod-1,Nitro Cold Brew,Coffee & Tea,26
2026-03-10,68,1,0,VM-108,prod-2,Matcha Green Tea Latte,Coffee & Tea,17
2026-03-10,68,1,0,VM-108,prod-3,Electrolyte Spark Hydration,Hydration,13
2026-03-10,68,1,0,VM-108,prod-4,Dark Chocolate Almond Bar,Snacks,19
2026-03-10,68,1,0,VM-108,prod-5,Dragonfruit Sparkling Water,Hydration,13
2026-03-10,68,1,0,VM-108,prod-6,Organic Protein Crunch Bar,Snacks,11
2026-03-10,68,1,0,VM-108,prod-7,Detox Green Juice,Fresh Juices,8
2026-03-10,68,1,0,VM-108,prod-8,Mango Passion Kombucha,Fresh Juices,18
2026-03-10,68,1,0,VM-109,prod-1,Nitro Cold Brew,Coffee & Tea,11
2026-03-10,68,1,0,VM-109,prod-2,Matcha Green Tea Latte,Coffee & Tea,13
2026-03-10,68,1,0,VM-109,prod-3,Electrolyte Spark Hydration,Hydration,6
2026-03-10,68,1,0,VM-109,prod-4,Dark Chocolate Almond Bar,Snacks,27
2026-03-10,68,1,0,VM-109,prod-5,Dragonfruit Sparkling Water,Hydration,10
2026-03-10,68,1,0,VM-109,prod-6,Organic Protein Crunch Bar,Snacks,18
2026-03-10,68,1,0,VM-109,prod-7,Detox Green Juice,Fresh Juices,13
2026-03-10,68,1,0,VM-109,prod-8,Mango Passion Kombucha,Fresh Juices,12
2026-03-10,68,1,0,VM-110,prod-1,Nitro Cold Brew,Coffee & Tea,10
2026-03-10,68,1,0,VM-110,prod-2,Matcha Green Tea Latte,Coffee & Tea,17
2026-03-10,68,1,0,VM-110,prod-3,Electrolyte Spark Hydration,Hydration,8
2026-03-10,68,1,0,VM-110,prod-4,Dark Chocolate Almond Bar,Snacks,21
2026-03-10,68,1,0,VM-110,prod-5,Dragonfruit Sparkling Water,Hydration,6
2026-03-10,68,1,0,VM-110,prod-6,Organic Protein Crunch Bar,Snacks,21
2026-03-10,68,1,0,VM-110,prod-7,Detox Green Juice,Fresh Juices,14
2026-03-10,68,1,0,VM-110,prod-8,Mango Passion Kombucha,Fresh Juices,10
2026-03-11,69,2,0,VM-101,prod-1,Nitro Cold Brew,Coffee & Tea,11
2026-03-11,69,2,0,VM-101,prod-2,Matcha Green Tea Latte,Coffee & Tea,22
2026-03-11,69,2,0,VM-101,prod-3,Electrolyte Spark Hydration,Hydration,7
2026-03-11,69,2,0,VM-101,prod-4,Dark Chocolate Almond Bar,Snacks,12
2026-03-11,69,2,0,VM-101,prod-5,Dragonfruit Sparkling Water,Hydration,12
2026-03-11,69,2,0,VM-101,prod-6,Organic Protein Crunch Bar,Snacks,14
2026-03-11,69,2,0,VM-101,prod-7,Detox Green Juice,Fresh Juices,14
2026-03-11,69,2,0,VM-101,prod-8,Mango Passion Kombucha,Fresh Juices,9
2026-03-11,69,2,0,VM-102,prod-1,Nitro Cold Brew,Coffee & Tea,19
2026-03-11,69,2,0,VM-102,prod-2,Matcha Green Tea Latte,Coffee & Tea,17
2026-03-11,69,2,0,VM-102,prod-3,Electrolyte Spark Hydration,Hydration,15
2026-03-11,69,2,0,VM-102,prod-4,Dark Chocolate Almond Bar,Snacks,25
2026-03-11,69,2,0,VM-102,prod-5,Dragonfruit Sparkling Water,Hydration,13
2026-03-11,69,2,0,VM-102,prod-6,Organic Protein Crunch Bar,Snacks,13
2026-03-11,69,2,0,VM-102,prod-7,Detox Green Juice,Fresh Juices,12
2026-03-11,69,2,0,VM-102,prod-8,Mango Passion Kombucha,Fresh Juices,17
2026-03-11,69,2,0,VM-103,prod-1,Nitro Cold Brew,Coffee & Tea,22
2026-03-11,69,2,0,VM-103,prod-2,Matcha Green Tea Latte,Coffee & Tea,26
2026-03-11,69,2,0,VM-103,prod-3,Electrolyte Spark Hydration,Hydration,10
2026-03-11,69,2,0,VM-103,prod-4,Dark Chocolate Almond Bar,Snacks,26
2026-03-11,69,2,0,VM-103,prod-5,Dragonfruit Sparkling Water,Hydration,9
2026-03-11,69,2,0,VM-103,prod-6,Organic Protein Crunch Bar,Snacks,12
2026-03-11,69,2,0,VM-103,prod-7,Detox Green Juice,Fresh Juices,10
2026-03-11,69,2,0,VM-103,prod-8,Mango Passion Kombucha,Fresh Juices,12
2026-03-11,69,2,0,VM-104,prod-1,Nitro Cold Brew,Coffee & Tea,19
2026-03-11,69,2,0,VM-104,prod-2,Matcha Green Tea Latte,Coffee & Tea,24
2026-03-11,69,2,0,VM-104,prod-3,Electrolyte Spark Hydration,Hydration,15
2026-03-11,69,2,0,VM-104,prod-4,Dark Chocolate Almond Bar,Snacks,30
2026-03-11,69,2,0,VM-104,prod-5,Dragonfruit Sparkling Water,Hydration,7
2026-03-11,69,2,0,VM-104,prod-6,Organic Protein Crunch Bar,Snacks,8
2026-03-11,69,2,0,VM-104,prod-7,Detox Green Juice,Fresh Juices,7
2026-03-11,69,2,0,VM-104,prod-8,Mango Passion Kombucha,Fresh Juices,24
2026-03-11,69,2,0,VM-105,prod-1,Nitro Cold Brew,Coffee & Tea,12
2026-03-11,69,2,0,VM-105,prod-2,Matcha Green Tea Latte,Coffee & Tea,12
2026-03-11,69,2,0,VM-105,prod-3,Electrolyte Spark Hydration,Hydration,11
2026-03-11,69,2,0,VM-105,prod-4,Dark Chocolate Almond Bar,Snacks,28
2026-03-11,69,2,0,VM-105,prod-5,Dragonfruit Sparkling Water,Hydration,8
2026-03-11,69,2,0,VM-105,prod-6,Organic Protein Crunch Bar,Snacks,18
2026-03-11,69,2,0,VM-105,prod-7,Detox Green Juice,Fresh Juices,9
2026-03-11,69,2,0,VM-105,prod-8,Mango Passion Kombucha,Fresh Juices,9
2026-03-11,69,2,0,VM-106,prod-1,Nitro Cold Brew,Coffee & Tea,21
2026-03-11,69,2,0,VM-106,prod-2,Matcha Green Tea Latte,Coffee & Tea,10
2026-03-11,69,2,0,VM-106,prod-3,Electrolyte Spark Hydration,Hydration,9
2026-03-11,69,2,0,VM-106,prod-4,Dark Chocolate Almond Bar,Snacks,19
2026-03-11,69,2,0,VM-106,prod-5,Dragonfruit Sparkling Water,Hydration,17
2026-03-11,69,2,0,VM-106,prod-6,Organic Protein Crunch Bar,Snacks,11
2026-03-11,69,2,0,VM-106,prod-7,Detox Green Juice,Fresh Juices,10
2026-03-11,69,2,0,VM-106,prod-8,Mango Passion Kombucha,Fresh Juices,16
2026-03-11,69,2,0,VM-107,prod-1,Nitro Cold Brew,Coffee & Tea,18
2026-03-11,69,2,0,VM-107,prod-2,Matcha Green Tea Latte,Coffee & Tea,5
2026-03-11,69,2,0,VM-107,prod-3,Electrolyte Spark Hydration,Hydration,8
2026-03-11,69,2,0,VM-107,prod-4,Dark Chocolate Almond Bar,Snacks,15
2026-03-11,69,2,0,VM-107,prod-5,Dragonfruit Sparkling Water,Hydration,17
2026-03-11,69,2,0,VM-107,prod-6,Organic Protein Crunch Bar,Snacks,17
2026-03-11,69,2,0,VM-107,prod-7,Detox Green Juice,Fresh Juices,4
2026-03-11,69,2,0,VM-107,prod-8,Mango Passion Kombucha,Fresh Juices,8
2026-03-11,69,2,0,VM-108,prod-1,Nitro Cold Brew,Coffee & Tea,26
2026-03-11,69,2,0,VM-108,prod-2,Matcha Green Tea Latte,Coffee & Tea,20
2026-03-11,69,2,0,VM-108,prod-3,Electrolyte Spark Hydration,Hydration,15
2026-03-11,69,2,0,VM-108,prod-4,Dark Chocolate Almond Bar,Snacks,26
2026-03-11,69,2,0,VM-108,prod-5,Dragonfruit Sparkling Water,Hydration,16
2026-03-11,69,2,0,VM-108,prod-6,Organic Protein Crunch Bar,Snacks,10
2026-03-11,69,2,0,VM-108,prod-7,Detox Green Juice,Fresh Juices,6
2026-03-11,69,2,0,VM-108,prod-8,Mango Passion Kombucha,Fresh Juices,13
2026-03-11,69,2,0,VM-109,prod-1,Nitro Cold Brew,Coffee & Tea,12
2026-03-11,69,2,0,VM-109,prod-2,Matcha Green Tea Latte,Coffee & Tea,13
2026-03-11,69,2,0,VM-109,prod-3,Electrolyte Spark Hydration,Hydration,6
2026-03-11,69,2,0,VM-109,prod-4,Dark Chocolate Almond Bar,Snacks,34
2026-03-11,69,2,0,VM-109,prod-5,Dragonfruit Sparkling Water,Hydration,12
2026-03-11,69,2,0,VM-109,prod-6,Organic Protein Crunch Bar,Snacks,14
2026-03-11,69,2,0,VM-109,prod-7,Detox Green Juice,Fresh Juices,15
2026-03-11,69,2,0,VM-109,prod-8,Mango Passion Kombucha,Fresh Juices,13
2026-03-11,69,2,0,VM-110,prod-1,Nitro Cold Brew,Coffee & Tea,13
2026-03-11,69,2,0,VM-110,prod-2,Matcha Green Tea Latte,Coffee & Tea,15
2026-03-11,69,2,0,VM-110,prod-3,Electrolyte Spark Hydration,Hydration,7
2026-03-11,69,2,0,VM-110,prod-4,Dark Chocolate Almond Bar,Snacks,25
2026-03-11,69,2,0,VM-110,prod-5,Dragonfruit Sparkling Water,Hydration,8
2026-03-11,69,2,0,VM-110,prod-6,Organic Protein Crunch Bar,Snacks,15
2026-03-11,69,2,0,VM-110,prod-7,Detox Green Juice,Fresh Juices,12
2026-03-11,69,2,0,VM-110,prod-8,Mango Passion Kombucha,Fresh Juices,15
2026-03-12,70,3,0,VM-101,prod-1,Nitro Cold Brew,Coffee & Tea,18
2026-03-12,70,3,0,VM-101,prod-2,Matcha Green Tea Latte,Coffee & Tea,17
2026-03-12,70,3,0,VM-101,prod-3,Electrolyte Spark Hydration,Hydration,7
2026-03-12,70,3,0,VM-101,prod-4,Dark Chocolate Almond Bar,Snacks,13
2026-03-12,70,3,0,VM-101,prod-5,Dragonfruit Sparkling Water,Hydration,9
2026-03-12,70,3,0,VM-101,prod-6,Organic Protein Crunch Bar,Snacks,12
2026-03-12,70,3,0,VM-101,prod-7,Detox Green Juice,Fresh Juices,12
2026-03-12,70,3,0,VM-101,prod-8,Mango Passion Kombucha,Fresh Juices,8
2026-03-12,70,3,0,VM-102,prod-1,Nitro Cold Brew,Coffee & Tea,21
2026-03-12,70,3,0,VM-102,prod-2,Matcha Green Tea Latte,Coffee & Tea,17
2026-03-12,70,3,0,VM-102,prod-3,Electrolyte Spark Hydration,Hydration,19
2026-03-12,70,3,0,VM-102,prod-4,Dark Chocolate Almond Bar,Snacks,22
2026-03-12,70,3,0,VM-102,prod-5,Dragonfruit Sparkling Water,Hydration,15
2026-03-12,70,3,0,VM-102,prod-6,Organic Protein Crunch Bar,Snacks,15
2026-03-12,70,3,0,VM-102,prod-7,Detox Green Juice,Fresh Juices,12
2026-03-12,70,3,0,VM-102,prod-8,Mango Passion Kombucha,Fresh Juices,22
2026-03-12,70,3,0,VM-103,prod-1,Nitro Cold Brew,Coffee & Tea,18
2026-03-12,70,3,0,VM-103,prod-2,Matcha Green Tea Latte,Coffee & Tea,30
2026-03-12,70,3,0,VM-103,prod-3,Electrolyte Spark Hydration,Hydration,12
2026-03-12,70,3,0,VM-103,prod-4,Dark Chocolate Almond Bar,Snacks,27
2026-03-12,70,3,0,VM-103,prod-5,Dragonfruit Sparkling Water,Hydration,9
2026-03-12,70,3,0,VM-103,prod-6,Organic Protein Crunch Bar,Snacks,12
2026-03-12,70,3,0,VM-103,prod-7,Detox Green Juice,Fresh Juices,8
2026-03-12,70,3,0,VM-103,prod-8,Mango Passion Kombucha,Fresh Juices,17
2026-03-12,70,3,0,VM-104,prod-1,Nitro Cold Brew,Coffee & Tea,17
2026-03-12,70,3,0,VM-104,prod-2,Matcha Green Tea Latte,Coffee & Tea,24
2026-03-12,70,3,0,VM-104,prod-3,Electrolyte Spark Hydration,Hydration,21
2026-03-12,70,3,0,VM-104,prod-4,Dark Chocolate Almond Bar,Snacks,22
2026-03-12,70,3,0,VM-104,prod-5,Dragonfruit Sparkling Water,Hydration,5
2026-03-12,70,3,0,VM-104,prod-6,Organic Protein Crunch Bar,Snacks,7
2026-03-12,70,3,0,VM-104,prod-7,Detox Green Juice,Fresh Juices,9
2026-03-12,70,3,0,VM-104,prod-8,Mango Passion Kombucha,Fresh Juices,14
2026-03-12,70,3,0,VM-105,prod-1,Nitro Cold Brew,Coffee & Tea,15
2026-03-12,70,3,0,VM-105,prod-2,Matcha Green Tea Latte,Coffee & Tea,11
2026-03-12,70,3,0,VM-105,prod-3,Electrolyte Spark Hydration,Hydration,12
2026-03-12,70,3,0,VM-105,prod-4,Dark Chocolate Almond Bar,Snacks,23
2026-03-12,70,3,0,VM-105,prod-5,Dragonfruit Sparkling Water,Hydration,7
2026-03-12,70,3,0,VM-105,prod-6,Organic Protein Crunch Bar,Snacks,24
2026-03-12,70,3,0,VM-105,prod-7,Detox Green Juice,Fresh Juices,11
2026-03-12,70,3,0,VM-105,prod-8,Mango Passion Kombucha,Fresh Juices,11
2026-03-12,70,3,0,VM-106,prod-1,Nitro Cold Brew,Coffee & Tea,22
2026-03-12,70,3,0,VM-106,prod-2,Matcha Green Tea Latte,Coffee & Tea,8
2026-03-12,70,3,0,VM-106,prod-3,Electrolyte Spark Hydration,Hydration,10
2026-03-12,70,3,0,VM-106,prod-4,Dark Chocolate Almond Bar,Snacks,25
2026-03-12,70,3,0,VM-106,prod-5,Dragonfruit Sparkling Water,Hydration,17
2026-03-12,70,3,0,VM-106,prod-6,Organic Protein Crunch Bar,Snacks,12
2026-03-12,70,3,0,VM-106,prod-7,Detox Green Juice,Fresh Juices,14
2026-03-12,70,3,0,VM-106,prod-8,Mango Passion Kombucha,Fresh Juices,13
2026-03-12,70,3,0,VM-107,prod-1,Nitro Cold Brew,Coffee & Tea,24
2026-03-12,70,3,0,VM-107,prod-2,Matcha Green Tea Latte,Coffee & Tea,7
2026-03-12,70,3,0,VM-107,prod-3,Electrolyte Spark Hydration,Hydration,9
2026-03-12,70,3,0,VM-107,prod-4,Dark Chocolate Almond Bar,Snacks,16
2026-03-12,70,3,0,VM-107,prod-5,Dragonfruit Sparkling Water,Hydration,15
2026-03-12,70,3,0,VM-107,prod-6,Organic Protein Crunch Bar,Snacks,13
2026-03-12,70,3,0,VM-107,prod-7,Detox Green Juice,Fresh Juices,5
2026-03-12,70,3,0,VM-107,prod-8,Mango Passion Kombucha,Fresh Juices,9
2026-03-12,70,3,0,VM-108,prod-1,Nitro Cold Brew,Coffee & Tea,28
2026-03-12,70,3,0,VM-108,prod-2,Matcha Green Tea Latte,Coffee & Tea,21
2026-03-12,70,3,0,VM-108,prod-3,Electrolyte Spark Hydration,Hydration,12
2026-03-12,70,3,0,VM-108,prod-4,Dark Chocolate Almond Bar,Snacks,26
2026-03-12,70,3,0,VM-108,prod-5,Dragonfruit Sparkling Water,Hydration,18
2026-03-12,70,3,0,VM-108,prod-6,Organic Protein Crunch Bar,Snacks,15
2026-03-12,70,3,0,VM-108,prod-7,Detox Green Juice,Fresh Juices,7
2026-03-12,70,3,0,VM-108,prod-8,Mango Passion Kombucha,Fresh Juices,22
2026-03-12,70,3,0,VM-109,prod-1,Nitro Cold Brew,Coffee & Tea,11
2026-03-12,70,3,0,VM-109,prod-2,Matcha Green Tea Latte,Coffee & Tea,16
2026-03-12,70,3,0,VM-109,prod-3,Electrolyte Spark Hydration,Hydration,6
2026-03-12,70,3,0,VM-109,prod-4,Dark Chocolate Almond Bar,Snacks,29
2026-03-12,70,3,0,VM-109,prod-5,Dragonfruit Sparkling Water,Hydration,10
2026-03-12,70,3,0,VM-109,prod-6,Organic Protein Crunch Bar,Snacks,11
2026-03-12,70,3,0,VM-109,prod-7,Detox Green Juice,Fresh Juices,14
2026-03-12,70,3,0,VM-109,prod-8,Mango Passion Kombucha,Fresh Juices,13
2026-03-12,70,3,0,VM-110,prod-1,Nitro Cold Brew,Coffee & Tea,12
2026-03-12,70,3,0,VM-110,prod-2,Matcha Green Tea Latte,Coffee & Tea,17
2026-03-12,70,3,0,VM-110,prod-3,Electrolyte Spark Hydration,Hydration,9
2026-03-12,70,3,0,VM-110,prod-4,Dark Chocolate Almond Bar,Snacks,26
2026-03-12,70,3,0,VM-110,prod-5,Dragonfruit Sparkling Water,Hydration,8
2026-03-12,70,3,0,VM-110,prod-6,Organic Protein Crunch Bar,Snacks,20
2026-03-12,70,3,0,VM-110,prod-7,Detox Green Juice,Fresh Juices,14
2026-03-12,70,3,0,VM-110,prod-8,Mango Passion Kombucha,Fresh Juices,12
2026-03-13,71,4,0,VM-101,prod-1,Nitro Cold Brew,Coffee & Tea,23
2026-03-13,71,4,0,VM-101,prod-2,Matcha Green Tea Latte,Coffee & Tea,30
2026-03-13,71,4,0,VM-101,prod-3,Electrolyte Spark Hydration,Hydration,10
2026-03-13,71,4,0,VM-101,prod-4,Dark Chocolate Almond Bar,Snacks,21
2026-03-13,71,4,0,VM-101,prod-5,Dragonfruit Sparkling Water,Hydration,11
2026-03-13,71,4,0,VM-101,prod-6,Organic Protein Crunch Bar,Snacks,14
2026-03-13,71,4,0,VM-101,prod-7,Detox Green Juice,Fresh Juices,21
2026-03-13,71,4,0,VM-101,prod-8,Mango Passion Kombucha,Fresh Juices,10
2026-03-13,71,4,0,VM-102,prod-1,Nitro Cold Brew,Coffee & Tea,30
2026-03-13,71,4,0,VM-102,prod-2,Matcha Green Tea Latte,Coffee & Tea,26
2026-03-13,71,4,0,VM-102,prod-3,Electrolyte Spark Hydration,Hydration,21
2026-03-13,71,4,0,VM-102,prod-4,Dark Chocolate Almond Bar,Snacks,25
2026-03-13,71,4,0,VM-102,prod-5,Dragonfruit Sparkling Water,Hydration,13
2026-03-13,71,4,0,VM-102,prod-6,Organic Protein Crunch Bar,Snacks,22
2026-03-13,71,4,0,VM-102,prod-7,Detox Green Juice,Fresh Juices,12
2026-03-13,71,4,0,VM-102,prod-8,Mango Passion Kombucha,Fresh Juices,23
2026-03-13,71,4,0,VM-103,prod-1,Nitro Cold Brew,Coffee & Tea,20
2026-03-13,71,4,0,VM-103,prod-2,Matcha Green Tea Latte,Coffee & Tea,36
2026-03-13,71,4,0,VM-103,prod-3,Electrolyte Spark Hydration,Hydration,14
2026-03-13,71,4,0,VM-103,prod-4,Dark Chocolate Almond Bar,Snacks,41
2026-03-13,71,4,0,VM-103,prod-5,Dragonfruit Sparkling Water,Hydration,10
2026-03-13,71,4,0,VM-103,prod-6,Organic Protein Crunch Bar,Snacks,23
2026-03-13,71,4,0,VM-103,prod-7,Detox Green Juice,Fresh Juices,13
2026-03-13,71,4,0,VM-103,prod-8,Mango Passion Kombucha,Fresh Juices,15
2026-03-13,71,4,0,VM-104,prod-1,Nitro Cold Brew,Coffee & Tea,22
2026-03-13,71,4,0,VM-104,prod-2,Matcha Green Tea Latte,Coffee & Tea,29
2026-03-13,71,4,0,VM-104,prod-3,Electrolyte Spark Hydration,Hydration,27
2026-03-13,71,4,0,VM-104,prod-4,Dark Chocolate Almond Bar,Snacks,39
2026-03-13,71,4,0,VM-104,prod-5,Dragonfruit Sparkling Water,Hydration,6
2026-03-13,71,4,0,VM-104,prod-6,Organic Protein Crunch Bar,Snacks,11
2026-03-13,71,4,0,VM-104,prod-7,Detox Green Juice,Fresh Juices,8
2026-03-13,71,4,0,VM-104,prod-8,Mango Passion Kombucha,Fresh Juices,25
2026-03-13,71,4,0,VM-105,prod-1,Nitro Cold Brew,Coffee & Tea,20
2026-03-13,71,4,0,VM-105,prod-2,Matcha Green Tea Latte,Coffee & Tea,15
2026-03-13,71,4,0,VM-105,prod-3,Electrolyte Spark Hydration,Hydration,10
2026-03-13,71,4,0,VM-105,prod-4,Dark Chocolate Almond Bar,Snacks,37
2026-03-13,71,4,0,VM-105,prod-5,Dragonfruit Sparkling Water,Hydration,8
2026-03-13,71,4,0,VM-105,prod-6,Organic Protein Crunch Bar,Snacks,24
2026-03-13,71,4,0,VM-105,prod-7,Detox Green Juice,Fresh Juices,14
2026-03-13,71,4,0,VM-105,prod-8,Mango Passion Kombucha,Fresh Juices,10
2026-03-13,71,4,0,VM-106,prod-1,Nitro Cold Brew,Coffee & Tea,25
2026-03-13,71,4,0,VM-106,prod-2,Matcha Green Tea Latte,Coffee & Tea,9
2026-03-13,71,4,0,VM-106,prod-3,Electrolyte Spark Hydration,Hydration,14
2026-03-13,71,4,0,VM-106,prod-4,Dark Chocolate Almond Bar,Snacks,30
2026-03-13,71,4,0,VM-106,prod-5,Dragonfruit Sparkling Water,Hydration,27
2026-03-13,71,4,0,VM-106,prod-6,Organic Protein Crunch Bar,Snacks,13
2026-03-13,71,4,0,VM-106,prod-7,Detox Green Juice,Fresh Juices,14
2026-03-13,71,4,0,VM-106,prod-8,Mango Passion Kombucha,Fresh Juices,20
2026-03-13,71,4,0,VM-107,prod-1,Nitro Cold Brew,Coffee & Tea,24
2026-03-13,71,4,0,VM-107,prod-2,Matcha Green Tea Latte,Coffee & Tea,8
2026-03-13,71,4,0,VM-107,prod-3,Electrolyte Spark Hydration,Hydration,11
2026-03-13,71,4,0,VM-107,prod-4,Dark Chocolate Almond Bar,Snacks,20
2026-03-13,71,4,0,VM-107,prod-5,Dragonfruit Sparkling Water,Hydration,14
2026-03-13,71,4,0,VM-107,prod-6,Organic Protein Crunch Bar,Snacks,15
2026-03-13,71,4,0,VM-107,prod-7,Detox Green Juice,Fresh Juices,4
2026-03-13,71,4,0,VM-107,prod-8,Mango Passion Kombucha,Fresh Juices,11
2026-03-13,71,4,0,VM-108,prod-1,Nitro Cold Brew,Coffee & Tea,33
2026-03-13,71,4,0,VM-108,prod-2,Matcha Green Tea Latte,Coffee & Tea,22
2026-03-13,71,4,0,VM-108,prod-3,Electrolyte Spark Hydration,Hydration,22
2026-03-13,71,4,0,VM-108,prod-4,Dark Chocolate Almond Bar,Snacks,42
2026-03-13,71,4,0,VM-108,prod-5,Dragonfruit Sparkling Water,Hydration,20
2026-03-13,71,4,0,VM-108,prod-6,Organic Protein Crunch Bar,Snacks,10
2026-03-13,71,4,0,VM-108,prod-7,Detox Green Juice,Fresh Juices,8
2026-03-13,71,4,0,VM-108,prod-8,Mango Passion Kombucha,Fresh Juices,23
2026-03-13,71,4,0,VM-109,prod-1,Nitro Cold Brew,Coffee & Tea,13
2026-03-13,71,4,0,VM-109,prod-2,Matcha Green Tea Latte,Coffee & Tea,14
2026-03-13,71,4,0,VM-109,prod-3,Electrolyte Spark Hydration,Hydration,8
2026-03-13,71,4,0,VM-109,prod-4,Dark Chocolate Almond Bar,Snacks,33
2026-03-13,71,4,0,VM-109,prod-5,Dragonfruit Sparkling Water,Hydration,14
2026-03-13,71,4,0,VM-109,prod-6,Organic Protein Crunch Bar,Snacks,22
2026-03-13,71,4,0,VM-109,prod-7,Detox Green Juice,Fresh Juices,18
2026-03-13,71,4,0,VM-109,prod-8,Mango Passion Kombucha,Fresh Juices,14
2026-03-13,71,4,0,VM-110,prod-1,Nitro Cold Brew,Coffee & Tea,19
2026-03-13,71,4,0,VM-110,prod-2,Matcha Green Tea Latte,Coffee & Tea,18
2026-03-13,71,4,0,VM-110,prod-3,Electrolyte Spark Hydration,Hydration,6
2026-03-13,71,4,0,VM-110,prod-4,Dark Chocolate Almond Bar,Snacks,35
2026-03-13,71,4,0,VM-110,prod-5,Dragonfruit Sparkling Water,Hydration,8
2026-03-13,71,4,0,VM-110,prod-6,Organic Protein Crunch Bar,Snacks,29
2026-03-13,71,4,0,VM-110,prod-7,Detox Green Juice,Fresh Juices,11
2026-03-13,71,4,0,VM-110,prod-8,Mango Passion Kombucha,Fresh Juices,19
2026-03-14,72,5,1,VM-101,prod-1,Nitro Cold Brew,Coffee & Tea,28
2026-03-14,72,5,1,VM-101,prod-2,Matcha Green Tea Latte,Coffee & Tea,19
2026-03-14,72,5,1,VM-101,prod-3,Electrolyte Spark Hydration,Hydration,7
2026-03-14,72,5,1,VM-101,prod-4,Dark Chocolate Almond Bar,Snacks,27
2026-03-14,72,5,1,VM-101,prod-5,Dragonfruit Sparkling Water,Hydration,16
2026-03-14,72,5,1,VM-101,prod-6,Organic Protein Crunch Bar,Snacks,14
2026-03-14,72,5,1,VM-101,prod-7,Detox Green Juice,Fresh Juices,10
2026-03-14,72,5,1,VM-101,prod-8,Mango Passion Kombucha,Fresh Juices,10
2026-03-14,72,5,1,VM-102,prod-1,Nitro Cold Brew,Coffee & Tea,26
2026-03-14,72,5,1,VM-102,prod-2,Matcha Green Tea Latte,Coffee & Tea,25
2026-03-14,72,5,1,VM-102,prod-3,Electrolyte Spark Hydration,Hydration,17
2026-03-14,72,5,1,VM-102,prod-4,Dark Chocolate Almond Bar,Snacks,23
2026-03-14,72,5,1,VM-102,prod-5,Dragonfruit Sparkling Water,Hydration,22
2026-03-14,72,5,1,VM-102,prod-6,Organic Protein Crunch Bar,Snacks,23
2026-03-14,72,5,1,VM-102,prod-7,Detox Green Juice,Fresh Juices,11
2026-03-14,72,5,1,VM-102,prod-8,Mango Passion Kombucha,Fresh Juices,27
2026-03-14,72,5,1,VM-103,prod-1,Nitro Cold Brew,Coffee & Tea,25
2026-03-14,72,5,1,VM-103,prod-2,Matcha Green Tea Latte,Coffee & Tea,45
2026-03-14,72,5,1,VM-103,prod-3,Electrolyte Spark Hydration,Hydration,14
2026-03-14,72,5,1,VM-103,prod-4,Dark Chocolate Almond Bar,Snacks,25
2026-03-14,72,5,1,VM-103,prod-5,Dragonfruit Sparkling Water,Hydration,12
2026-03-14,72,5,1,VM-103,prod-6,Organic Protein Crunch Bar,Snacks,24
2026-03-14,72,5,1,VM-103,prod-7,Detox Green Juice,Fresh Juices,13
2026-03-14,72,5,1,VM-103,prod-8,Mango Passion Kombucha,Fresh Juices,19
2026-03-14,72,5,1,VM-104,prod-1,Nitro Cold Brew,Coffee & Tea,22
2026-03-14,72,5,1,VM-104,prod-2,Matcha Green Tea Latte,Coffee & Tea,17
2026-03-14,72,5,1,VM-104,prod-3,Electrolyte Spark Hydration,Hydration,34
2026-03-14,72,5,1,VM-104,prod-4,Dark Chocolate Almond Bar,Snacks,29
2026-03-14,72,5,1,VM-104,prod-5,Dragonfruit Sparkling Water,Hydration,7
2026-03-14,72,5,1,VM-104,prod-6,Organic Protein Crunch Bar,Snacks,11
2026-03-14,72,5,1,VM-104,prod-7,Detox Green Juice,Fresh Juices,12
2026-03-14,72,5,1,VM-104,prod-8,Mango Passion Kombucha,Fresh Juices,24
2026-03-14,72,5,1,VM-105,prod-1,Nitro Cold Brew,Coffee & Tea,20
2026-03-14,72,5,1,VM-105,prod-2,Matcha Green Tea Latte,Coffee & Tea,14
2026-03-14,72,5,1,VM-105,prod-3,Electrolyte Spark Hydration,Hydration,16
2026-03-14,72,5,1,VM-105,prod-4,Dark Chocolate Almond Bar,Snacks,23
2026-03-14,72,5,1,VM-105,prod-5,Dragonfruit Sparkling Water,Hydration,11
2026-03-14,72,5,1,VM-105,prod-6,Organic Protein Crunch Bar,Snacks,22
2026-03-14,72,5,1,VM-105,prod-7,Detox Green Juice,Fresh Juices,16
2026-03-14,72,5,1,VM-105,prod-8,Mango Passion Kombucha,Fresh Juices,14
2026-03-14,72,5,1,VM-106,prod-1,Nitro Cold Brew,Coffee & Tea,36
2026-03-14,72,5,1,VM-106,prod-2,Matcha Green Tea Latte,Coffee & Tea,14
2026-03-14,72,5,1,VM-106,prod-3,Electrolyte Spark Hydration,Hydration,9
2026-03-14,72,5,1,VM-106,prod-4,Dark Chocolate Almond Bar,Snacks,30
2026-03-14,72,5,1,VM-106,prod-5,Dragonfruit Sparkling Water,Hydration,21
2026-03-14,72,5,1,VM-106,prod-6,Organic Protein Crunch Bar,Snacks,16
2026-03-14,72,5,1,VM-106,prod-7,Detox Green Juice,Fresh Juices,20
2026-03-14,72,5,1,VM-106,prod-8,Mango Passion Kombucha,Fresh Juices,24
2026-03-14,72,5,1,VM-107,prod-1,Nitro Cold Brew,Coffee & Tea,21
2026-03-14,72,5,1,VM-107,prod-2,Matcha Green Tea Latte,Coffee & Tea,8
2026-03-14,72,5,1,VM-107,prod-3,Electrolyte Spark Hydration,Hydration,11
2026-03-14,72,5,1,VM-107,prod-4,Dark Chocolate Almond Bar,Snacks,16
2026-03-14,72,5,1,VM-107,prod-5,Dragonfruit Sparkling Water,Hydration,23
2026-03-14,72,5,1,VM-107,prod-6,Organic Protein Crunch Bar,Snacks,23
2026-03-14,72,5,1,VM-107,prod-7,Detox Green Juice,Fresh Juices,7
2026-03-14,72,5,1,VM-107,prod-8,Mango Passion Kombucha,Fresh Juices,10
2026-03-14,72,5,1,VM-108,prod-1,Nitro Cold Brew,Coffee & Tea,42
2026-03-14,72,5,1,VM-108,prod-2,Matcha Green Tea Latte,Coffee & Tea,33
2026-03-14,72,5,1,VM-108,prod-3,Electrolyte Spark Hydration,Hydration,16
2026-03-14,72,5,1,VM-108,prod-4,Dark Chocolate Almond Bar,Snacks,41
2026-03-14,72,5,1,VM-108,prod-5,Dragonfruit Sparkling Water,Hydration,22
2026-03-14,72,5,1,VM-108,prod-6,Organic Protein Crunch Bar,Snacks,11
2026-03-14,72,5,1,VM-108,prod-7,Detox Green Juice,Fresh Juices,10
2026-03-14,72,5,1,VM-108,prod-8,Mango Passion Kombucha,Fresh Juices,30
2026-03-14,72,5,1,VM-109,prod-1,Nitro Cold Brew,Coffee & Tea,13
2026-03-14,72,5,1,VM-109,prod-2,Matcha Green Tea Latte,Coffee & Tea,19
2026-03-14,72,5,1,VM-109,prod-3,Electrolyte Spark Hydration,Hydration,7
2026-03-14,72,5,1,VM-109,prod-4,Dark Chocolate Almond Bar,Snacks,28
2026-03-14,72,5,1,VM-109,prod-5,Dragonfruit Sparkling Water,Hydration,17
2026-03-14,72,5,1,VM-109,prod-6,Organic Protein Crunch Bar,Snacks,22
2026-03-14,72,5,1,VM-109,prod-7,Detox Green Juice,Fresh Juices,16
2026-03-14,72,5,1,VM-109,prod-8,Mango Passion Kombucha,Fresh Juices,19
2026-03-14,72,5,1,VM-110,prod-1,Nitro Cold Brew,Coffee & Tea,18
2026-03-14,72,5,1,VM-110,prod-2,Matcha Green Tea Latte,Coffee & Tea,24
2026-03-14,72,5,1,VM-110,prod-3,Electrolyte Spark Hydration,Hydration,8
2026-03-14,72,5,1,VM-110,prod-4,Dark Chocolate Almond Bar,Snacks,38
2026-03-14,72,5,1,VM-110,prod-5,Dragonfruit Sparkling Water,Hydration,9
2026-03-14,72,5,1,VM-110,prod-6,Organic Protein Crunch Bar,Snacks,37
2026-03-14,72,5,1,VM-110,prod-7,Detox Green Juice,Fresh Juices,15
2026-03-14,72,5,1,VM-110,prod-8,Mango Passion Kombucha,Fresh Juices,21
2026-03-15,73,6,1,VM-101,prod-1,Nitro Cold Brew,Coffee & Tea,22
2026-03-15,73,6,1,VM-101,prod-2,Matcha Green Tea Latte,Coffee & Tea,17
2026-03-15,73,6,1,VM-101,prod-3,Electrolyte Spark Hydration,Hydration,9
2026-03-15,73,6,1,VM-101,prod-4,Dark Chocolate Almond Bar,Snacks,19
2026-03-15,73,6,1,VM-101,prod-5,Dragonfruit Sparkling Water,Hydration,17
2026-03-15,73,6,1,VM-101,prod-6,Organic Protein Crunch Bar,Snacks,16
2026-03-15,73,6,1,VM-101,prod-7,Detox Green Juice,Fresh Juices,14
2026-03-15,73,6,1,VM-101,prod-8,Mango Passion Kombucha,Fresh Juices,8
2026-03-15,73,6,1,VM-102,prod-1,Nitro Cold Brew,Coffee & Tea,26
2026-03-15,73,6,1,VM-102,prod-2,Matcha Green Tea Latte,Coffee & Tea,19
2026-03-15,73,6,1,VM-102,prod-3,Electrolyte Spark Hydration,Hydration,20
2026-03-15,73,6,1,VM-102,prod-4,Dark Chocolate Almond Bar,Snacks,17
2026-03-15,73,6,1,VM-102,prod-5,Dragonfruit Sparkling Water,Hydration,19
2026-03-15,73,6,1,VM-102,prod-6,Organic Protein Crunch Bar,Snacks,16
2026-03-15,73,6,1,VM-102,prod-7,Detox Green Juice,Fresh Juices,15
2026-03-15,73,6,1,VM-102,prod-8,Mango Passion Kombucha,Fresh Juices,21
2026-03-15,73,6,1,VM-103,prod-1,Nitro Cold Brew,Coffee & Tea,22
2026-03-15,73,6,1,VM-103,prod-2,Matcha Green Tea Latte,Coffee & Tea,35
2026-03-15,73,6,1,VM-103,prod-3,Electrolyte Spark Hydration,Hydration,10
2026-03-15,73,6,1,VM-103,prod-4,Dark Chocolate Almond Bar,Snacks,43
2026-03-15,73,6,1,VM-103,prod-5,Dragonfruit Sparkling Water,Hydration,13
2026-03-15,73,6,1,VM-103,prod-6,Organic Protein Crunch Bar,Snacks,18
2026-03-15,73,6,1,VM-103,prod-7,Detox Green Juice,Fresh Juices,15
2026-03-15,73,6,1,VM-103,prod-8,Mango Passion Kombucha,Fresh Juices,16
2026-03-15,73,6,1,VM-104,prod-1,Nitro Cold Brew,Coffee & Tea,17
2026-03-15,73,6,1,VM-104,prod-2,Matcha Green Tea Latte,Coffee & Tea,25
2026-03-15,73,6,1,VM-104,prod-3,Electrolyte Spark Hydration,Hydration,25
2026-03-15,73,6,1,VM-104,prod-4,Dark Chocolate Almond Bar,Snacks,27
2026-03-15,73,6,1,VM-104,prod-5,Dragonfruit Sparkling Water,Hydration,6
2026-03-15,73,6,1,VM-104,prod-6,Organic Protein Crunch Bar,Snacks,10
2026-03-15,73,6,1,VM-104,prod-7,Detox Green Juice,Fresh Juices,7
2026-03-15,73,6,1,VM-104,prod-8,Mango Passion Kombucha,Fresh Juices,21
2026-03-15,73,6,1,VM-105,prod-1,Nitro Cold Brew,Coffee & Tea,20
2026-03-15,73,6,1,VM-105,prod-2,Matcha Green Tea Latte,Coffee & Tea,14
2026-03-15,73,6,1,VM-105,prod-3,Electrolyte Spark Hydration,Hydration,14
2026-03-15,73,6,1,VM-105,prod-4,Dark Chocolate Almond Bar,Snacks,22
2026-03-15,73,6,1,VM-105,prod-5,Dragonfruit Sparkling Water,Hydration,9
2026-03-15,73,6,1,VM-105,prod-6,Organic Protein Crunch Bar,Snacks,19
2026-03-15,73,6,1,VM-105,prod-7,Detox Green Juice,Fresh Juices,10
2026-03-15,73,6,1,VM-105,prod-8,Mango Passion Kombucha,Fresh Juices,10
2026-03-15,73,6,1,VM-106,prod-1,Nitro Cold Brew,Coffee & Tea,24
2026-03-15,73,6,1,VM-106,prod-2,Matcha Green Tea Latte,Coffee & Tea,11
2026-03-15,73,6,1,VM-106,prod-3,Electrolyte Spark Hydration,Hydration,11
2026-03-15,73,6,1,VM-106,prod-4,Dark Chocolate Almond Bar,Snacks,33
2026-03-15,73,6,1,VM-106,prod-5,Dragonfruit Sparkling Water,Hydration,16
2026-03-15,73,6,1,VM-106,prod-6,Organic Protein Crunch Bar,Snacks,10
2026-03-15,73,6,1,VM-106,prod-7,Detox Green Juice,Fresh Juices,17
2026-03-15,73,6,1,VM-106,prod-8,Mango Passion Kombucha,Fresh Juices,17
2026-03-15,73,6,1,VM-107,prod-1,Nitro Cold Brew,Coffee & Tea,21
2026-03-15,73,6,1,VM-107,prod-2,Matcha Green Tea Latte,Coffee & Tea,8
2026-03-15,73,6,1,VM-107,prod-3,Electrolyte Spark Hydration,Hydration,9
2026-03-15,73,6,1,VM-107,prod-4,Dark Chocolate Almond Bar,Snacks,24
2026-03-15,73,6,1,VM-107,prod-5,Dragonfruit Sparkling Water,Hydration,16
2026-03-15,73,6,1,VM-107,prod-6,Organic Protein Crunch Bar,Snacks,16
2026-03-15,73,6,1,VM-107,prod-7,Detox Green Juice,Fresh Juices,7
2026-03-15,73,6,1,VM-107,prod-8,Mango Passion Kombucha,Fresh Juices,11
2026-03-15,73,6,1,VM-108,prod-1,Nitro Cold Brew,Coffee & Tea,30
2026-03-15,73,6,1,VM-108,prod-2,Matcha Green Tea Latte,Coffee & Tea,24
2026-03-15,73,6,1,VM-108,prod-3,Electrolyte Spark Hydration,Hydration,17
2026-03-15,73,6,1,VM-108,prod-4,Dark Chocolate Almond Bar,Snacks,33
2026-03-15,73,6,1,VM-108,prod-5,Dragonfruit Sparkling Water,Hydration,25
2026-03-15,73,6,1,VM-108,prod-6,Organic Protein Crunch Bar,Snacks,12
2026-03-15,73,6,1,VM-108,prod-7,Detox Green Juice,Fresh Juices,7
2026-03-15,73,6,1,VM-108,prod-8,Mango Passion Kombucha,Fresh Juices,23
2026-03-15,73,6,1,VM-109,prod-1,Nitro Cold Brew,Coffee & Tea,15
2026-03-15,73,6,1,VM-109,prod-2,Matcha Green Tea Latte,Coffee & Tea,11
2026-03-15,73,6,1,VM-109,prod-3,Electrolyte Spark Hydration,Hydration,6
2026-03-15,73,6,1,VM-109,prod-4,Dark Chocolate Almond Bar,Snacks,28
2026-03-15,73,6,1,VM-109,prod-5,Dragonfruit Sparkling Water,Hydration,11
2026-03-15,73,6,1,VM-109,prod-6,Organic Protein Crunch Bar,Snacks,18
2026-03-15,73,6,1,VM-109,prod-7,Detox Green Juice,Fresh Juices,16
2026-03-15,73,6,1,VM-109,prod-8,Mango Passion Kombucha,Fresh Juices,12
2026-03-15,73,6,1,VM-110,prod-1,Nitro Cold Brew,Coffee & Tea,11
2026-03-15,73,6,1,VM-110,prod-2,Matcha Green Tea Latte,Coffee & Tea,19
2026-03-15,73,6,1,VM-110,prod-3,Electrolyte Spark Hydration,Hydration,8
2026-03-15,73,6,1,VM-110,prod-4,Dark Chocolate Almond Bar,Snacks,22
2026-03-15,73,6,1,VM-110,prod-5,Dragonfruit Sparkling Water,Hydration,9
2026-03-15,73,6,1,VM-110,prod-6,Organic Protein Crunch Bar,Snacks,27
2026-03-15,73,6,1,VM-110,prod-7,Detox Green Juice,Fresh Juices,17
2026-03-15,73,6,1,VM-110,prod-8,Mango Passion Kombucha,Fresh Juices,16
2026-03-16,74,0,0,VM-101,prod-1,Nitro Cold Brew,Coffee & Tea,22
2026-03-16,74,0,0,VM-101,prod-2,Matcha Green Tea Latte,Coffee & Tea,15
2026-03-16,74,0,0,VM-101,prod-3,Electrolyte Spark Hydration,Hydration,6
2026-03-16,74,0,0,VM-101,prod-4,Dark Chocolate Almond Bar,Snacks,13
2026-03-16,74,0,0,VM-101,prod-5,Dragonfruit Sparkling Water,Hydration,11
2026-03-16,74,0,0,VM-101,prod-6,Organic Protein Crunch Bar,Snacks,12
2026-03-16,74,0,0,VM-101,prod-7,Detox Green Juice,Fresh Juices,8
2026-03-16,74,0,0,VM-101,prod-8,Mango Passion Kombucha,Fresh Juices,6
2026-03-16,74,0,0,VM-102,prod-1,Nitro Cold Brew,Coffee & Tea,21
2026-03-16,74,0,0,VM-102,prod-2,Matcha Green Tea Latte,Coffee & Tea,16
2026-03-16,74,0,0,VM-102,prod-3,Electrolyte Spark Hydration,Hydration,12
2026-03-16,74,0,0,VM-102,prod-4,Dark Chocolate Almond Bar,Snacks,21
2026-03-16,74,0,0,VM-102,prod-5,Dragonfruit Sparkling Water,Hydration,14
2026-03-16,74,0,0,VM-102,prod-6,Organic Protein Crunch Bar,Snacks,16
2026-03-16,74,0,0,VM-102,prod-7,Detox Green Juice,Fresh Juices,9
2026-03-16,74,0,0,VM-102,prod-8,Mango Passion Kombucha,Fresh Juices,17
2026-03-16,74,0,0,VM-103,prod-1,Nitro Cold Brew,Coffee & Tea,22
2026-03-16,74,0,0,VM-103,prod-2,Matcha Green Tea Latte,Coffee & Tea,27
2026-03-16,74,0,0,VM-103,prod-3,Electrolyte Spark Hydration,Hydration,9
2026-03-16,74,0,0,VM-103,prod-4,Dark Chocolate Almond Bar,Snacks,29
2026-03-16,74,0,0,VM-103,prod-5,Dragonfruit Sparkling Water,Hydration,7
2026-03-16,74,0,0,VM-103,prod-6,Organic Protein Crunch Bar,Snacks,17
2026-03-16,74,0,0,VM-103,prod-7,Detox Green Juice,Fresh Juices,9
2026-03-16,74,0,0,VM-103,prod-8,Mango Passion Kombucha,Fresh Juices,12
2026-03-16,74,0,0,VM-104,prod-1,Nitro Cold Brew,Coffee & Tea,13
2026-03-16,74,0,0,VM-104,prod-2,Matcha Green Tea Latte,Coffee & Tea,22
2026-03-16,74,0,0,VM-104,prod-3,Electrolyte Spark Hydration,Hydration,20
2026-03-16,74,0,0,VM-104,prod-4,Dark Chocolate Almond Bar,Snacks,20
2026-03-16,74,0,0,VM-104,prod-5,Dragonfruit Sparkling Water,Hydration,5
2026-03-16,74,0,0,VM-104,prod-6,Organic Protein Crunch Bar,Snacks,5
2026-03-16,74,0,0,VM-104,prod-7,Detox Green Juice,Fresh Juices,6
2026-03-16,74,0,0,VM-104,prod-8,Mango Passion Kombucha,Fresh Juices,15
2026-03-16,74,0,0,VM-105,prod-1,Nitro Cold Brew,Coffee & Tea,16
2026-03-16,74,0,0,VM-105,prod-2,Matcha Green Tea Latte,Coffee & Tea,9
2026-03-16,74,0,0,VM-105,prod-3,Electrolyte Spark Hydration,Hydration,7
2026-03-16,74,0,0,VM-105,prod-4,Dark Chocolate Almond Bar,Snacks,17
2026-03-16,74,0,0,VM-105,prod-5,Dragonfruit Sparkling Water,Hydration,5
2026-03-16,74,0,0,VM-105,prod-6,Organic Protein Crunch Bar,Snacks,20
2026-03-16,74,0,0,VM-105,prod-7,Detox Green Juice,Fresh Juices,10
2026-03-16,74,0,0,VM-105,prod-8,Mango Passion Kombucha,Fresh Juices,9
2026-03-16,74,0,0,VM-106,prod-1,Nitro Cold Brew,Coffee & Tea,25
2026-03-16,74,0,0,VM-106,prod-2,Matcha Green Tea Latte,Coffee & Tea,9
2026-03-16,74,0,0,VM-106,prod-3,Electrolyte Spark Hydration,Hydration,8
2026-03-16,74,0,0,VM-106,prod-4,Dark Chocolate Almond Bar,Snacks,20
2026-03-16,74,0,0,VM-106,prod-5,Dragonfruit Sparkling Water,Hydration,12
2026-03-16,74,0,0,VM-106,prod-6,Organic Protein Crunch Bar,Snacks,8
2026-03-16,74,0,0,VM-106,prod-7,Detox Green Juice,Fresh Juices,11
2026-03-16,74,0,0,VM-106,prod-8,Mango Passion Kombucha,Fresh Juices,14
2026-03-16,74,0,0,VM-107,prod-1,Nitro Cold Brew,Coffee & Tea,17
2026-03-16,74,0,0,VM-107,prod-2,Matcha Green Tea Latte,Coffee & Tea,6
2026-03-16,74,0,0,VM-107,prod-3,Electrolyte Spark Hydration,Hydration,7
2026-03-16,74,0,0,VM-107,prod-4,Dark Chocolate Almond Bar,Snacks,13
2026-03-16,74,0,0,VM-107,prod-5,Dragonfruit Sparkling Water,Hydration,11
2026-03-16,74,0,0,VM-107,prod-6,Organic Protein Crunch Bar,Snacks,15
2026-03-16,74,0,0,VM-107,prod-7,Detox Green Juice,Fresh Juices,3
2026-03-16,74,0,0,VM-107,prod-8,Mango Passion Kombucha,Fresh Juices,8
2026-03-16,74,0,0,VM-108,prod-1,Nitro Cold Brew,Coffee & Tea,23
2026-03-16,74,0,0,VM-108,prod-2,Matcha Green Tea Latte,Coffee & Tea,14
2026-03-16,74,0,0,VM-108,prod-3,Electrolyte Spark Hydration,Hydration,11
2026-03-16,74,0,0,VM-108,prod-4,Dark Chocolate Almond Bar,Snacks,24
2026-03-16,74,0,0,VM-108,prod-5,Dragonfruit Sparkling Water,Hydration,11
2026-03-16,74,0,0,VM-108,prod-6,Organic Protein Crunch Bar,Snacks,10
2026-03-16,74,0,0,VM-108,prod-7,Detox Green Juice,Fresh Juices,5
2026-03-16,74,0,0,VM-108,prod-8,Mango Passion Kombucha,Fresh Juices,19
2026-03-16,74,0,0,VM-109,prod-1,Nitro Cold Brew,Coffee & Tea,13
2026-03-16,74,0,0,VM-109,prod-2,Matcha Green Tea Latte,Coffee & Tea,9
2026-03-16,74,0,0,VM-109,prod-3,Electrolyte Spark Hydration,Hydration,7
2026-03-16,74,0,0,VM-109,prod-4,Dark Chocolate Almond Bar,Snacks,20
2026-03-16,74,0,0,VM-109,prod-5,Dragonfruit Sparkling Water,Hydration,12
2026-03-16,74,0,0,VM-109,prod-6,Organic Protein Crunch Bar,Snacks,11
2026-03-16,74,0,0,VM-109,prod-7,Detox Green Juice,Fresh Juices,12
2026-03-16,74,0,0,VM-109,prod-8,Mango Passion Kombucha,Fresh Juices,9
2026-03-16,74,0,0,VM-110,prod-1,Nitro Cold Brew,Coffee & Tea,10
2026-03-16,74,0,0,VM-110,prod-2,Matcha Green Tea Latte,Coffee & Tea,12
2026-03-16,74,0,0,VM-110,prod-3,Electrolyte Spark Hydration,Hydration,6
2026-03-16,74,0,0,VM-110,prod-4,Dark Chocolate Almond Bar,Snacks,19
2026-03-16,74,0,0,VM-110,prod-5,Dragonfruit Sparkling Water,Hydration,7
2026-03-16,74,0,0,VM-110,prod-6,Organic Protein Crunch Bar,Snacks,17
2026-03-16,74,0,0,VM-110,prod-7,Detox Green Juice,Fresh Juices,11
2026-03-16,74,0,0,VM-110,prod-8,Mango Passion Kombucha,Fresh Juices,10
2026-03-17,75,1,0,VM-101,prod-1,Nitro Cold Brew,Coffee & Tea,16
2026-03-17,75,1,0,VM-101,prod-2,Matcha Green Tea Latte,Coffee & Tea,18
2026-03-17,75,1,0,VM-101,prod-3,Electrolyte Spark Hydration,Hydration,8
2026-03-17,75,1,0,VM-101,prod-4,Dark Chocolate Almond Bar,Snacks,13
2026-03-17,75,1,0,VM-101,prod-5,Dragonfruit Sparkling Water,Hydration,15
2026-03-17,75,1,0,VM-101,prod-6,Organic Protein Crunch Bar,Snacks,14
2026-03-17,75,1,0,VM-101,prod-7,Detox Green Juice,Fresh Juices,9
2026-03-17,75,1,0,VM-101,prod-8,Mango Passion Kombucha,Fresh Juices,6
2026-03-17,75,1,0,VM-102,prod-1,Nitro Cold Brew,Coffee & Tea,20
2026-03-17,75,1,0,VM-102,prod-2,Matcha Green Tea Latte,Coffee & Tea,14
2026-03-17,75,1,0,VM-102,prod-3,Electrolyte Spark Hydration,Hydration,19
2026-03-17,75,1,0,VM-102,prod-4,Dark Chocolate Almond Bar,Snacks,21
2026-03-17,75,1,0,VM-102,prod-5,Dragonfruit Sparkling Water,Hydration,13
2026-03-17,75,1,0,VM-102,prod-6,Organic Protein Crunch Bar,Snacks,12
2026-03-17,75,1,0,VM-102,prod-7,Detox Green Juice,Fresh Juices,11
2026-03-17,75,1,0,VM-102,prod-8,Mango Passion Kombucha,Fresh Juices,15
2026-03-17,75,1,0,VM-103,prod-1,Nitro Cold Brew,Coffee & Tea,18
2026-03-17,75,1,0,VM-103,prod-2,Matcha Green Tea Latte,Coffee & Tea,31
2026-03-17,75,1,0,VM-103,prod-3,Electrolyte Spark Hydration,Hydration,9
2026-03-17,75,1,0,VM-103,prod-4,Dark Chocolate Almond Bar,Snacks,29
2026-03-17,75,1,0,VM-103,prod-5,Dragonfruit Sparkling Water,Hydration,9
2026-03-17,75,1,0,VM-103,prod-6,Organic Protein Crunch Bar,Snacks,16
2026-03-17,75,1,0,VM-103,prod-7,Detox Green Juice,Fresh Juices,11
2026-03-17,75,1,0,VM-103,prod-8,Mango Passion Kombucha,Fresh Juices,14
2026-03-17,75,1,0,VM-104,prod-1,Nitro Cold Brew,Coffee & Tea,16
2026-03-17,75,1,0,VM-104,prod-2,Matcha Green Tea Latte,Coffee & Tea,20
2026-03-17,75,1,0,VM-104,prod-3,Electrolyte Spark Hydration,Hydration,15
2026-03-17,75,1,0,VM-104,prod-4,Dark Chocolate Almond Bar,Snacks,25
2026-03-17,75,1,0,VM-104,prod-5,Dragonfruit Sparkling Water,Hydration,6
2026-03-17,75,1,0,VM-104,prod-6,Organic Protein Crunch Bar,Snacks,7
2026-03-17,75,1,0,VM-104,prod-7,Detox Green Juice,Fresh Juices,6
2026-03-17,75,1,0,VM-104,prod-8,Mango Passion Kombucha,Fresh Juices,14
2026-03-17,75,1,0,VM-105,prod-1,Nitro Cold Brew,Coffee & Tea,16
2026-03-17,75,1,0,VM-105,prod-2,Matcha Green Tea Latte,Coffee & Tea,12
2026-03-17,75,1,0,VM-105,prod-3,Electrolyte Spark Hydration,Hydration,10
2026-03-17,75,1,0,VM-105,prod-4,Dark Chocolate Almond Bar,Snacks,19
2026-03-17,75,1,0,VM-105,prod-5,Dragonfruit Sparkling Water,Hydration,7
2026-03-17,75,1,0,VM-105,prod-6,Organic Protein Crunch Bar,Snacks,15
2026-03-17,75,1,0,VM-105,prod-7,Detox Green Juice,Fresh Juices,10
2026-03-17,75,1,0,VM-105,prod-8,Mango Passion Kombucha,Fresh Juices,10
2026-03-17,75,1,0,VM-106,prod-1,Nitro Cold Brew,Coffee & Tea,19
2026-03-17,75,1,0,VM-106,prod-2,Matcha Green Tea Latte,Coffee & Tea,7
2026-03-17,75,1,0,VM-106,prod-3,Electrolyte Spark Hydration,Hydration,11
2026-03-17,75,1,0,VM-106,prod-4,Dark Chocolate Almond Bar,Snacks,22
2026-03-17,75,1,0,VM-106,prod-5,Dragonfruit Sparkling Water,Hydration,16
2026-03-17,75,1,0,VM-106,prod-6,Organic Protein Crunch Bar,Snacks,11
2026-03-17,75,1,0,VM-106,prod-7,Detox Green Juice,Fresh Juices,12
2026-03-17,75,1,0,VM-106,prod-8,Mango Passion Kombucha,Fresh Juices,17
2026-03-17,75,1,0,VM-107,prod-1,Nitro Cold Brew,Coffee & Tea,15
2026-03-17,75,1,0,VM-107,prod-2,Matcha Green Tea Latte,Coffee & Tea,6
2026-03-17,75,1,0,VM-107,prod-3,Electrolyte Spark Hydration,Hydration,7
2026-03-17,75,1,0,VM-107,prod-4,Dark Chocolate Almond Bar,Snacks,14
2026-03-17,75,1,0,VM-107,prod-5,Dragonfruit Sparkling Water,Hydration,13
2026-03-17,75,1,0,VM-107,prod-6,Organic Protein Crunch Bar,Snacks,15
2026-03-17,75,1,0,VM-107,prod-7,Detox Green Juice,Fresh Juices,4
2026-03-17,75,1,0,VM-107,prod-8,Mango Passion Kombucha,Fresh Juices,7
2026-03-17,75,1,0,VM-108,prod-1,Nitro Cold Brew,Coffee & Tea,31
2026-03-17,75,1,0,VM-108,prod-2,Matcha Green Tea Latte,Coffee & Tea,20
2026-03-17,75,1,0,VM-108,prod-3,Electrolyte Spark Hydration,Hydration,16
2026-03-17,75,1,0,VM-108,prod-4,Dark Chocolate Almond Bar,Snacks,25
2026-03-17,75,1,0,VM-108,prod-5,Dragonfruit Sparkling Water,Hydration,11
2026-03-17,75,1,0,VM-108,prod-6,Organic Protein Crunch Bar,Snacks,13
2026-03-17,75,1,0,VM-108,prod-7,Detox Green Juice,Fresh Juices,6
2026-03-17,75,1,0,VM-108,prod-8,Mango Passion Kombucha,Fresh Juices,17
2026-03-17,75,1,0,VM-109,prod-1,Nitro Cold Brew,Coffee & Tea,11
2026-03-17,75,1,0,VM-109,prod-2,Matcha Green Tea Latte,Coffee & Tea,13
2026-03-17,75,1,0,VM-109,prod-3,Electrolyte Spark Hydration,Hydration,7
2026-03-17,75,1,0,VM-109,prod-4,Dark Chocolate Almond Bar,Snacks,30
2026-03-17,75,1,0,VM-109,prod-5,Dragonfruit Sparkling Water,Hydration,13
2026-03-17,75,1,0,VM-109,prod-6,Organic Protein Crunch Bar,Snacks,13
2026-03-17,75,1,0,VM-109,prod-7,Detox Green Juice,Fresh Juices,11
2026-03-17,75,1,0,VM-109,prod-8,Mango Passion Kombucha,Fresh Juices,14
2026-03-17,75,1,0,VM-110,prod-1,Nitro Cold Brew,Coffee & Tea,7
2026-03-17,75,1,0,VM-110,prod-2,Matcha Green Tea Latte,Coffee & Tea,15
2026-03-17,75,1,0,VM-110,prod-3,Electrolyte Spark Hydration,Hydration,4
2026-03-17,75,1,0,VM-110,prod-4,Dark Chocolate Almond Bar,Snacks,23
2026-03-17,75,1,0,VM-110,prod-5,Dragonfruit Sparkling Water,Hydration,6
2026-03-17,75,1,0,VM-110,prod-6,Organic Protein Crunch Bar,Snacks,19
2026-03-17,75,1,0,VM-110,prod-7,Detox Green Juice,Fresh Juices,11
2026-03-17,75,1,0,VM-110,prod-8,Mango Passion Kombucha,Fresh Juices,10
2026-03-18,76,2,0,VM-101,prod-1,Nitro Cold Brew,Coffee & Tea,26
2026-03-18,76,2,0,VM-101,prod-2,Matcha Green Tea Latte,Coffee & Tea,23
2026-03-18,76,2,0,VM-101,prod-3,Electrolyte Spark Hydration,Hydration,5
2026-03-18,76,2,0,VM-101,prod-4,Dark Chocolate Almond Bar,Snacks,20
2026-03-18,76,2,0,VM-101,prod-5,Dragonfruit Sparkling Water,Hydration,12
2026-03-18,76,2,0,VM-101,prod-6,Organic Protein Crunch Bar,Snacks,12
2026-03-18,76,2,0,VM-101,prod-7,Detox Green Juice,Fresh Juices,11
2026-03-18,76,2,0,VM-101,prod-8,Mango Passion Kombucha,Fresh Juices,7
2026-03-18,76,2,0,VM-102,prod-1,Nitro Cold Brew,Coffee & Tea,23
2026-03-18,76,2,0,VM-102,prod-2,Matcha Green Tea Latte,Coffee & Tea,17
2026-03-18,76,2,0,VM-102,prod-3,Electrolyte Spark Hydration,Hydration,14
2026-03-18,76,2,0,VM-102,prod-4,Dark Chocolate Almond Bar,Snacks,17
2026-03-18,76,2,0,VM-102,prod-5,Dragonfruit Sparkling Water,Hydration,14
2026-03-18,76,2,0,VM-102,prod-6,Organic Protein Crunch Bar,Snacks,11
2026-03-18,76,2,0,VM-102,prod-7,Detox Green Juice,Fresh Juices,10
2026-03-18,76,2,0,VM-102,prod-8,Mango Passion Kombucha,Fresh Juices,14
2026-03-18,76,2,0,VM-103,prod-1,Nitro Cold Brew,Coffee & Tea,18
2026-03-18,76,2,0,VM-103,prod-2,Matcha Green Tea Latte,Coffee & Tea,35
2026-03-18,76,2,0,VM-103,prod-3,Electrolyte Spark Hydration,Hydration,12
2026-03-18,76,2,0,VM-103,prod-4,Dark Chocolate Almond Bar,Snacks,30
2026-03-18,76,2,0,VM-103,prod-5,Dragonfruit Sparkling Water,Hydration,9
2026-03-18,76,2,0,VM-103,prod-6,Organic Protein Crunch Bar,Snacks,20
2026-03-18,76,2,0,VM-103,prod-7,Detox Green Juice,Fresh Juices,12
2026-03-18,76,2,0,VM-103,prod-8,Mango Passion Kombucha,Fresh Juices,14
2026-03-18,76,2,0,VM-104,prod-1,Nitro Cold Brew,Coffee & Tea,13
2026-03-18,76,2,0,VM-104,prod-2,Matcha Green Tea Latte,Coffee & Tea,23
2026-03-18,76,2,0,VM-104,prod-3,Electrolyte Spark Hydration,Hydration,23
2026-03-18,76,2,0,VM-104,prod-4,Dark Chocolate Almond Bar,Snacks,23
2026-03-18,76,2,0,VM-104,prod-5,Dragonfruit Sparkling Water,Hydration,5
2026-03-18,76,2,0,VM-104,prod-6,Organic Protein Crunch Bar,Snacks,8
2026-03-18,76,2,0,VM-104,prod-7,Detox Green Juice,Fresh Juices,7
2026-03-18,76,2,0,VM-104,prod-8,Mango Passion Kombucha,Fresh Juices,11
2026-03-18,76,2,0,VM-105,prod-1,Nitro Cold Brew,Coffee & Tea,15
2026-03-18,76,2,0,VM-105,prod-2,Matcha Green Tea Latte,Coffee & Tea,14
2026-03-18,76,2,0,VM-105,prod-3,Electrolyte Spark Hydration,Hydration,10
2026-03-18,76,2,0,VM-105,prod-4,Dark Chocolate Almond Bar,Snacks,23
2026-03-18,76,2,0,VM-105,prod-5,Dragonfruit Sparkling Water,Hydration,7
2026-03-18,76,2,0,VM-105,prod-6,Organic Protein Crunch Bar,Snacks,21
2026-03-18,76,2,0,VM-105,prod-7,Detox Green Juice,Fresh Juices,10
2026-03-18,76,2,0,VM-105,prod-8,Mango Passion Kombucha,Fresh Juices,8
2026-03-18,76,2,0,VM-106,prod-1,Nitro Cold Brew,Coffee & Tea,29
2026-03-18,76,2,0,VM-106,prod-2,Matcha Green Tea Latte,Coffee & Tea,11
2026-03-18,76,2,0,VM-106,prod-3,Electrolyte Spark Hydration,Hydration,9
2026-03-18,76,2,0,VM-106,prod-4,Dark Chocolate Almond Bar,Snacks,27
2026-03-18,76,2,0,VM-106,prod-5,Dragonfruit Sparkling Water,Hydration,16
2026-03-18,76,2,0,VM-106,prod-6,Organic Protein Crunch Bar,Snacks,13
2026-03-18,76,2,0,VM-106,prod-7,Detox Green Juice,Fresh Juices,10
2026-03-18,76,2,0,VM-106,prod-8,Mango Passion Kombucha,Fresh Juices,20
2026-03-18,76,2,0,VM-107,prod-1,Nitro Cold Brew,Coffee & Tea,17
2026-03-18,76,2,0,VM-107,prod-2,Matcha Green Tea Latte,Coffee & Tea,6
2026-03-18,76,2,0,VM-107,prod-3,Electrolyte Spark Hydration,Hydration,11
2026-03-18,76,2,0,VM-107,prod-4,Dark Chocolate Almond Bar,Snacks,19
2026-03-18,76,2,0,VM-107,prod-5,Dragonfruit Sparkling Water,Hydration,13
2026-03-18,76,2,0,VM-107,prod-6,Organic Protein Crunch Bar,Snacks,11
2026-03-18,76,2,0,VM-107,prod-7,Detox Green Juice,Fresh Juices,6
2026-03-18,76,2,0,VM-107,prod-8,Mango Passion Kombucha,Fresh Juices,7
2026-03-18,76,2,0,VM-108,prod-1,Nitro Cold Brew,Coffee & Tea,23
2026-03-18,76,2,0,VM-108,prod-2,Matcha Green Tea Latte,Coffee & Tea,18
2026-03-18,76,2,0,VM-108,prod-3,Electrolyte Spark Hydration,Hydration,18
2026-03-18,76,2,0,VM-108,prod-4,Dark Chocolate Almond Bar,Snacks,30
2026-03-18,76,2,0,VM-108,prod-5,Dragonfruit Sparkling Water,Hydration,16
2026-03-18,76,2,0,VM-108,prod-6,Organic Protein Crunch Bar,Snacks,11
2026-03-18,76,2,0,VM-108,prod-7,Detox Green Juice,Fresh Juices,6
2026-03-18,76,2,0,VM-108,prod-8,Mango Passion Kombucha,Fresh Juices,20
2026-03-18,76,2,0,VM-109,prod-1,Nitro Cold Brew,Coffee & Tea,11
2026-03-18,76,2,0,VM-109,prod-2,Matcha Green Tea Latte,Coffee & Tea,14
2026-03-18,76,2,0,VM-109,prod-3,Electrolyte Spark Hydration,Hydration,8
2026-03-18,76,2,0,VM-109,prod-4,Dark Chocolate Almond Bar,Snacks,29
2026-03-18,76,2,0,VM-109,prod-5,Dragonfruit Sparkling Water,Hydration,12
2026-03-18,76,2,0,VM-109,prod-6,Organic Protein Crunch Bar,Snacks,19
2026-03-18,76,2,0,VM-109,prod-7,Detox Green Juice,Fresh Juices,13
2026-03-18,76,2,0,VM-109,prod-8,Mango Passion Kombucha,Fresh Juices,10
2026-03-18,76,2,0,VM-110,prod-1,Nitro Cold Brew,Coffee & Tea,11
2026-03-18,76,2,0,VM-110,prod-2,Matcha Green Tea Latte,Coffee & Tea,16
2026-03-18,76,2,0,VM-110,prod-3,Electrolyte Spark Hydration,Hydration,7
2026-03-18,76,2,0,VM-110,prod-4,Dark Chocolate Almond Bar,Snacks,25
2026-03-18,76,2,0,VM-110,prod-5,Dragonfruit Sparkling Water,Hydration,6
2026-03-18,76,2,0,VM-110,prod-6,Organic Protein Crunch Bar,Snacks,21
2026-03-18,76,2,0,VM-110,prod-7,Detox Green Juice,Fresh Juices,13
2026-03-18,76,2,0,VM-110,prod-8,Mango Passion Kombucha,Fresh Juices,12
2026-03-19,77,3,0,VM-101,prod-1,Nitro Cold Brew,Coffee & Tea,23
2026-03-19,77,3,0,VM-101,prod-2,Matcha Green Tea Latte,Coffee & Tea,22
2026-03-19,77,3,0,VM-101,prod-3,Electrolyte Spark Hydration,Hydration,6
2026-03-19,77,3,0,VM-101,prod-4,Dark Chocolate Almond Bar,Snacks,15
2026-03-19,77,3,0,VM-101,prod-5,Dragonfruit Sparkling Water,Hydration,12
2026-03-19,77,3,0,VM-101,prod-6,Organic Protein Crunch Bar,Snacks,14
2026-03-19,77,3,0,VM-101,prod-7,Detox Green Juice,Fresh Juices,14
2026-03-19,77,3,0,VM-101,prod-8,Mango Passion Kombucha,Fresh Juices,8
2026-03-19,77,3,0,VM-102,prod-1,Nitro Cold Brew,Coffee & Tea,20
2026-03-19,77,3,0,VM-102,prod-2,Matcha Green Tea Latte,Coffee & Tea,21
2026-03-19,77,3,0,VM-102,prod-3,Electrolyte Spark Hydration,Hydration,17
2026-03-19,77,3,0,VM-102,prod-4,Dark Chocolate Almond Bar,Snacks,24
2026-03-19,77,3,0,VM-102,prod-5,Dragonfruit Sparkling Water,Hydration,14
2026-03-19,77,3,0,VM-102,prod-6,Organic Protein Crunch Bar,Snacks,18
2026-03-19,77,3,0,VM-102,prod-7,Detox Green Juice,Fresh Juices,9
2026-03-19,77,3,0,VM-102,prod-8,Mango Passion Kombucha,Fresh Juices,15
2026-03-19,77,3,0,VM-103,prod-1,Nitro Cold Brew,Coffee & Tea,19
2026-03-19,77,3,0,VM-103,prod-2,Matcha Green Tea Latte,Coffee & Tea,28
2026-03-19,77,3,0,VM-103,prod-3,Electrolyte Spark Hydration,Hydration,10
2026-03-19,77,3,0,VM-103,prod-4,Dark Chocolate Almond Bar,Snacks,25
2026-03-19,77,3,0,VM-103,prod-5,Dragonfruit Sparkling Water,Hydration,11
2026-03-19,77,3,0,VM-103,prod-6,Organic Protein Crunch Bar,Snacks,19
2026-03-19,77,3,0,VM-103,prod-7,Detox Green Juice,Fresh Juices,8
2026-03-19,77,3,0,VM-103,prod-8,Mango Passion Kombucha,Fresh Juices,18
2026-03-19,77,3,0,VM-104,prod-1,Nitro Cold Brew,Coffee & Tea,16
2026-03-19,77,3,0,VM-104,prod-2,Matcha Green Tea Latte,Coffee & Tea,26
2026-03-19,77,3,0,VM-104,prod-3,Electrolyte Spark Hydration,Hydration,21
2026-03-19,77,3,0,VM-104,prod-4,Dark Chocolate Almond Bar,Snacks,26
2026-03-19,77,3,0,VM-104,prod-5,Dragonfruit Sparkling Water,Hydration,5
2026-03-19,77,3,0,VM-104,prod-6,Organic Protein Crunch Bar,Snacks,10
2026-03-19,77,3,0,VM-104,prod-7,Detox Green Juice,Fresh Juices,6
2026-03-19,77,3,0,VM-104,prod-8,Mango Passion Kombucha,Fresh Juices,19
2026-03-19,77,3,0,VM-105,prod-1,Nitro Cold Brew,Coffee & Tea,19
2026-03-19,77,3,0,VM-105,prod-2,Matcha Green Tea Latte,Coffee & Tea,14
2026-03-19,77,3,0,VM-105,prod-3,Electrolyte Spark Hydration,Hydration,15
2026-03-19,77,3,0,VM-105,prod-4,Dark Chocolate Almond Bar,Snacks,22
2026-03-19,77,3,0,VM-105,prod-5,Dragonfruit Sparkling Water,Hydration,9
2026-03-19,77,3,0,VM-105,prod-6,Organic Protein Crunch Bar,Snacks,21
2026-03-19,77,3,0,VM-105,prod-7,Detox Green Juice,Fresh Juices,12
2026-03-19,77,3,0,VM-105,prod-8,Mango Passion Kombucha,Fresh Juices,10
2026-03-19,77,3,0,VM-106,prod-1,Nitro Cold Brew,Coffee & Tea,24
2026-03-19,77,3,0,VM-106,prod-2,Matcha Green Tea Latte,Coffee & Tea,13
2026-03-19,77,3,0,VM-106,prod-3,Electrolyte Spark Hydration,Hydration,9
2026-03-19,77,3,0,VM-106,prod-4,Dark Chocolate Almond Bar,Snacks,21
2026-03-19,77,3,0,VM-106,prod-5,Dragonfruit Sparkling Water,Hydration,14
2026-03-19,77,3,0,VM-106,prod-6,Organic Protein Crunch Bar,Snacks,13
2026-03-19,77,3,0,VM-106,prod-7,Detox Green Juice,Fresh Juices,16
2026-03-19,77,3,0,VM-106,prod-8,Mango Passion Kombucha,Fresh Juices,18
2026-03-19,77,3,0,VM-107,prod-1,Nitro Cold Brew,Coffee & Tea,23
2026-03-19,77,3,0,VM-107,prod-2,Matcha Green Tea Latte,Coffee & Tea,6
2026-03-19,77,3,0,VM-107,prod-3,Electrolyte Spark Hydration,Hydration,8
2026-03-19,77,3,0,VM-107,prod-4,Dark Chocolate Almond Bar,Snacks,18
2026-03-19,77,3,0,VM-107,prod-5,Dragonfruit Sparkling Water,Hydration,14
2026-03-19,77,3,0,VM-107,prod-6,Organic Protein Crunch Bar,Snacks,17
2026-03-19,77,3,0,VM-107,prod-7,Detox Green Juice,Fresh Juices,5
2026-03-19,77,3,0,VM-107,prod-8,Mango Passion Kombucha,Fresh Juices,9
2026-03-19,77,3,0,VM-108,prod-1,Nitro Cold Brew,Coffee & Tea,29
2026-03-19,77,3,0,VM-108,prod-2,Matcha Green Tea Latte,Coffee & Tea,19
2026-03-19,77,3,0,VM-108,prod-3,Electrolyte Spark Hydration,Hydration,13
2026-03-19,77,3,0,VM-108,prod-4,Dark Chocolate Almond Bar,Snacks,28
2026-03-19,77,3,0,VM-108,prod-5,Dragonfruit Sparkling Water,Hydration,17
2026-03-19,77,3,0,VM-108,prod-6,Organic Protein Crunch Bar,Snacks,11
2026-03-19,77,3,0,VM-108,prod-7,Detox Green Juice,Fresh Juices,7
2026-03-19,77,3,0,VM-108,prod-8,Mango Passion Kombucha,Fresh Juices,21
2026-03-19,77,3,0,VM-109,prod-1,Nitro Cold Brew,Coffee & Tea,11
2026-03-19,77,3,0,VM-109,prod-2,Matcha Green Tea Latte,Coffee & Tea,15
2026-03-19,77,3,0,VM-109,prod-3,Electrolyte Spark Hydration,Hydration,6
2026-03-19,77,3,0,VM-109,prod-4,Dark Chocolate Almond Bar,Snacks,25
2026-03-19,77,3,0,VM-109,prod-5,Dragonfruit Sparkling Water,Hydration,18
2026-03-19,77,3,0,VM-109,prod-6,Organic Protein Crunch Bar,Snacks,15
2026-03-19,77,3,0,VM-109,prod-7,Detox Green Juice,Fresh Juices,11
2026-03-19,77,3,0,VM-109,prod-8,Mango Passion Kombucha,Fresh Juices,15
2026-03-19,77,3,0,VM-110,prod-1,Nitro Cold Brew,Coffee & Tea,9
2026-03-19,77,3,0,VM-110,prod-2,Matcha Green Tea Latte,Coffee & Tea,16
2026-03-19,77,3,0,VM-110,prod-3,Electrolyte Spark Hydration,Hydration,8
2026-03-19,77,3,0,VM-110,prod-4,Dark Chocolate Almond Bar,Snacks,21
2026-03-19,77,3,0,VM-110,prod-5,Dragonfruit Sparkling Water,Hydration,5
2026-03-19,77,3,0,VM-110,prod-6,Organic Protein Crunch Bar,Snacks,17
2026-03-19,77,3,0,VM-110,prod-7,Detox Green Juice,Fresh Juices,16
2026-03-19,77,3,0,VM-110,prod-8,Mango Passion Kombucha,Fresh Juices,15
2026-03-20,78,4,0,VM-101,prod-1,Nitro Cold Brew,Coffee & Tea,23
2026-03-20,78,4,0,VM-101,prod-2,Matcha Green Tea Latte,Coffee & Tea,26
2026-03-20,78,4,0,VM-101,prod-3,Electrolyte Spark Hydration,Hydration,10
2026-03-20,78,4,0,VM-101,prod-4,Dark Chocolate Almond Bar,Snacks,26
2026-03-20,78,4,0,VM-101,prod-5,Dragonfruit Sparkling Water,Hydration,16
2026-03-20,78,4,0,VM-101,prod-6,Organic Protein Crunch Bar,Snacks,10
2026-03-20,78,4,0,VM-101,prod-7,Detox Green Juice,Fresh Juices,13
2026-03-20,78,4,0,VM-101,prod-8,Mango Passion Kombucha,Fresh Juices,10
2026-03-20,78,4,0,VM-102,prod-1,Nitro Cold Brew,Coffee & Tea,25
2026-03-20,78,4,0,VM-102,prod-2,Matcha Green Tea Latte,Coffee & Tea,21
2026-03-20,78,4,0,VM-102,prod-3,Electrolyte Spark Hydration,Hydration,23
2026-03-20,78,4,0,VM-102,prod-4,Dark Chocolate Almond Bar,Snacks,33
2026-03-20,78,4,0,VM-102,prod-5,Dragonfruit Sparkling Water,Hydration,20
2026-03-20,78,4,0,VM-102,prod-6,Organic Protein Crunch Bar,Snacks,23
2026-03-20,78,4,0,VM-102,prod-7,Detox Green Juice,Fresh Juices,14
2026-03-20,78,4,0,VM-102,prod-8,Mango Passion Kombucha,Fresh Juices,22
2026-03-20,78,4,0,VM-103,prod-1,Nitro Cold Brew,Coffee & Tea,28
2026-03-20,78,4,0,VM-103,prod-2,Matcha Green Tea Latte,Coffee & Tea,38
2026-03-20,78,4,0,VM-103,prod-3,Electrolyte Spark Hydration,Hydration,18
2026-03-20,78,4,0,VM-103,prod-4,Dark Chocolate Almond Bar,Snacks,31
2026-03-20,78,4,0,VM-103,prod-5,Dragonfruit Sparkling Water,Hydration,11
2026-03-20,78,4,0,VM-103,prod-6,Organic Protein Crunch Bar,Snacks,20
2026-03-20,78,4,0,VM-103,prod-7,Detox Green Juice,Fresh Juices,15
2026-03-20,78,4,0,VM-103,prod-8,Mango Passion Kombucha,Fresh Juices,23
2026-03-20,78,4,0,VM-104,prod-1,Nitro Cold Brew,Coffee & Tea,22
2026-03-20,78,4,0,VM-104,prod-2,Matcha Green Tea Latte,Coffee & Tea,23
2026-03-20,78,4,0,VM-104,prod-3,Electrolyte Spark Hydration,Hydration,30
2026-03-20,78,4,0,VM-104,prod-4,Dark Chocolate Almond Bar,Snacks,36
2026-03-20,78,4,0,VM-104,prod-5,Dragonfruit Sparkling Water,Hydration,4
2026-03-20,78,4,0,VM-104,prod-6,Organic Protein Crunch Bar,Snacks,11
2026-03-20,78,4,0,VM-104,prod-7,Detox Green Juice,Fresh Juices,7
2026-03-20,78,4,0,VM-104,prod-8,Mango Passion Kombucha,Fresh Juices,20
2026-03-20,78,4,0,VM-105,prod-1,Nitro Cold Brew,Coffee & Tea,17
2026-03-20,78,4,0,VM-105,prod-2,Matcha Green Tea Latte,Coffee & Tea,18
2026-03-20,78,4,0,VM-105,prod-3,Electrolyte Spark Hydration,Hydration,14
2026-03-20,78,4,0,VM-105,prod-4,Dark Chocolate Almond Bar,Snacks,24
2026-03-20,78,4,0,VM-105,prod-5,Dragonfruit Sparkling Water,Hydration,11
2026-03-20,78,4,0,VM-105,prod-6,Organic Protein Crunch Bar,Snacks,21
2026-03-20,78,4,0,VM-105,prod-7,Detox Green Juice,Fresh Juices,13
2026-03-20,78,4,0,VM-105,prod-8,Mango Passion Kombucha,Fresh Juices,11
2026-03-20,78,4,0,VM-106,prod-1,Nitro Cold Brew,Coffee & Tea,30
2026-03-20,78,4,0,VM-106,prod-2,Matcha Green Tea Latte,Coffee & Tea,14
2026-03-20,78,4,0,VM-106,prod-3,Electrolyte Spark Hydration,Hydration,13
2026-03-20,78,4,0,VM-106,prod-4,Dark Chocolate Almond Bar,Snacks,40
2026-03-20,78,4,0,VM-106,prod-5,Dragonfruit Sparkling Water,Hydration,19
2026-03-20,78,4,0,VM-106,prod-6,Organic Protein Crunch Bar,Snacks,16
2026-03-20,78,4,0,VM-106,prod-7,Detox Green Juice,Fresh Juices,16
2026-03-20,78,4,0,VM-106,prod-8,Mango Passion Kombucha,Fresh Juices,23
2026-03-20,78,4,0,VM-107,prod-1,Nitro Cold Brew,Coffee & Tea,25
2026-03-20,78,4,0,VM-107,prod-2,Matcha Green Tea Latte,Coffee & Tea,9
2026-03-20,78,4,0,VM-107,prod-3,Electrolyte Spark Hydration,Hydration,8
2026-03-20,78,4,0,VM-107,prod-4,Dark Chocolate Almond Bar,Snacks,24
2026-03-20,78,4,0,VM-107,prod-5,Dragonfruit Sparkling Water,Hydration,18
2026-03-20,78,4,0,VM-107,prod-6,Organic Protein Crunch Bar,Snacks,19
2026-03-20,78,4,0,VM-107,prod-7,Detox Green Juice,Fresh Juices,4
2026-03-20,78,4,0,VM-107,prod-8,Mango Passion Kombucha,Fresh Juices,15
2026-03-20,78,4,0,VM-108,prod-1,Nitro Cold Brew,Coffee & Tea,37
2026-03-20,78,4,0,VM-108,prod-2,Matcha Green Tea Latte,Coffee & Tea,23
2026-03-20,78,4,0,VM-108,prod-3,Electrolyte Spark Hydration,Hydration,16
2026-03-20,78,4,0,VM-108,prod-4,Dark Chocolate Almond Bar,Snacks,31
2026-03-20,78,4,0,VM-108,prod-5,Dragonfruit Sparkling Water,Hydration,25
2026-03-20,78,4,0,VM-108,prod-6,Organic Protein Crunch Bar,Snacks,14
2026-03-20,78,4,0,VM-108,prod-7,Detox Green Juice,Fresh Juices,8
2026-03-20,78,4,0,VM-108,prod-8,Mango Passion Kombucha,Fresh Juices,28
2026-03-20,78,4,0,VM-109,prod-1,Nitro Cold Brew,Coffee & Tea,12
2026-03-20,78,4,0,VM-109,prod-2,Matcha Green Tea Latte,Coffee & Tea,19
2026-03-20,78,4,0,VM-109,prod-3,Electrolyte Spark Hydration,Hydration,11
2026-03-20,78,4,0,VM-109,prod-4,Dark Chocolate Almond Bar,Snacks,32
2026-03-20,78,4,0,VM-109,prod-5,Dragonfruit Sparkling Water,Hydration,14
2026-03-20,78,4,0,VM-109,prod-6,Organic Protein Crunch Bar,Snacks,13
2026-03-20,78,4,0,VM-109,prod-7,Detox Green Juice,Fresh Juices,13
2026-03-20,78,4,0,VM-109,prod-8,Mango Passion Kombucha,Fresh Juices,13
2026-03-20,78,4,0,VM-110,prod-1,Nitro Cold Brew,Coffee & Tea,16
2026-03-20,78,4,0,VM-110,prod-2,Matcha Green Tea Latte,Coffee & Tea,20
2026-03-20,78,4,0,VM-110,prod-3,Electrolyte Spark Hydration,Hydration,6
2026-03-20,78,4,0,VM-110,prod-4,Dark Chocolate Almond Bar,Snacks,32
2026-03-20,78,4,0,VM-110,prod-5,Dragonfruit Sparkling Water,Hydration,10
2026-03-20,78,4,0,VM-110,prod-6,Organic Protein Crunch Bar,Snacks,29
2026-03-20,78,4,0,VM-110,prod-7,Detox Green Juice,Fresh Juices,12
2026-03-20,78,4,0,VM-110,prod-8,Mango Passion Kombucha,Fresh Juices,15
2026-03-21,79,5,1,VM-101,prod-1,Nitro Cold Brew,Coffee & Tea,21
2026-03-21,79,5,1,VM-101,prod-2,Matcha Green Tea Latte,Coffee & Tea,28
2026-03-21,79,5,1,VM-101,prod-3,Electrolyte Spark Hydration,Hydration,10
2026-03-21,79,5,1,VM-101,prod-4,Dark Chocolate Almond Bar,Snacks,19
2026-03-21,79,5,1,VM-101,prod-5,Dragonfruit Sparkling Water,Hydration,16
2026-03-21,79,5,1,VM-101,prod-6,Organic Protein Crunch Bar,Snacks,15
2026-03-21,79,5,1,VM-101,prod-7,Detox Green Juice,Fresh Juices,10
2026-03-21,79,5,1,VM-101,prod-8,Mango Passion Kombucha,Fresh Juices,11
2026-03-21,79,5,1,VM-102,prod-1,Nitro Cold Brew,Coffee & Tea,26
2026-03-21,79,5,1,VM-102,prod-2,Matcha Green Tea Latte,Coffee & Tea,25
2026-03-21,79,5,1,VM-102,prod-3,Electrolyte Spark Hydration,Hydration,17
2026-03-21,79,5,1,VM-102,prod-4,Dark Chocolate Almond Bar,Snacks,26
2026-03-21,79,5,1,VM-102,prod-5,Dragonfruit Sparkling Water,Hydration,17
2026-03-21,79,5,1,VM-102,prod-6,Organic Protein Crunch Bar,Snacks,17
2026-03-21,79,5,1,VM-102,prod-7,Detox Green Juice,Fresh Juices,11
2026-03-21,79,5,1,VM-102,prod-8,Mango Passion Kombucha,Fresh Juices,26
2026-03-21,79,5,1,VM-103,prod-1,Nitro Cold Brew,Coffee & Tea,23
2026-03-21,79,5,1,VM-103,prod-2,Matcha Green Tea Latte,Coffee & Tea,40
2026-03-21,79,5,1,VM-103,prod-3,Electrolyte Spark Hydration,Hydration,13
2026-03-21,79,5,1,VM-103,prod-4,Dark Chocolate Almond Bar,Snacks,33
2026-03-21,79,5,1,VM-103,prod-5,Dragonfruit Sparkling Water,Hydration,12
2026-03-21,79,5,1,VM-103,prod-6,Organic Protein Crunch Bar,Snacks,23
2026-03-21,79,5,1,VM-103,prod-7,Detox Green Juice,Fresh Juices,12
2026-03-21,79,5,1,VM-103,prod-8,Mango Passion Kombucha,Fresh Juices,23
2026-03-21,79,5,1,VM-104,prod-1,Nitro Cold Brew,Coffee & Tea,20
2026-03-21,79,5,1,VM-104,prod-2,Matcha Green Tea Latte,Coffee & Tea,28
2026-03-21,79,5,1,VM-104,prod-3,Electrolyte Spark Hydration,Hydration,30
2026-03-21,79,5,1,VM-104,prod-4,Dark Chocolate Almond Bar,Snacks,30
2026-03-21,79,5,1,VM-104,prod-5,Dragonfruit Sparkling Water,Hydration,6
2026-03-21,79,5,1,VM-104,prod-6,Organic Protein Crunch Bar,Snacks,11
2026-03-21,79,5,1,VM-104,prod-7,Detox Green Juice,Fresh Juices,10
2026-03-21,79,5,1,VM-104,prod-8,Mango Passion Kombucha,Fresh Juices,15
2026-03-21,79,5,1,VM-105,prod-1,Nitro Cold Brew,Coffee & Tea,15
2026-03-21,79,5,1,VM-105,prod-2,Matcha Green Tea Latte,Coffee & Tea,18
2026-03-21,79,5,1,VM-105,prod-3,Electrolyte Spark Hydration,Hydration,17
2026-03-21,79,5,1,VM-105,prod-4,Dark Chocolate Almond Bar,Snacks,27
2026-03-21,79,5,1,VM-105,prod-5,Dragonfruit Sparkling Water,Hydration,10
2026-03-21,79,5,1,VM-105,prod-6,Organic Protein Crunch Bar,Snacks,28
2026-03-21,79,5,1,VM-105,prod-7,Detox Green Juice,Fresh Juices,15
2026-03-21,79,5,1,VM-105,prod-8,Mango Passion Kombucha,Fresh Juices,9
2026-03-21,79,5,1,VM-106,prod-1,Nitro Cold Brew,Coffee & Tea,29
2026-03-21,79,5,1,VM-106,prod-2,Matcha Green Tea Latte,Coffee & Tea,13
2026-03-21,79,5,1,VM-106,prod-3,Electrolyte Spark Hydration,Hydration,14
2026-03-21,79,5,1,VM-106,prod-4,Dark Chocolate Almond Bar,Snacks,47
2026-03-21,79,5,1,VM-106,prod-5,Dragonfruit Sparkling Water,Hydration,19
2026-03-21,79,5,1,VM-106,prod-6,Organic Protein Crunch Bar,Snacks,13
2026-03-21,79,5,1,VM-106,prod-7,Detox Green Juice,Fresh Juices,18
2026-03-21,79,5,1,VM-106,prod-8,Mango Passion Kombucha,Fresh Juices,28
2026-03-21,79,5,1,VM-107,prod-1,Nitro Cold Brew,Coffee & Tea,25
2026-03-21,79,5,1,VM-107,prod-2,Matcha Green Tea Latte,Coffee & Tea,8
2026-03-21,79,5,1,VM-107,prod-3,Electrolyte Spark Hydration,Hydration,12
2026-03-21,79,5,1,VM-107,prod-4,Dark Chocolate Almond Bar,Snacks,27
2026-03-21,79,5,1,VM-107,prod-5,Dragonfruit Sparkling Water,Hydration,15
2026-03-21,79,5,1,VM-107,prod-6,Organic Protein Crunch Bar,Snacks,23
2026-03-21,79,5,1,VM-107,prod-7,Detox Green Juice,Fresh Juices,7
2026-03-21,79,5,1,VM-107,prod-8,Mango Passion Kombucha,Fresh Juices,15
2026-03-21,79,5,1,VM-108,prod-1,Nitro Cold Brew,Coffee & Tea,36
2026-03-21,79,5,1,VM-108,prod-2,Matcha Green Tea Latte,Coffee & Tea,24
2026-03-21,79,5,1,VM-108,prod-3,Electrolyte Spark Hydration,Hydration,23
2026-03-21,79,5,1,VM-108,prod-4,Dark Chocolate Almond Bar,Snacks,30
2026-03-21,79,5,1,VM-108,prod-5,Dragonfruit Sparkling Water,Hydration,24
2026-03-21,79,5,1,VM-108,prod-6,Organic Protein Crunch Bar,Snacks,12
2026-03-21,79,5,1,VM-108,prod-7,Detox Green Juice,Fresh Juices,10
2026-03-21,79,5,1,VM-108,prod-8,Mango Passion Kombucha,Fresh Juices,26
2026-03-21,79,5,1,VM-109,prod-1,Nitro Cold Brew,Coffee & Tea,18
2026-03-21,79,5,1,VM-109,prod-2,Matcha Green Tea Latte,Coffee & Tea,17
2026-03-21,79,5,1,VM-109,prod-3,Electrolyte Spark Hydration,Hydration,8
2026-03-21,79,5,1,VM-109,prod-4,Dark Chocolate Almond Bar,Snacks,44
2026-03-21,79,5,1,VM-109,prod-5,Dragonfruit Sparkling Water,Hydration,20
2026-03-21,79,5,1,VM-109,prod-6,Organic Protein Crunch Bar,Snacks,26
2026-03-21,79,5,1,VM-109,prod-7,Detox Green Juice,Fresh Juices,15
2026-03-21,79,5,1,VM-109,prod-8,Mango Passion Kombucha,Fresh Juices,16
2026-03-21,79,5,1,VM-110,prod-1,Nitro Cold Brew,Coffee & Tea,17
2026-03-21,79,5,1,VM-110,prod-2,Matcha Green Tea Latte,Coffee & Tea,19
2026-03-21,79,5,1,VM-110,prod-3,Electrolyte Spark Hydration,Hydration,10
2026-03-21,79,5,1,VM-110,prod-4,Dark Chocolate Almond Bar,Snacks,35
2026-03-21,79,5,1,VM-110,prod-5,Dragonfruit Sparkling Water,Hydration,6
2026-03-21,79,5,1,VM-110,prod-6,Organic Protein Crunch Bar,Snacks,30
2026-03-21,79,5,1,VM-110,prod-7,Detox Green Juice,Fresh Juices,17
2026-03-21,79,5,1,VM-110,prod-8,Mango Passion Kombucha,Fresh Juices,16
2026-03-22,80,6,1,VM-101,prod-1,Nitro Cold Brew,Coffee & Tea,21
2026-03-22,80,6,1,VM-101,prod-2,Matcha Green Tea Latte,Coffee & Tea,23
2026-03-22,80,6,1,VM-101,prod-3,Electrolyte Spark Hydration,Hydration,9
2026-03-22,80,6,1,VM-101,prod-4,Dark Chocolate Almond Bar,Snacks,19
2026-03-22,80,6,1,VM-101,prod-5,Dragonfruit Sparkling Water,Hydration,14
2026-03-22,80,6,1,VM-101,prod-6,Organic Protein Crunch Bar,Snacks,14
2026-03-22,80,6,1,VM-101,prod-7,Detox Green Juice,Fresh Juices,13
2026-03-22,80,6,1,VM-101,prod-8,Mango Passion Kombucha,Fresh Juices,8
2026-03-22,80,6,1,VM-102,prod-1,Nitro Cold Brew,Coffee & Tea,25
2026-03-22,80,6,1,VM-102,prod-2,Matcha Green Tea Latte,Coffee & Tea,20
2026-03-22,80,6,1,VM-102,prod-3,Electrolyte Spark Hydration,Hydration,22
2026-03-22,80,6,1,VM-102,prod-4,Dark Chocolate Almond Bar,Snacks,30
2026-03-22,80,6,1,VM-102,prod-5,Dragonfruit Sparkling Water,Hydration,16
2026-03-22,80,6,1,VM-102,prod-6,Organic Protein Crunch Bar,Snacks,20
2026-03-22,80,6,1,VM-102,prod-7,Detox Green Juice,Fresh Juices,10
2026-03-22,80,6,1,VM-102,prod-8,Mango Passion Kombucha,Fresh Juices,21
2026-03-22,80,6,1,VM-103,prod-1,Nitro Cold Brew,Coffee & Tea,20
2026-03-22,80,6,1,VM-103,prod-2,Matcha Green Tea Latte,Coffee & Tea,28
2026-03-22,80,6,1,VM-103,prod-3,Electrolyte Spark Hydration,Hydration,12
2026-03-22,80,6,1,VM-103,prod-4,Dark Chocolate Almond Bar,Snacks,21
2026-03-22,80,6,1,VM-103,prod-5,Dragonfruit Sparkling Water,Hydration,8
2026-03-22,80,6,1,VM-103,prod-6,Organic Protein Crunch Bar,Snacks,17
2026-03-22,80,6,1,VM-103,prod-7,Detox Green Juice,Fresh Juices,13
2026-03-22,80,6,1,VM-103,prod-8,Mango Passion Kombucha,Fresh Juices,16
2026-03-22,80,6,1,VM-104,prod-1,Nitro Cold Brew,Coffee & Tea,15
2026-03-22,80,6,1,VM-104,prod-2,Matcha Green Tea Latte,Coffee & Tea,22
2026-03-22,80,6,1,VM-104,prod-3,Electrolyte Spark Hydration,Hydration,25
2026-03-22,80,6,1,VM-104,prod-4,Dark Chocolate Almond Bar,Snacks,31
2026-03-22,80,6,1,VM-104,prod-5,Dragonfruit Sparkling Water,Hydration,5
2026-03-22,80,6,1,VM-104,prod-6,Organic Protein Crunch Bar,Snacks,11
2026-03-22,80,6,1,VM-104,prod-7,Detox Green Juice,Fresh Juices,9
2026-03-22,80,6,1,VM-104,prod-8,Mango Passion Kombucha,Fresh Juices,17
2026-03-22,80,6,1,VM-105,prod-1,Nitro Cold Brew,Coffee & Tea,17
2026-03-22,80,6,1,VM-105,prod-2,Matcha Green Tea Latte,Coffee & Tea,11
2026-03-22,80,6,1,VM-105,prod-3,Electrolyte Spark Hydration,Hydration,12
2026-03-22,80,6,1,VM-105,prod-4,Dark Chocolate Almond Bar,Snacks,31
2026-03-22,80,6,1,VM-105,prod-5,Dragonfruit Sparkling Water,Hydration,10
2026-03-22,80,6,1,VM-105,prod-6,Organic Protein Crunch Bar,Snacks,28
2026-03-22,80,6,1,VM-105,prod-7,Detox Green Juice,Fresh Juices,11
2026-03-22,80,6,1,VM-105,prod-8,Mango Passion Kombucha,Fresh Juices,13
2026-03-22,80,6,1,VM-106,prod-1,Nitro Cold Brew,Coffee & Tea,27
2026-03-22,80,6,1,VM-106,prod-2,Matcha Green Tea Latte,Coffee & Tea,14
2026-03-22,80,6,1,VM-106,prod-3,Electrolyte Spark Hydration,Hydration,11
2026-03-22,80,6,1,VM-106,prod-4,Dark Chocolate Almond Bar,Snacks,32
2026-03-22,80,6,1,VM-106,prod-5,Dragonfruit Sparkling Water,Hydration,20
2026-03-22,80,6,1,VM-106,prod-6,Organic Protein Crunch Bar,Snacks,13
2026-03-22,80,6,1,VM-106,prod-7,Detox Green Juice,Fresh Juices,15
2026-03-22,80,6,1,VM-106,prod-8,Mango Passion Kombucha,Fresh Juices,23
2026-03-22,80,6,1,VM-107,prod-1,Nitro Cold Brew,Coffee & Tea,20
2026-03-22,80,6,1,VM-107,prod-2,Matcha Green Tea Latte,Coffee & Tea,6
2026-03-22,80,6,1,VM-107,prod-3,Electrolyte Spark Hydration,Hydration,12
2026-03-22,80,6,1,VM-107,prod-4,Dark Chocolate Almond Bar,Snacks,19
2026-03-22,80,6,1,VM-107,prod-5,Dragonfruit Sparkling Water,Hydration,16
2026-03-22,80,6,1,VM-107,prod-6,Organic Protein Crunch Bar,Snacks,22
2026-03-22,80,6,1,VM-107,prod-7,Detox Green Juice,Fresh Juices,4
2026-03-22,80,6,1,VM-107,prod-8,Mango Passion Kombucha,Fresh Juices,9
2026-03-22,80,6,1,VM-108,prod-1,Nitro Cold Brew,Coffee & Tea,32
2026-03-22,80,6,1,VM-108,prod-2,Matcha Green Tea Latte,Coffee & Tea,16
2026-03-22,80,6,1,VM-108,prod-3,Electrolyte Spark Hydration,Hydration,16
2026-03-22,80,6,1,VM-108,prod-4,Dark Chocolate Almond Bar,Snacks,33
2026-03-22,80,6,1,VM-108,prod-5,Dragonfruit Sparkling Water,Hydration,18
2026-03-22,80,6,1,VM-108,prod-6,Organic Protein Crunch Bar,Snacks,10
2026-03-22,80,6,1,VM-108,prod-7,Detox Green Juice,Fresh Juices,9
2026-03-22,80,6,1,VM-108,prod-8,Mango Passion Kombucha,Fresh Juices,23
2026-03-22,80,6,1,VM-109,prod-1,Nitro Cold Brew,Coffee & Tea,15
2026-03-22,80,6,1,VM-109,prod-2,Matcha Green Tea Latte,Coffee & Tea,13
2026-03-22,80,6,1,VM-109,prod-3,Electrolyte Spark Hydration,Hydration,7
2026-03-22,80,6,1,VM-109,prod-4,Dark Chocolate Almond Bar,Snacks,32
2026-03-22,80,6,1,VM-109,prod-5,Dragonfruit Sparkling Water,Hydration,14
2026-03-22,80,6,1,VM-109,prod-6,Organic Protein Crunch Bar,Snacks,16
2026-03-22,80,6,1,VM-109,prod-7,Detox Green Juice,Fresh Juices,18
2026-03-22,80,6,1,VM-109,prod-8,Mango Passion Kombucha,Fresh Juices,13
2026-03-22,80,6,1,VM-110,prod-1,Nitro Cold Brew,Coffee & Tea,10
2026-03-22,80,6,1,VM-110,prod-2,Matcha Green Tea Latte,Coffee & Tea,22
2026-03-22,80,6,1,VM-110,prod-3,Electrolyte Spark Hydration,Hydration,6
2026-03-22,80,6,1,VM-110,prod-4,Dark Chocolate Almond Bar,Snacks,27
2026-03-22,80,6,1,VM-110,prod-5,Dragonfruit Sparkling Water,Hydration,6
2026-03-22,80,6,1,VM-110,prod-6,Organic Protein Crunch Bar,Snacks,30
2026-03-22,80,6,1,VM-110,prod-7,Detox Green Juice,Fresh Juices,12
2026-03-22,80,6,1,VM-110,prod-8,Mango Passion Kombucha,Fresh Juices,14
2026-03-23,81,0,0,VM-101,prod-1,Nitro Cold Brew,Coffee & Tea,19
2026-03-23,81,0,0,VM-101,prod-2,Matcha Green Tea Latte,Coffee & Tea,16
2026-03-23,81,0,0,VM-101,prod-3,Electrolyte Spark Hydration,Hydration,5
2026-03-23,81,0,0,VM-101,prod-4,Dark Chocolate Almond Bar,Snacks,10
2026-03-23,81,0,0,VM-101,prod-5,Dragonfruit Sparkling Water,Hydration,10
2026-03-23,81,0,0,VM-101,prod-6,Organic Protein Crunch Bar,Snacks,11
2026-03-23,81,0,0,VM-101,prod-7,Detox Green Juice,Fresh Juices,8
2026-03-23,81,0,0,VM-101,prod-8,Mango Passion Kombucha,Fresh Juices,7
2026-03-23,81,0,0,VM-102,prod-1,Nitro Cold Brew,Coffee & Tea,19
2026-03-23,81,0,0,VM-102,prod-2,Matcha Green Tea Latte,Coffee & Tea,16
2026-03-23,81,0,0,VM-102,prod-3,Electrolyte Spark Hydration,Hydration,11
2026-03-23,81,0,0,VM-102,prod-4,Dark Chocolate Almond Bar,Snacks,24
2026-03-23,81,0,0,VM-102,prod-5,Dragonfruit Sparkling Water,Hydration,15
2026-03-23,81,0,0,VM-102,prod-6,Organic Protein Crunch Bar,Snacks,13
2026-03-23,81,0,0,VM-102,prod-7,Detox Green Juice,Fresh Juices,10
2026-03-23,81,0,0,VM-102,prod-8,Mango Passion Kombucha,Fresh Juices,19
2026-03-23,81,0,0,VM-103,prod-1,Nitro Cold Brew,Coffee & Tea,13
2026-03-23,81,0,0,VM-103,prod-2,Matcha Green Tea Latte,Coffee & Tea,24
2026-03-23,81,0,0,VM-103,prod-3,Electrolyte Spark Hydration,Hydration,6
2026-03-23,81,0,0,VM-103,prod-4,Dark Chocolate Almond Bar,Snacks,27
2026-03-23,81,0,0,VM-103,prod-5,Dragonfruit Sparkling Water,Hydration,8
2026-03-23,81,0,0,VM-103,prod-6,Organic Protein Crunch Bar,Snacks,13
2026-03-23,81,0,0,VM-103,prod-7,Detox Green Juice,Fresh Juices,8
2026-03-23,81,0,0,VM-103,prod-8,Mango Passion Kombucha,Fresh Juices,9
2026-03-23,81,0,0,VM-104,prod-1,Nitro Cold Brew,Coffee & Tea,15
2026-03-23,81,0,0,VM-104,prod-2,Matcha Green Tea Latte,Coffee & Tea,23
2026-03-23,81,0,0,VM-104,prod-3,Electrolyte Spark Hydration,Hydration,16
2026-03-23,81,0,0,VM-104,prod-4,Dark Chocolate Almond Bar,Snacks,23
2026-03-23,81,0,0,VM-104,prod-5,Dragonfruit Sparkling Water,Hydration,2
2026-03-23,81,0,0,VM-104,prod-6,Organic Protein Crunch Bar,Snacks,8
2026-03-23,81,0,0,VM-104,prod-7,Detox Green Juice,Fresh Juices,6
2026-03-23,81,0,0,VM-104,prod-8,Mango Passion Kombucha,Fresh Juices,13
2026-03-23,81,0,0,VM-105,prod-1,Nitro Cold Brew,Coffee & Tea,12
2026-03-23,81,0,0,VM-105,prod-2,Matcha Green Tea Latte,Coffee & Tea,10
2026-03-23,81,0,0,VM-105,prod-3,Electrolyte Spark Hydration,Hydration,10
2026-03-23,81,0,0,VM-105,prod-4,Dark Chocolate Almond Bar,Snacks,16
2026-03-23,81,0,0,VM-105,prod-5,Dragonfruit Sparkling Water,Hydration,6
2026-03-23,81,0,0,VM-105,prod-6,Organic Protein Crunch Bar,Snacks,17
2026-03-23,81,0,0,VM-105,prod-7,Detox Green Juice,Fresh Juices,7
2026-03-23,81,0,0,VM-105,prod-8,Mango Passion Kombucha,Fresh Juices,10
2026-03-23,81,0,0,VM-106,prod-1,Nitro Cold Brew,Coffee & Tea,18
2026-03-23,81,0,0,VM-106,prod-2,Matcha Green Tea Latte,Coffee & Tea,8
2026-03-23,81,0,0,VM-106,prod-3,Electrolyte Spark Hydration,Hydration,7
2026-03-23,81,0,0,VM-106,prod-4,Dark Chocolate Almond Bar,Snacks,27
2026-03-23,81,0,0,VM-106,prod-5,Dragonfruit Sparkling Water,Hydration,13
2026-03-23,81,0,0,VM-106,prod-6,Organic Protein Crunch Bar,Snacks,9
2026-03-23,81,0,0,VM-106,prod-7,Detox Green Juice,Fresh Juices,13
2026-03-23,81,0,0,VM-106,prod-8,Mango Passion Kombucha,Fresh Juices,15
2026-03-23,81,0,0,VM-107,prod-1,Nitro Cold Brew,Coffee & Tea,16
2026-03-23,81,0,0,VM-107,prod-2,Matcha Green Tea Latte,Coffee & Tea,5
2026-03-23,81,0,0,VM-107,prod-3,Electrolyte Spark Hydration,Hydration,6
2026-03-23,81,0,0,VM-107,prod-4,Dark Chocolate Almond Bar,Snacks,16
2026-03-23,81,0,0,VM-107,prod-5,Dragonfruit Sparkling Water,Hydration,10
2026-03-23,81,0,0,VM-107,prod-6,Organic Protein Crunch Bar,Snacks,18
2026-03-23,81,0,0,VM-107,prod-7,Detox Green Juice,Fresh Juices,2
2026-03-23,81,0,0,VM-107,prod-8,Mango Passion Kombucha,Fresh Juices,10
2026-03-23,81,0,0,VM-108,prod-1,Nitro Cold Brew,Coffee & Tea,22
2026-03-23,81,0,0,VM-108,prod-2,Matcha Green Tea Latte,Coffee & Tea,17
2026-03-23,81,0,0,VM-108,prod-3,Electrolyte Spark Hydration,Hydration,14
2026-03-23,81,0,0,VM-108,prod-4,Dark Chocolate Almond Bar,Snacks,21
2026-03-23,81,0,0,VM-108,prod-5,Dragonfruit Sparkling Water,Hydration,16
2026-03-23,81,0,0,VM-108,prod-6,Organic Protein Crunch Bar,Snacks,5
2026-03-23,81,0,0,VM-108,prod-7,Detox Green Juice,Fresh Juices,5
2026-03-23,81,0,0,VM-108,prod-8,Mango Passion Kombucha,Fresh Juices,15
2026-03-23,81,0,0,VM-109,prod-1,Nitro Cold Brew,Coffee & Tea,8
2026-03-23,81,0,0,VM-109,prod-2,Matcha Green Tea Latte,Coffee & Tea,10
2026-03-23,81,0,0,VM-109,prod-3,Electrolyte Spark Hydration,Hydration,7
2026-03-23,81,0,0,VM-109,prod-4,Dark Chocolate Almond Bar,Snacks,25
2026-03-23,81,0,0,VM-109,prod-5,Dragonfruit Sparkling Water,Hydration,11
2026-03-23,81,0,0,VM-109,prod-6,Organic Protein Crunch Bar,Snacks,13
2026-03-23,81,0,0,VM-109,prod-7,Detox Green Juice,Fresh Juices,12
2026-03-23,81,0,0,VM-109,prod-8,Mango Passion Kombucha,Fresh Juices,11
2026-03-23,81,0,0,VM-110,prod-1,Nitro Cold Brew,Coffee & Tea,12
2026-03-23,81,0,0,VM-110,prod-2,Matcha Green Tea Latte,Coffee & Tea,15
2026-03-23,81,0,0,VM-110,prod-3,Electrolyte Spark Hydration,Hydration,5
2026-03-23,81,0,0,VM-110,prod-4,Dark Chocolate Almond Bar,Snacks,19
2026-03-23,81,0,0,VM-110,prod-5,Dragonfruit Sparkling Water,Hydration,5
2026-03-23,81,0,0,VM-110,prod-6,Organic Protein Crunch Bar,Snacks,16
2026-03-23,81,0,0,VM-110,prod-7,Detox Green Juice,Fresh Juices,11
2026-03-23,81,0,0,VM-110,prod-8,Mango Passion Kombucha,Fresh Juices,11
2026-03-24,82,1,0,VM-101,prod-1,Nitro Cold Brew,Coffee & Tea,20
2026-03-24,82,1,0,VM-101,prod-2,Matcha Green Tea Latte,Coffee & Tea,17
2026-03-24,82,1,0,VM-101,prod-3,Electrolyte Spark Hydration,Hydration,6
2026-03-24,82,1,0,VM-101,prod-4,Dark Chocolate Almond Bar,Snacks,16
2026-03-24,82,1,0,VM-101,prod-5,Dragonfruit Sparkling Water,Hydration,12
2026-03-24,82,1,0,VM-101,prod-6,Organic Protein Crunch Bar,Snacks,10
2026-03-24,82,1,0,VM-101,prod-7,Detox Green Juice,Fresh Juices,8
2026-03-24,82,1,0,VM-101,prod-8,Mango Passion Kombucha,Fresh Juices,7
2026-03-24,82,1,0,VM-102,prod-1,Nitro Cold Brew,Coffee & Tea,21
2026-03-24,82,1,0,VM-102,prod-2,Matcha Green Tea Latte,Coffee & Tea,14
2026-03-24,82,1,0,VM-102,prod-3,Electrolyte Spark Hydration,Hydration,14
2026-03-24,82,1,0,VM-102,prod-4,Dark Chocolate Almond Bar,Snacks,22
2026-03-24,82,1,0,VM-102,prod-5,Dragonfruit Sparkling Water,Hydration,16
2026-03-24,82,1,0,VM-102,prod-6,Organic Protein Crunch Bar,Snacks,12
2026-03-24,82,1,0,VM-102,prod-7,Detox Green Juice,Fresh Juices,11
2026-03-24,82,1,0,VM-102,prod-8,Mango Passion Kombucha,Fresh Juices,19
2026-03-24,82,1,0,VM-103,prod-1,Nitro Cold Brew,Coffee & Tea,15
2026-03-24,82,1,0,VM-103,prod-2,Matcha Green Tea Latte,Coffee & Tea,24
2026-03-24,82,1,0,VM-103,prod-3,Electrolyte Spark Hydration,Hydration,11
2026-03-24,82,1,0,VM-103,prod-4,Dark Chocolate Almond Bar,Snacks,28
2026-03-24,82,1,0,VM-103,prod-5,Dragonfruit Sparkling Water,Hydration,6
2026-03-24,82,1,0,VM-103,prod-6,Organic Protein Crunch Bar,Snacks,12
2026-03-24,82,1,0,VM-103,prod-7,Detox Green Juice,Fresh Juices,10
2026-03-24,82,1,0,VM-103,prod-8,Mango Passion Kombucha,Fresh Juices,12
2026-03-24,82,1,0,VM-104,prod-1,Nitro Cold Brew,Coffee & Tea,15
2026-03-24,82,1,0,VM-104,prod-2,Matcha Green Tea Latte,Coffee & Tea,21
2026-03-24,82,1,0,VM-104,prod-3,Electrolyte Spark Hydration,Hydration,24
2026-03-24,82,1,0,VM-104,prod-4,Dark Chocolate Almond Bar,Snacks,23
2026-03-24,82,1,0,VM-104,prod-5,Dragonfruit Sparkling Water,Hydration,6
2026-03-24,82,1,0,VM-104,prod-6,Organic Protein Crunch Bar,Snacks,10
2026-03-24,82,1,0,VM-104,prod-7,Detox Green Juice,Fresh Juices,8
2026-03-24,82,1,0,VM-104,prod-8,Mango Passion Kombucha,Fresh Juices,17
2026-03-24,82,1,0,VM-105,prod-1,Nitro Cold Brew,Coffee & Tea,10
2026-03-24,82,1,0,VM-105,prod-2,Matcha Green Tea Latte,Coffee & Tea,13
2026-03-24,82,1,0,VM-105,prod-3,Electrolyte Spark Hydration,Hydration,12
2026-03-24,82,1,0,VM-105,prod-4,Dark Chocolate Almond Bar,Snacks,22
2026-03-24,82,1,0,VM-105,prod-5,Dragonfruit Sparkling Water,Hydration,10
2026-03-24,82,1,0,VM-105,prod-6,Organic Protein Crunch Bar,Snacks,22
2026-03-24,82,1,0,VM-105,prod-7,Detox Green Juice,Fresh Juices,10
2026-03-24,82,1,0,VM-105,prod-8,Mango Passion Kombucha,Fresh Juices,11
2026-03-24,82,1,0,VM-106,prod-1,Nitro Cold Brew,Coffee & Tea,25
2026-03-24,82,1,0,VM-106,prod-2,Matcha Green Tea Latte,Coffee & Tea,6
2026-03-24,82,1,0,VM-106,prod-3,Electrolyte Spark Hydration,Hydration,8
2026-03-24,82,1,0,VM-106,prod-4,Dark Chocolate Almond Bar,Snacks,28
2026-03-24,82,1,0,VM-106,prod-5,Dragonfruit Sparkling Water,Hydration,12
2026-03-24,82,1,0,VM-106,prod-6,Organic Protein Crunch Bar,Snacks,11
2026-03-24,82,1,0,VM-106,prod-7,Detox Green Juice,Fresh Juices,10
2026-03-24,82,1,0,VM-106,prod-8,Mango Passion Kombucha,Fresh Juices,21
2026-03-24,82,1,0,VM-107,prod-1,Nitro Cold Brew,Coffee & Tea,22
2026-03-24,82,1,0,VM-107,prod-2,Matcha Green Tea Latte,Coffee & Tea,5
2026-03-24,82,1,0,VM-107,prod-3,Electrolyte Spark Hydration,Hydration,8
2026-03-24,82,1,0,VM-107,prod-4,Dark Chocolate Almond Bar,Snacks,15
2026-03-24,82,1,0,VM-107,prod-5,Dragonfruit Sparkling Water,Hydration,14
2026-03-24,82,1,0,VM-107,prod-6,Organic Protein Crunch Bar,Snacks,17
2026-03-24,82,1,0,VM-107,prod-7,Detox Green Juice,Fresh Juices,5
2026-03-24,82,1,0,VM-107,prod-8,Mango Passion Kombucha,Fresh Juices,9
2026-03-24,82,1,0,VM-108,prod-1,Nitro Cold Brew,Coffee & Tea,37
2026-03-24,82,1,0,VM-108,prod-2,Matcha Green Tea Latte,Coffee & Tea,15
2026-03-24,82,1,0,VM-108,prod-3,Electrolyte Spark Hydration,Hydration,10
2026-03-24,82,1,0,VM-108,prod-4,Dark Chocolate Almond Bar,Snacks,24
2026-03-24,82,1,0,VM-108,prod-5,Dragonfruit Sparkling Water,Hydration,12
2026-03-24,82,1,0,VM-108,prod-6,Organic Protein Crunch Bar,Snacks,8
2026-03-24,82,1,0,VM-108,prod-7,Detox Green Juice,Fresh Juices,5
2026-03-24,82,1,0,VM-108,prod-8,Mango Passion Kombucha,Fresh Juices,16
2026-03-24,82,1,0,VM-109,prod-1,Nitro Cold Brew,Coffee & Tea,9
2026-03-24,82,1,0,VM-109,prod-2,Matcha Green Tea Latte,Coffee & Tea,12
2026-03-24,82,1,0,VM-109,prod-3,Electrolyte Spark Hydration,Hydration,6
2026-03-24,82,1,0,VM-109,prod-4,Dark Chocolate Almond Bar,Snacks,25
2026-03-24,82,1,0,VM-109,prod-5,Dragonfruit Sparkling Water,Hydration,13
2026-03-24,82,1,0,VM-109,prod-6,Organic Protein Crunch Bar,Snacks,14
2026-03-24,82,1,0,VM-109,prod-7,Detox Green Juice,Fresh Juices,12
2026-03-24,82,1,0,VM-109,prod-8,Mango Passion Kombucha,Fresh Juices,13
2026-03-24,82,1,0,VM-110,prod-1,Nitro Cold Brew,Coffee & Tea,8
2026-03-24,82,1,0,VM-110,prod-2,Matcha Green Tea Latte,Coffee & Tea,10
2026-03-24,82,1,0,VM-110,prod-3,Electrolyte Spark Hydration,Hydration,6
2026-03-24,82,1,0,VM-110,prod-4,Dark Chocolate Almond Bar,Snacks,26
2026-03-24,82,1,0,VM-110,prod-5,Dragonfruit Sparkling Water,Hydration,9
2026-03-24,82,1,0,VM-110,prod-6,Organic Protein Crunch Bar,Snacks,20
2026-03-24,82,1,0,VM-110,prod-7,Detox Green Juice,Fresh Juices,14
2026-03-24,82,1,0,VM-110,prod-8,Mango Passion Kombucha,Fresh Juices,11
2026-03-25,83,2,0,VM-101,prod-1,Nitro Cold Brew,Coffee & Tea,20
2026-03-25,83,2,0,VM-101,prod-2,Matcha Green Tea Latte,Coffee & Tea,23
2026-03-25,83,2,0,VM-101,prod-3,Electrolyte Spark Hydration,Hydration,4
2026-03-25,83,2,0,VM-101,prod-4,Dark Chocolate Almond Bar,Snacks,17
2026-03-25,83,2,0,VM-101,prod-5,Dragonfruit Sparkling Water,Hydration,17
2026-03-25,83,2,0,VM-101,prod-6,Organic Protein Crunch Bar,Snacks,13
2026-03-25,83,2,0,VM-101,prod-7,Detox Green Juice,Fresh Juices,14
2026-03-25,83,2,0,VM-101,prod-8,Mango Passion Kombucha,Fresh Juices,7
2026-03-25,83,2,0,VM-102,prod-1,Nitro Cold Brew,Coffee & Tea,20
2026-03-25,83,2,0,VM-102,prod-2,Matcha Green Tea Latte,Coffee & Tea,16
2026-03-25,83,2,0,VM-102,prod-3,Electrolyte Spark Hydration,Hydration,10
2026-03-25,83,2,0,VM-102,prod-4,Dark Chocolate Almond Bar,Snacks,18
2026-03-25,83,2,0,VM-102,prod-5,Dragonfruit Sparkling Water,Hydration,13
2026-03-25,83,2,0,VM-102,prod-6,Organic Protein Crunch Bar,Snacks,17
2026-03-25,83,2,0,VM-102,prod-7,Detox Green Juice,Fresh Juices,11
2026-03-25,83,2,0,VM-102,prod-8,Mango Passion Kombucha,Fresh Juices,18
2026-03-25,83,2,0,VM-103,prod-1,Nitro Cold Brew,Coffee & Tea,22
2026-03-25,83,2,0,VM-103,prod-2,Matcha Green Tea Latte,Coffee & Tea,28
2026-03-25,83,2,0,VM-103,prod-3,Electrolyte Spark Hydration,Hydration,12
2026-03-25,83,2,0,VM-103,prod-4,Dark Chocolate Almond Bar,Snacks,30
2026-03-25,83,2,0,VM-103,prod-5,Dragonfruit Sparkling Water,Hydration,9
2026-03-25,83,2,0,VM-103,prod-6,Organic Protein Crunch Bar,Snacks,15
2026-03-25,83,2,0,VM-103,prod-7,Detox Green Juice,Fresh Juices,12
2026-03-25,83,2,0,VM-103,prod-8,Mango Passion Kombucha,Fresh Juices,14
2026-03-25,83,2,0,VM-104,prod-1,Nitro Cold Brew,Coffee & Tea,19
2026-03-25,83,2,0,VM-104,prod-2,Matcha Green Tea Latte,Coffee & Tea,19
2026-03-25,83,2,0,VM-104,prod-3,Electrolyte Spark Hydration,Hydration,17
2026-03-25,83,2,0,VM-104,prod-4,Dark Chocolate Almond Bar,Snacks,28
2026-03-25,83,2,0,VM-104,prod-5,Dragonfruit Sparkling Water,Hydration,5
2026-03-25,83,2,0,VM-104,prod-6,Organic Protein Crunch Bar,Snacks,8
2026-03-25,83,2,0,VM-104,prod-7,Detox Green Juice,Fresh Juices,8
2026-03-25,83,2,0,VM-104,prod-8,Mango Passion Kombucha,Fresh Juices,15
2026-03-25,83,2,0,VM-105,prod-1,Nitro Cold Brew,Coffee & Tea,15
2026-03-25,83,2,0,VM-105,prod-2,Matcha Green Tea Latte,Coffee & Tea,15
2026-03-25,83,2,0,VM-105,prod-3,Electrolyte Spark Hydration,Hydration,13
2026-03-25,83,2,0,VM-105,prod-4,Dark Chocolate Almond Bar,Snacks,29
2026-03-25,83,2,0,VM-105,prod-5,Dragonfruit Sparkling Water,Hydration,8
2026-03-25,83,2,0,VM-105,prod-6,Organic Protein Crunch Bar,Snacks,24
2026-03-25,83,2,0,VM-105,prod-7,Detox Green Juice,Fresh Juices,8
2026-03-25,83,2,0,VM-105,prod-8,Mango Passion Kombucha,Fresh Juices,8
2026-03-25,83,2,0,VM-106,prod-1,Nitro Cold Brew,Coffee & Tea,16
2026-03-25,83,2,0,VM-106,prod-2,Matcha Green Tea Latte,Coffee & Tea,12
2026-03-25,83,2,0,VM-106,prod-3,Electrolyte Spark Hydration,Hydration,8
2026-03-25,83,2,0,VM-106,prod-4,Dark Chocolate Almond Bar,Snacks,25
2026-03-25,83,2,0,VM-106,prod-5,Dragonfruit Sparkling Water,Hydration,13
2026-03-25,83,2,0,VM-106,prod-6,Organic Protein Crunch Bar,Snacks,13
2026-03-25,83,2,0,VM-106,prod-7,Detox Green Juice,Fresh Juices,12
2026-03-25,83,2,0,VM-106,prod-8,Mango Passion Kombucha,Fresh Juices,14
2026-03-25,83,2,0,VM-107,prod-1,Nitro Cold Brew,Coffee & Tea,19
2026-03-25,83,2,0,VM-107,prod-2,Matcha Green Tea Latte,Coffee & Tea,5
2026-03-25,83,2,0,VM-107,prod-3,Electrolyte Spark Hydration,Hydration,7
2026-03-25,83,2,0,VM-107,prod-4,Dark Chocolate Almond Bar,Snacks,12
2026-03-25,83,2,0,VM-107,prod-5,Dragonfruit Sparkling Water,Hydration,10
2026-03-25,83,2,0,VM-107,prod-6,Organic Protein Crunch Bar,Snacks,17
2026-03-25,83,2,0,VM-107,prod-7,Detox Green Juice,Fresh Juices,2
2026-03-25,83,2,0,VM-107,prod-8,Mango Passion Kombucha,Fresh Juices,7
2026-03-25,83,2,0,VM-108,prod-1,Nitro Cold Brew,Coffee & Tea,27
2026-03-25,83,2,0,VM-108,prod-2,Matcha Green Tea Latte,Coffee & Tea,17
2026-03-25,83,2,0,VM-108,prod-3,Electrolyte Spark Hydration,Hydration,19
2026-03-25,83,2,0,VM-108,prod-4,Dark Chocolate Almond Bar,Snacks,35
2026-03-25,83,2,0,VM-108,prod-5,Dragonfruit Sparkling Water,Hydration,14
2026-03-25,83,2,0,VM-108,prod-6,Organic Protein Crunch Bar,Snacks,12
2026-03-25,83,2,0,VM-108,prod-7,Detox Green Juice,Fresh Juices,7
2026-03-25,83,2,0,VM-108,prod-8,Mango Passion Kombucha,Fresh Juices,18
2026-03-25,83,2,0,VM-109,prod-1,Nitro Cold Brew,Coffee & Tea,9
2026-03-25,83,2,0,VM-109,prod-2,Matcha Green Tea Latte,Coffee & Tea,12
2026-03-25,83,2,0,VM-109,prod-3,Electrolyte Spark Hydration,Hydration,7
2026-03-25,83,2,0,VM-109,prod-4,Dark Chocolate Almond Bar,Snacks,25
2026-03-25,83,2,0,VM-109,prod-5,Dragonfruit Sparkling Water,Hydration,13
2026-03-25,83,2,0,VM-109,prod-6,Organic Protein Crunch Bar,Snacks,15
2026-03-25,83,2,0,VM-109,prod-7,Detox Green Juice,Fresh Juices,11
2026-03-25,83,2,0,VM-109,prod-8,Mango Passion Kombucha,Fresh Juices,13
2026-03-25,83,2,0,VM-110,prod-1,Nitro Cold Brew,Coffee & Tea,13
2026-03-25,83,2,0,VM-110,prod-2,Matcha Green Tea Latte,Coffee & Tea,13
2026-03-25,83,2,0,VM-110,prod-3,Electrolyte Spark Hydration,Hydration,7
2026-03-25,83,2,0,VM-110,prod-4,Dark Chocolate Almond Bar,Snacks,19
2026-03-25,83,2,0,VM-110,prod-5,Dragonfruit Sparkling Water,Hydration,7
2026-03-25,83,2,0,VM-110,prod-6,Organic Protein Crunch Bar,Snacks,20
2026-03-25,83,2,0,VM-110,prod-7,Detox Green Juice,Fresh Juices,12
2026-03-25,83,2,0,VM-110,prod-8,Mango Passion Kombucha,Fresh Juices,11
2026-03-26,84,3,0,VM-101,prod-1,Nitro Cold Brew,Coffee & Tea,26
2026-03-26,84,3,0,VM-101,prod-2,Matcha Green Tea Latte,Coffee & Tea,17
2026-03-26,84,3,0,VM-101,prod-3,Electrolyte Spark Hydration,Hydration,9
2026-03-26,84,3,0,VM-101,prod-4,Dark Chocolate Almond Bar,Snacks,18
2026-03-26,84,3,0,VM-101,prod-5,Dragonfruit Sparkling Water,Hydration,14
2026-03-26,84,3,0,VM-101,prod-6,Organic Protein Crunch Bar,Snacks,14
2026-03-26,84,3,0,VM-101,prod-7,Detox Green Juice,Fresh Juices,16
2026-03-26,84,3,0,VM-101,prod-8,Mango Passion Kombucha,Fresh Juices,7
2026-03-26,84,3,0,VM-102,prod-1,Nitro Cold Brew,Coffee & Tea,18
2026-03-26,84,3,0,VM-102,prod-2,Matcha Green Tea Latte,Coffee & Tea,15
2026-03-26,84,3,0,VM-102,prod-3,Electrolyte Spark Hydration,Hydration,16
2026-03-26,84,3,0,VM-102,prod-4,Dark Chocolate Almond Bar,Snacks,17
2026-03-26,84,3,0,VM-102,prod-5,Dragonfruit Sparkling Water,Hydration,17
2026-03-26,84,3,0,VM-102,prod-6,Organic Protein Crunch Bar,Snacks,20
2026-03-26,84,3,0,VM-102,prod-7,Detox Green Juice,Fresh Juices,11
2026-03-26,84,3,0,VM-102,prod-8,Mango Passion Kombucha,Fresh Juices,17
2026-03-26,84,3,0,VM-103,prod-1,Nitro Cold Brew,Coffee & Tea,18
2026-03-26,84,3,0,VM-103,prod-2,Matcha Green Tea Latte,Coffee & Tea,35
2026-03-26,84,3,0,VM-103,prod-3,Electrolyte Spark Hydration,Hydration,9
2026-03-26,84,3,0,VM-103,prod-4,Dark Chocolate Almond Bar,Snacks,41
2026-03-26,84,3,0,VM-103,prod-5,Dragonfruit Sparkling Water,Hydration,12
2026-03-26,84,3,0,VM-103,prod-6,Organic Protein Crunch Bar,Snacks,17
2026-03-26,84,3,0,VM-103,prod-7,Detox Green Juice,Fresh Juices,12
2026-03-26,84,3,0,VM-103,prod-8,Mango Passion Kombucha,Fresh Juices,18
2026-03-26,84,3,0,VM-104,prod-1,Nitro Cold Brew,Coffee & Tea,21
2026-03-26,84,3,0,VM-104,prod-2,Matcha Green Tea Latte,Coffee & Tea,21
2026-03-26,84,3,0,VM-104,prod-3,Electrolyte Spark Hydration,Hydration,20
2026-03-26,84,3,0,VM-104,prod-4,Dark Chocolate Almond Bar,Snacks,21
2026-03-26,84,3,0,VM-104,prod-5,Dragonfruit Sparkling Water,Hydration,5
2026-03-26,84,3,0,VM-104,prod-6,Organic Protein Crunch Bar,Snacks,10
2026-03-26,84,3,0,VM-104,prod-7,Detox Green Juice,Fresh Juices,6
2026-03-26,84,3,0,VM-104,prod-8,Mango Passion Kombucha,Fresh Juices,16
2026-03-26,84,3,0,VM-105,prod-1,Nitro Cold Brew,Coffee & Tea,13
2026-03-26,84,3,0,VM-105,prod-2,Matcha Green Tea Latte,Coffee & Tea,11
2026-03-26,84,3,0,VM-105,prod-3,Electrolyte Spark Hydration,Hydration,13
2026-03-26,84,3,0,VM-105,prod-4,Dark Chocolate Almond Bar,Snacks,22
2026-03-26,84,3,0,VM-105,prod-5,Dragonfruit Sparkling Water,Hydration,8
2026-03-26,84,3,0,VM-105,prod-6,Organic Protein Crunch Bar,Snacks,16
2026-03-26,84,3,0,VM-105,prod-7,Detox Green Juice,Fresh Juices,10
2026-03-26,84,3,0,VM-105,prod-8,Mango Passion Kombucha,Fresh Juices,10
2026-03-26,84,3,0,VM-106,prod-1,Nitro Cold Brew,Coffee & Tea,23
2026-03-26,84,3,0,VM-106,prod-2,Matcha Green Tea Latte,Coffee & Tea,10
2026-03-26,84,3,0,VM-106,prod-3,Electrolyte Spark Hydration,Hydration,10
2026-03-26,84,3,0,VM-106,prod-4,Dark Chocolate Almond Bar,Snacks,23
2026-03-26,84,3,0,VM-106,prod-5,Dragonfruit Sparkling Water,Hydration,12
2026-03-26,84,3,0,VM-106,prod-6,Organic Protein Crunch Bar,Snacks,16
2026-03-26,84,3,0,VM-106,prod-7,Detox Green Juice,Fresh Juices,12
2026-03-26,84,3,0,VM-106,prod-8,Mango Passion Kombucha,Fresh Juices,18
2026-03-26,84,3,0,VM-107,prod-1,Nitro Cold Brew,Coffee & Tea,22
2026-03-26,84,3,0,VM-107,prod-2,Matcha Green Tea Latte,Coffee & Tea,10
2026-03-26,84,3,0,VM-107,prod-3,Electrolyte Spark Hydration,Hydration,7
2026-03-26,84,3,0,VM-107,prod-4,Dark Chocolate Almond Bar,Snacks,20
2026-03-26,84,3,0,VM-107,prod-5,Dragonfruit Sparkling Water,Hydration,12
2026-03-26,84,3,0,VM-107,prod-6,Organic Protein Crunch Bar,Snacks,16
2026-03-26,84,3,0,VM-107,prod-7,Detox Green Juice,Fresh Juices,4
2026-03-26,84,3,0,VM-107,prod-8,Mango Passion Kombucha,Fresh Juices,8
2026-03-26,84,3,0,VM-108,prod-1,Nitro Cold Brew,Coffee & Tea,28
2026-03-26,84,3,0,VM-108,prod-2,Matcha Green Tea Latte,Coffee & Tea,15
2026-03-26,84,3,0,VM-108,prod-3,Electrolyte Spark Hydration,Hydration,17
2026-03-26,84,3,0,VM-108,prod-4,Dark Chocolate Almond Bar,Snacks,29
2026-03-26,84,3,0,VM-108,prod-5,Dragonfruit Sparkling Water,Hydration,19
2026-03-26,84,3,0,VM-108,prod-6,Organic Protein Crunch Bar,Snacks,10
2026-03-26,84,3,0,VM-108,prod-7,Detox Green Juice,Fresh Juices,7
2026-03-26,84,3,0,VM-108,prod-8,Mango Passion Kombucha,Fresh Juices,22
2026-03-26,84,3,0,VM-109,prod-1,Nitro Cold Brew,Coffee & Tea,10
2026-03-26,84,3,0,VM-109,prod-2,Matcha Green Tea Latte,Coffee & Tea,12
2026-03-26,84,3,0,VM-109,prod-3,Electrolyte Spark Hydration,Hydration,7
2026-03-26,84,3,0,VM-109,prod-4,Dark Chocolate Almond Bar,Snacks,24
2026-03-26,84,3,0,VM-109,prod-5,Dragonfruit Sparkling Water,Hydration,9
2026-03-26,84,3,0,VM-109,prod-6,Organic Protein Crunch Bar,Snacks,22
2026-03-26,84,3,0,VM-109,prod-7,Detox Green Juice,Fresh Juices,12
2026-03-26,84,3,0,VM-109,prod-8,Mango Passion Kombucha,Fresh Juices,15
2026-03-26,84,3,0,VM-110,prod-1,Nitro Cold Brew,Coffee & Tea,15
2026-03-26,84,3,0,VM-110,prod-2,Matcha Green Tea Latte,Coffee & Tea,14
2026-03-26,84,3,0,VM-110,prod-3,Electrolyte Spark Hydration,Hydration,5
2026-03-26,84,3,0,VM-110,prod-4,Dark Chocolate Almond Bar,Snacks,37
2026-03-26,84,3,0,VM-110,prod-5,Dragonfruit Sparkling Water,Hydration,10
2026-03-26,84,3,0,VM-110,prod-6,Organic Protein Crunch Bar,Snacks,22
2026-03-26,84,3,0,VM-110,prod-7,Detox Green Juice,Fresh Juices,15
2026-03-26,84,3,0,VM-110,prod-8,Mango Passion Kombucha,Fresh Juices,12
2026-03-27,85,4,0,VM-101,prod-1,Nitro Cold Brew,Coffee & Tea,27
2026-03-27,85,4,0,VM-101,prod-2,Matcha Green Tea Latte,Coffee & Tea,21
2026-03-27,85,4,0,VM-101,prod-3,Electrolyte Spark Hydration,Hydration,6
2026-03-27,85,4,0,VM-101,prod-4,Dark Chocolate Almond Bar,Snacks,17
2026-03-27,85,4,0,VM-101,prod-5,Dragonfruit Sparkling Water,Hydration,17
2026-03-27,85,4,0,VM-101,prod-6,Organic Protein Crunch Bar,Snacks,13
2026-03-27,85,4,0,VM-101,prod-7,Detox Green Juice,Fresh Juices,14
2026-03-27,85,4,0,VM-101,prod-8,Mango Passion Kombucha,Fresh Juices,9
2026-03-27,85,4,0,VM-102,prod-1,Nitro Cold Brew,Coffee & Tea,23
2026-03-27,85,4,0,VM-102,prod-2,Matcha Green Tea Latte,Coffee & Tea,24
2026-03-27,85,4,0,VM-102,prod-3,Electrolyte Spark Hydration,Hydration,21
2026-03-27,85,4,0,VM-102,prod-4,Dark Chocolate Almond Bar,Snacks,28
2026-03-27,85,4,0,VM-102,prod-5,Dragonfruit Sparkling Water,Hydration,24
2026-03-27,85,4,0,VM-102,prod-6,Organic Protein Crunch Bar,Snacks,21
2026-03-27,85,4,0,VM-102,prod-7,Detox Green Juice,Fresh Juices,16
2026-03-27,85,4,0,VM-102,prod-8,Mango Passion Kombucha,Fresh Juices,20
2026-03-27,85,4,0,VM-103,prod-1,Nitro Cold Brew,Coffee & Tea,24
2026-03-27,85,4,0,VM-103,prod-2,Matcha Green Tea Latte,Coffee & Tea,31
2026-03-27,85,4,0,VM-103,prod-3,Electrolyte Spark Hydration,Hydration,12
2026-03-27,85,4,0,VM-103,prod-4,Dark Chocolate Almond Bar,Snacks,45
2026-03-27,85,4,0,VM-103,prod-5,Dragonfruit Sparkling Water,Hydration,14
2026-03-27,85,4,0,VM-103,prod-6,Organic Protein Crunch Bar,Snacks,23
2026-03-27,85,4,0,VM-103,prod-7,Detox Green Juice,Fresh Juices,11
2026-03-27,85,4,0,VM-103,prod-8,Mango Passion Kombucha,Fresh Juices,23
2026-03-27,85,4,0,VM-104,prod-1,Nitro Cold Brew,Coffee & Tea,16
2026-03-27,85,4,0,VM-104,prod-2,Matcha Green Tea Latte,Coffee & Tea,33
2026-03-27,85,4,0,VM-104,prod-3,Electrolyte Spark Hydration,Hydration,26
2026-03-27,85,4,0,VM-104,prod-4,Dark Chocolate Almond Bar,Snacks,36
2026-03-27,85,4,0,VM-104,prod-5,Dragonfruit Sparkling Water,Hydration,5
2026-03-27,85,4,0,VM-104,prod-6,Organic Protein Crunch Bar,Snacks,13
2026-03-27,85,4,0,VM-104,prod-7,Detox Green Juice,Fresh Juices,7
2026-03-27,85,4,0,VM-104,prod-8,Mango Passion Kombucha,Fresh Juices,20
2026-03-27,85,4,0,VM-105,prod-1,Nitro Cold Brew,Coffee & Tea,17
2026-03-27,85,4,0,VM-105,prod-2,Matcha Green Tea Latte,Coffee & Tea,12
2026-03-27,85,4,0,VM-105,prod-3,Electrolyte Spark Hydration,Hydration,15
2026-03-27,85,4,0,VM-105,prod-4,Dark Chocolate Almond Bar,Snacks,38
2026-03-27,85,4,0,VM-105,prod-5,Dragonfruit Sparkling Water,Hydration,15
2026-03-27,85,4,0,VM-105,prod-6,Organic Protein Crunch Bar,Snacks,27
2026-03-27,85,4,0,VM-105,prod-7,Detox Green Juice,Fresh Juices,15
2026-03-27,85,4,0,VM-105,prod-8,Mango Passion Kombucha,Fresh Juices,13
2026-03-27,85,4,0,VM-106,prod-1,Nitro Cold Brew,Coffee & Tea,34
2026-03-27,85,4,0,VM-106,prod-2,Matcha Green Tea Latte,Coffee & Tea,12
2026-03-27,85,4,0,VM-106,prod-3,Electrolyte Spark Hydration,Hydration,13
2026-03-27,85,4,0,VM-106,prod-4,Dark Chocolate Almond Bar,Snacks,36
2026-03-27,85,4,0,VM-106,prod-5,Dragonfruit Sparkling Water,Hydration,17
2026-03-27,85,4,0,VM-106,prod-6,Organic Protein Crunch Bar,Snacks,15
2026-03-27,85,4,0,VM-106,prod-7,Detox Green Juice,Fresh Juices,17
2026-03-27,85,4,0,VM-106,prod-8,Mango Passion Kombucha,Fresh Juices,25
2026-03-27,85,4,0,VM-107,prod-1,Nitro Cold Brew,Coffee & Tea,20
2026-03-27,85,4,0,VM-107,prod-2,Matcha Green Tea Latte,Coffee & Tea,8
2026-03-27,85,4,0,VM-107,prod-3,Electrolyte Spark Hydration,Hydration,14
2026-03-27,85,4,0,VM-107,prod-4,Dark Chocolate Almond Bar,Snacks,27
2026-03-27,85,4,0,VM-107,prod-5,Dragonfruit Sparkling Water,Hydration,21
2026-03-27,85,4,0,VM-107,prod-6,Organic Protein Crunch Bar,Snacks,21
2026-03-27,85,4,0,VM-107,prod-7,Detox Green Juice,Fresh Juices,6
2026-03-27,85,4,0,VM-107,prod-8,Mango Passion Kombucha,Fresh Juices,13
2026-03-27,85,4,0,VM-108,prod-1,Nitro Cold Brew,Coffee & Tea,43
2026-03-27,85,4,0,VM-108,prod-2,Matcha Green Tea Latte,Coffee & Tea,17
2026-03-27,85,4,0,VM-108,prod-3,Electrolyte Spark Hydration,Hydration,15
2026-03-27,85,4,0,VM-108,prod-4,Dark Chocolate Almond Bar,Snacks,43
2026-03-27,85,4,0,VM-108,prod-5,Dragonfruit Sparkling Water,Hydration,21
2026-03-27,85,4,0,VM-108,prod-6,Organic Protein Crunch Bar,Snacks,12
2026-03-27,85,4,0,VM-108,prod-7,Detox Green Juice,Fresh Juices,7
2026-03-27,85,4,0,VM-108,prod-8,Mango Passion Kombucha,Fresh Juices,24
2026-03-27,85,4,0,VM-109,prod-1,Nitro Cold Brew,Coffee & Tea,11
2026-03-27,85,4,0,VM-109,prod-2,Matcha Green Tea Latte,Coffee & Tea,20
2026-03-27,85,4,0,VM-109,prod-3,Electrolyte Spark Hydration,Hydration,9
2026-03-27,85,4,0,VM-109,prod-4,Dark Chocolate Almond Bar,Snacks,34
2026-03-27,85,4,0,VM-109,prod-5,Dragonfruit Sparkling Water,Hydration,18
2026-03-27,85,4,0,VM-109,prod-6,Organic Protein Crunch Bar,Snacks,26
2026-03-27,85,4,0,VM-109,prod-7,Detox Green Juice,Fresh Juices,19
2026-03-27,85,4,0,VM-109,prod-8,Mango Passion Kombucha,Fresh Juices,19
2026-03-27,85,4,0,VM-110,prod-1,Nitro Cold Brew,Coffee & Tea,14
2026-03-27,85,4,0,VM-110,prod-2,Matcha Green Tea Latte,Coffee & Tea,20
2026-03-27,85,4,0,VM-110,prod-3,Electrolyte Spark Hydration,Hydration,9
2026-03-27,85,4,0,VM-110,prod-4,Dark Chocolate Almond Bar,Snacks,31
2026-03-27,85,4,0,VM-110,prod-5,Dragonfruit Sparkling Water,Hydration,9
2026-03-27,85,4,0,VM-110,prod-6,Organic Protein Crunch Bar,Snacks,29
2026-03-27,85,4,0,VM-110,prod-7,Detox Green Juice,Fresh Juices,19
2026-03-27,85,4,0,VM-110,prod-8,Mango Passion Kombucha,Fresh Juices,12
2026-03-28,86,5,1,VM-101,prod-1,Nitro Cold Brew,Coffee & Tea,29
2026-03-28,86,5,1,VM-101,prod-2,Matcha Green Tea Latte,Coffee & Tea,24
2026-03-28,86,5,1,VM-101,prod-3,Electrolyte Spark Hydration,Hydration,10
2026-03-28,86,5,1,VM-101,prod-4,Dark Chocolate Almond Bar,Snacks,25
2026-03-28,86,5,1,VM-101,prod-5,Dragonfruit Sparkling Water,Hydration,22
2026-03-28,86,5,1,VM-101,prod-6,Organic Protein Crunch Bar,Snacks,20
2026-03-28,86,5,1,VM-101,prod-7,Detox Green Juice,Fresh Juices,18
2026-03-28,86,5,1,VM-101,prod-8,Mango Passion Kombucha,Fresh Juices,13
2026-03-28,86,5,1,VM-102,prod-1,Nitro Cold Brew,Coffee & Tea,29
2026-03-28,86,5,1,VM-102,prod-2,Matcha Green Tea Latte,Coffee & Tea,22
2026-03-28,86,5,1,VM-102,prod-3,Electrolyte Spark Hydration,Hydration,23
2026-03-28,86,5,1,VM-102,prod-4,Dark Chocolate Almond Bar,Snacks,32
2026-03-28,86,5,1,VM-102,prod-5,Dragonfruit Sparkling Water,Hydration,21
2026-03-28,86,5,1,VM-102,prod-6,Organic Protein Crunch Bar,Snacks,22
2026-03-28,86,5,1,VM-102,prod-7,Detox Green Juice,Fresh Juices,13
2026-03-28,86,5,1,VM-102,prod-8,Mango Passion Kombucha,Fresh Juices,20
2026-03-28,86,5,1,VM-103,prod-1,Nitro Cold Brew,Coffee & Tea,31
2026-03-28,86,5,1,VM-103,prod-2,Matcha Green Tea Latte,Coffee & Tea,40
2026-03-28,86,5,1,VM-103,prod-3,Electrolyte Spark Hydration,Hydration,18
2026-03-28,86,5,1,VM-103,prod-4,Dark Chocolate Almond Bar,Snacks,31
2026-03-28,86,5,1,VM-103,prod-5,Dragonfruit Sparkling Water,Hydration,11
2026-03-28,86,5,1,VM-103,prod-6,Organic Protein Crunch Bar,Snacks,21
2026-03-28,86,5,1,VM-103,prod-7,Detox Green Juice,Fresh Juices,18
2026-03-28,86,5,1,VM-103,prod-8,Mango Passion Kombucha,Fresh Juices,22
2026-03-28,86,5,1,VM-104,prod-1,Nitro Cold Brew,Coffee & Tea,24
2026-03-28,86,5,1,VM-104,prod-2,Matcha Green Tea Latte,Coffee & Tea,25
2026-03-28,86,5,1,VM-104,prod-3,Electrolyte Spark Hydration,Hydration,23
2026-03-28,86,5,1,VM-104,prod-4,Dark Chocolate Almond Bar,Snacks,36
2026-03-28,86,5,1,VM-104,prod-5,Dragonfruit Sparkling Water,Hydration,5
2026-03-28,86,5,1,VM-104,prod-6,Organic Protein Crunch Bar,Snacks,10
2026-03-28,86,5,1,VM-104,prod-7,Detox Green Juice,Fresh Juices,10
2026-03-28,86,5,1,VM-104,prod-8,Mango Passion Kombucha,Fresh Juices,19
2026-03-28,86,5,1,VM-105,prod-1,Nitro Cold Brew,Coffee & Tea,26
2026-03-28,86,5,1,VM-105,prod-2,Matcha Green Tea Latte,Coffee & Tea,20
2026-03-28,86,5,1,VM-105,prod-3,Electrolyte Spark Hydration,Hydration,11
2026-03-28,86,5,1,VM-105,prod-4,Dark Chocolate Almond Bar,Snacks,27
2026-03-28,86,5,1,VM-105,prod-5,Dragonfruit Sparkling Water,Hydration,7
2026-03-28,86,5,1,VM-105,prod-6,Organic Protein Crunch Bar,Snacks,24
2026-03-28,86,5,1,VM-105,prod-7,Detox Green Juice,Fresh Juices,15
2026-03-28,86,5,1,VM-105,prod-8,Mango Passion Kombucha,Fresh Juices,12
2026-03-28,86,5,1,VM-106,prod-1,Nitro Cold Brew,Coffee & Tea,36
2026-03-28,86,5,1,VM-106,prod-2,Matcha Green Tea Latte,Coffee & Tea,10
2026-03-28,86,5,1,VM-106,prod-3,Electrolyte Spark Hydration,Hydration,14
2026-03-28,86,5,1,VM-106,prod-4,Dark Chocolate Almond Bar,Snacks,32
2026-03-28,86,5,1,VM-106,prod-5,Dragonfruit Sparkling Water,Hydration,20
2026-03-28,86,5,1,VM-106,prod-6,Organic Protein Crunch Bar,Snacks,16
2026-03-28,86,5,1,VM-106,prod-7,Detox Green Juice,Fresh Juices,14
2026-03-28,86,5,1,VM-106,prod-8,Mango Passion Kombucha,Fresh Juices,19
2026-03-28,86,5,1,VM-107,prod-1,Nitro Cold Brew,Coffee & Tea,28
2026-03-28,86,5,1,VM-107,prod-2,Matcha Green Tea Latte,Coffee & Tea,9
2026-03-28,86,5,1,VM-107,prod-3,Electrolyte Spark Hydration,Hydration,13
2026-03-28,86,5,1,VM-107,prod-4,Dark Chocolate Almond Bar,Snacks,25
2026-03-28,86,5,1,VM-107,prod-5,Dragonfruit Sparkling Water,Hydration,18
2026-03-28,86,5,1,VM-107,prod-6,Organic Protein Crunch Bar,Snacks,16
2026-03-28,86,5,1,VM-107,prod-7,Detox Green Juice,Fresh Juices,5
2026-03-28,86,5,1,VM-107,prod-8,Mango Passion Kombucha,Fresh Juices,12
2026-03-28,86,5,1,VM-108,prod-1,Nitro Cold Brew,Coffee & Tea,47
2026-03-28,86,5,1,VM-108,prod-2,Matcha Green Tea Latte,Coffee & Tea,28
2026-03-28,86,5,1,VM-108,prod-3,Electrolyte Spark Hydration,Hydration,24
2026-03-28,86,5,1,VM-108,prod-4,Dark Chocolate Almond Bar,Snacks,40
2026-03-28,86,5,1,VM-108,prod-5,Dragonfruit Sparkling Water,Hydration,20
2026-03-28,86,5,1,VM-108,prod-6,Organic Protein Crunch Bar,Snacks,15
2026-03-28,86,5,1,VM-108,prod-7,Detox Green Juice,Fresh Juices,9
2026-03-28,86,5,1,VM-108,prod-8,Mango Passion Kombucha,Fresh Juices,23
2026-03-28,86,5,1,VM-109,prod-1,Nitro Cold Brew,Coffee & Tea,14
2026-03-28,86,5,1,VM-109,prod-2,Matcha Green Tea Latte,Coffee & Tea,16
2026-03-28,86,5,1,VM-109,prod-3,Electrolyte Spark Hydration,Hydration,12
2026-03-28,86,5,1,VM-109,prod-4,Dark Chocolate Almond Bar,Snacks,25
2026-03-28,86,5,1,VM-109,prod-5,Dragonfruit Sparkling Water,Hydration,20
2026-03-28,86,5,1,VM-109,prod-6,Organic Protein Crunch Bar,Snacks,20
2026-03-28,86,5,1,VM-109,prod-7,Detox Green Juice,Fresh Juices,14
2026-03-28,86,5,1,VM-109,prod-8,Mango Passion Kombucha,Fresh Juices,20
2026-03-28,86,5,1,VM-110,prod-1,Nitro Cold Brew,Coffee & Tea,18
2026-03-28,86,5,1,VM-110,prod-2,Matcha Green Tea Latte,Coffee & Tea,26
2026-03-28,86,5,1,VM-110,prod-3,Electrolyte Spark Hydration,Hydration,9
2026-03-28,86,5,1,VM-110,prod-4,Dark Chocolate Almond Bar,Snacks,45
2026-03-28,86,5,1,VM-110,prod-5,Dragonfruit Sparkling Water,Hydration,11
2026-03-28,86,5,1,VM-110,prod-6,Organic Protein Crunch Bar,Snacks,28
2026-03-28,86,5,1,VM-110,prod-7,Detox Green Juice,Fresh Juices,19
2026-03-28,86,5,1,VM-110,prod-8,Mango Passion Kombucha,Fresh Juices,20
2026-03-29,87,6,1,VM-101,prod-1,Nitro Cold Brew,Coffee & Tea,20
2026-03-29,87,6,1,VM-101,prod-2,Matcha Green Tea Latte,Coffee & Tea,19
2026-03-29,87,6,1,VM-101,prod-3,Electrolyte Spark Hydration,Hydration,7
2026-03-29,87,6,1,VM-101,prod-4,Dark Chocolate Almond Bar,Snacks,13
2026-03-29,87,6,1,VM-101,prod-5,Dragonfruit Sparkling Water,Hydration,16
2026-03-29,87,6,1,VM-101,prod-6,Organic Protein Crunch Bar,Snacks,10
2026-03-29,87,6,1,VM-101,prod-7,Detox Green Juice,Fresh Juices,13
2026-03-29,87,6,1,VM-101,prod-8,Mango Passion Kombucha,Fresh Juices,10
2026-03-29,87,6,1,VM-102,prod-1,Nitro Cold Brew,Coffee & Tea,22
2026-03-29,87,6,1,VM-102,prod-2,Matcha Green Tea Latte,Coffee & Tea,24
2026-03-29,87,6,1,VM-102,prod-3,Electrolyte Spark Hydration,Hydration,14
2026-03-29,87,6,1,VM-102,prod-4,Dark Chocolate Almond Bar,Snacks,29
2026-03-29,87,6,1,VM-102,prod-5,Dragonfruit Sparkling Water,Hydration,20
2026-03-29,87,6,1,VM-102,prod-6,Organic Protein Crunch Bar,Snacks,13
2026-03-29,87,6,1,VM-102,prod-7,Detox Green Juice,Fresh Juices,16
2026-03-29,87,6,1,VM-102,prod-8,Mango Passion Kombucha,Fresh Juices,19
2026-03-29,87,6,1,VM-103,prod-1,Nitro Cold Brew,Coffee & Tea,19
2026-03-29,87,6,1,VM-103,prod-2,Matcha Green Tea Latte,Coffee & Tea,27
2026-03-29,87,6,1,VM-103,prod-3,Electrolyte Spark Hydration,Hydration,11
2026-03-29,87,6,1,VM-103,prod-4,Dark Chocolate Almond Bar,Snacks,34
2026-03-29,87,6,1,VM-103,prod-5,Dragonfruit Sparkling Water,Hydration,11
2026-03-29,87,6,1,VM-103,prod-6,Organic Protein Crunch Bar,Snacks,17
2026-03-29,87,6,1,VM-103,prod-7,Detox Green Juice,Fresh Juices,14
2026-03-29,87,6,1,VM-103,prod-8,Mango Passion Kombucha,Fresh Juices,17
2026-03-29,87,6,1,VM-104,prod-1,Nitro Cold Brew,Coffee & Tea,14
2026-03-29,87,6,1,VM-104,prod-2,Matcha Green Tea Latte,Coffee & Tea,25
2026-03-29,87,6,1,VM-104,prod-3,Electrolyte Spark Hydration,Hydration,15
2026-03-29,87,6,1,VM-104,prod-4,Dark Chocolate Almond Bar,Snacks,31
2026-03-29,87,6,1,VM-104,prod-5,Dragonfruit Sparkling Water,Hydration,4
2026-03-29,87,6,1,VM-104,prod-6,Organic Protein Crunch Bar,Snacks,10
2026-03-29,87,6,1,VM-104,prod-7,Detox Green Juice,Fresh Juices,10
2026-03-29,87,6,1,VM-104,prod-8,Mango Passion Kombucha,Fresh Juices,17
2026-03-29,87,6,1,VM-105,prod-1,Nitro Cold Brew,Coffee & Tea,21
2026-03-29,87,6,1,VM-105,prod-2,Matcha Green Tea Latte,Coffee & Tea,14
2026-03-29,87,6,1,VM-105,prod-3,Electrolyte Spark Hydration,Hydration,16
2026-03-29,87,6,1,VM-105,prod-4,Dark Chocolate Almond Bar,Snacks,25
2026-03-29,87,6,1,VM-105,prod-5,Dragonfruit Sparkling Water,Hydration,8
2026-03-29,87,6,1,VM-105,prod-6,Organic Protein Crunch Bar,Snacks,26
2026-03-29,87,6,1,VM-105,prod-7,Detox Green Juice,Fresh Juices,10
2026-03-29,87,6,1,VM-105,prod-8,Mango Passion Kombucha,Fresh Juices,10
2026-03-29,87,6,1,VM-106,prod-1,Nitro Cold Brew,Coffee & Tea,26
2026-03-29,87,6,1,VM-106,prod-2,Matcha Green Tea Latte,Coffee & Tea,11
2026-03-29,87,6,1,VM-106,prod-3,Electrolyte Spark Hydration,Hydration,13
2026-03-29,87,6,1,VM-106,prod-4,Dark Chocolate Almond Bar,Snacks,21
2026-03-29,87,6,1,VM-106,prod-5,Dragonfruit Sparkling Water,Hydration,17
2026-03-29,87,6,1,VM-106,prod-6,Organic Protein Crunch Bar,Snacks,15
2026-03-29,87,6,1,VM-106,prod-7,Detox Green Juice,Fresh Juices,15
2026-03-29,87,6,1,VM-106,prod-8,Mango Passion Kombucha,Fresh Juices,23
2026-03-29,87,6,1,VM-107,prod-1,Nitro Cold Brew,Coffee & Tea,21
2026-03-29,87,6,1,VM-107,prod-2,Matcha Green Tea Latte,Coffee & Tea,7
2026-03-29,87,6,1,VM-107,prod-3,Electrolyte Spark Hydration,Hydration,10
2026-03-29,87,6,1,VM-107,prod-4,Dark Chocolate Almond Bar,Snacks,21
2026-03-29,87,6,1,VM-107,prod-5,Dragonfruit Sparkling Water,Hydration,14
2026-03-29,87,6,1,VM-107,prod-6,Organic Protein Crunch Bar,Snacks,20
2026-03-29,87,6,1,VM-107,prod-7,Detox Green Juice,Fresh Juices,4
2026-03-29,87,6,1,VM-107,prod-8,Mango Passion Kombucha,Fresh Juices,9
2026-03-29,87,6,1,VM-108,prod-1,Nitro Cold Brew,Coffee & Tea,29
2026-03-29,87,6,1,VM-108,prod-2,Matcha Green Tea Latte,Coffee & Tea,26
2026-03-29,87,6,1,VM-108,prod-3,Electrolyte Spark Hydration,Hydration,9
2026-03-29,87,6,1,VM-108,prod-4,Dark Chocolate Almond Bar,Snacks,33
2026-03-29,87,6,1,VM-108,prod-5,Dragonfruit Sparkling Water,Hydration,19
2026-03-29,87,6,1,VM-108,prod-6,Organic Protein Crunch Bar,Snacks,9
2026-03-29,87,6,1,VM-108,prod-7,Detox Green Juice,Fresh Juices,8
2026-03-29,87,6,1,VM-108,prod-8,Mango Passion Kombucha,Fresh Juices,25
2026-03-29,87,6,1,VM-109,prod-1,Nitro Cold Brew,Coffee & Tea,14
2026-03-29,87,6,1,VM-109,prod-2,Matcha Green Tea Latte,Coffee & Tea,8
2026-03-29,87,6,1,VM-109,prod-3,Electrolyte Spark Hydration,Hydration,10
2026-03-29,87,6,1,VM-109,prod-4,Dark Chocolate Almond Bar,Snacks,27
2026-03-29,87,6,1,VM-109,prod-5,Dragonfruit Sparkling Water,Hydration,16
2026-03-29,87,6,1,VM-109,prod-6,Organic Protein Crunch Bar,Snacks,22
2026-03-29,87,6,1,VM-109,prod-7,Detox Green Juice,Fresh Juices,13
2026-03-29,87,6,1,VM-109,prod-8,Mango Passion Kombucha,Fresh Juices,16
2026-03-29,87,6,1,VM-110,prod-1,Nitro Cold Brew,Coffee & Tea,13
2026-03-29,87,6,1,VM-110,prod-2,Matcha Green Tea Latte,Coffee & Tea,13
2026-03-29,87,6,1,VM-110,prod-3,Electrolyte Spark Hydration,Hydration,8
2026-03-29,87,6,1,VM-110,prod-4,Dark Chocolate Almond Bar,Snacks,26
2026-03-29,87,6,1,VM-110,prod-5,Dragonfruit Sparkling Water,Hydration,7
2026-03-29,87,6,1,VM-110,prod-6,Organic Protein Crunch Bar,Snacks,23
2026-03-29,87,6,1,VM-110,prod-7,Detox Green Juice,Fresh Juices,16
2026-03-29,87,6,1,VM-110,prod-8,Mango Passion Kombucha,Fresh Juices,14
2026-03-30,88,0,0,VM-101,prod-1,Nitro Cold Brew,Coffee & Tea,18
2026-03-30,88,0,0,VM-101,prod-2,Matcha Green Tea Latte,Coffee & Tea,12
2026-03-30,88,0,0,VM-101,prod-3,Electrolyte Spark Hydration,Hydration,5
2026-03-30,88,0,0,VM-101,prod-4,Dark Chocolate Almond Bar,Snacks,14
2026-03-30,88,0,0,VM-101,prod-5,Dragonfruit Sparkling Water,Hydration,15
2026-03-30,88,0,0,VM-101,prod-6,Organic Protein Crunch Bar,Snacks,10
2026-03-30,88,0,0,VM-101,prod-7,Detox Green Juice,Fresh Juices,11
2026-03-30,88,0,0,VM-101,prod-8,Mango Passion Kombucha,Fresh Juices,7
2026-03-30,88,0,0,VM-102,prod-1,Nitro Cold Brew,Coffee & Tea,16
2026-03-30,88,0,0,VM-102,prod-2,Matcha Green Tea Latte,Coffee & Tea,13
2026-03-30,88,0,0,VM-102,prod-3,Electrolyte Spark Hydration,Hydration,13
2026-03-30,88,0,0,VM-102,prod-4,Dark Chocolate Almond Bar,Snacks,20
2026-03-30,88,0,0,VM-102,prod-5,Dragonfruit Sparkling Water,Hydration,17
2026-03-30,88,0,0,VM-102,prod-6,Organic Protein Crunch Bar,Snacks,14
2026-03-30,88,0,0,VM-102,prod-7,Detox Green Juice,Fresh Juices,10
2026-03-30,88,0,0,VM-102,prod-8,Mango Passion Kombucha,Fresh Juices,12
2026-03-30,88,0,0,VM-103,prod-1,Nitro Cold Brew,Coffee & Tea,16
2026-03-30,88,0,0,VM-103,prod-2,Matcha Green Tea Latte,Coffee & Tea,22
2026-03-30,88,0,0,VM-103,prod-3,Electrolyte Spark Hydration,Hydration,9
2026-03-30,88,0,0,VM-103,prod-4,Dark Chocolate Almond Bar,Snacks,24
2026-03-30,88,0,0,VM-103,prod-5,Dragonfruit Sparkling Water,Hydration,9
2026-03-30,88,0,0,VM-103,prod-6,Organic Protein Crunch Bar,Snacks,12
2026-03-30,88,0,0,VM-103,prod-7,Detox Green Juice,Fresh Juices,10
2026-03-30,88,0,0,VM-103,prod-8,Mango Passion Kombucha,Fresh Juices,14
2026-03-30,88,0,0,VM-104,prod-1,Nitro Cold Brew,Coffee & Tea,10
2026-03-30,88,0,0,VM-104,prod-2,Matcha Green Tea Latte,Coffee & Tea,25
2026-03-30,88,0,0,VM-104,prod-3,Electrolyte Spark Hydration,Hydration,17
2026-03-30,88,0,0,VM-104,prod-4,Dark Chocolate Almond Bar,Snacks,15
2026-03-30,88,0,0,VM-104,prod-5,Dragonfruit Sparkling Water,Hydration,4
2026-03-30,88,0,0,VM-104,prod-6,Organic Protein Crunch Bar,Snacks,7
2026-03-30,88,0,0,VM-104,prod-7,Detox Green Juice,Fresh Juices,6
2026-03-30,88,0,0,VM-104,prod-8,Mango Passion Kombucha,Fresh Juices,16
2026-03-30,88,0,0,VM-105,prod-1,Nitro Cold Brew,Coffee & Tea,15
2026-03-30,88,0,0,VM-105,prod-2,Matcha Green Tea Latte,Coffee & Tea,11
2026-03-30,88,0,0,VM-105,prod-3,Electrolyte Spark Hydration,Hydration,10
2026-03-30,88,0,0,VM-105,prod-4,Dark Chocolate Almond Bar,Snacks,19
2026-03-30,88,0,0,VM-105,prod-5,Dragonfruit Sparkling Water,Hydration,9
2026-03-30,88,0,0,VM-105,prod-6,Organic Protein Crunch Bar,Snacks,13
2026-03-30,88,0,0,VM-105,prod-7,Detox Green Juice,Fresh Juices,8
2026-03-30,88,0,0,VM-105,prod-8,Mango Passion Kombucha,Fresh Juices,8
2026-03-30,88,0,0,VM-106,prod-1,Nitro Cold Brew,Coffee & Tea,24
2026-03-30,88,0,0,VM-106,prod-2,Matcha Green Tea Latte,Coffee & Tea,7
2026-03-30,88,0,0,VM-106,prod-3,Electrolyte Spark Hydration,Hydration,6
2026-03-30,88,0,0,VM-106,prod-4,Dark Chocolate Almond Bar,Snacks,22
2026-03-30,88,0,0,VM-106,prod-5,Dragonfruit Sparkling Water,Hydration,13
2026-03-30,88,0,0,VM-106,prod-6,Organic Protein Crunch Bar,Snacks,13
2026-03-30,88,0,0,VM-106,prod-7,Detox Green Juice,Fresh Juices,9
2026-03-30,88,0,0,VM-106,prod-8,Mango Passion Kombucha,Fresh Juices,17
2026-03-30,88,0,0,VM-107,prod-1,Nitro Cold Brew,Coffee & Tea,21
2026-03-30,88,0,0,VM-107,prod-2,Matcha Green Tea Latte,Coffee & Tea,5
2026-03-30,88,0,0,VM-107,prod-3,Electrolyte Spark Hydration,Hydration,6
2026-03-30,88,0,0,VM-107,prod-4,Dark Chocolate Almond Bar,Snacks,14
2026-03-30,88,0,0,VM-107,prod-5,Dragonfruit Sparkling Water,Hydration,11
2026-03-30,88,0,0,VM-107,prod-6,Organic Protein Crunch Bar,Snacks,15
2026-03-30,88,0,0,VM-107,prod-7,Detox Green Juice,Fresh Juices,3
2026-03-30,88,0,0,VM-107,prod-8,Mango Passion Kombucha,Fresh Juices,9
2026-03-30,88,0,0,VM-108,prod-1,Nitro Cold Brew,Coffee & Tea,19
2026-03-30,88,0,0,VM-108,prod-2,Matcha Green Tea Latte,Coffee & Tea,12
2026-03-30,88,0,0,VM-108,prod-3,Electrolyte Spark Hydration,Hydration,14
2026-03-30,88,0,0,VM-108,prod-4,Dark Chocolate Almond Bar,Snacks,15
2026-03-30,88,0,0,VM-108,prod-5,Dragonfruit Sparkling Water,Hydration,14
2026-03-30,88,0,0,VM-108,prod-6,Organic Protein Crunch Bar,Snacks,13
2026-03-30,88,0,0,VM-108,prod-7,Detox Green Juice,Fresh Juices,6
2026-03-30,88,0,0,VM-108,prod-8,Mango Passion Kombucha,Fresh Juices,14
2026-03-30,88,0,0,VM-109,prod-1,Nitro Cold Brew,Coffee & Tea,9
2026-03-30,88,0,0,VM-109,prod-2,Matcha Green Tea Latte,Coffee & Tea,10
2026-03-30,88,0,0,VM-109,prod-3,Electrolyte Spark Hydration,Hydration,6
2026-03-30,88,0,0,VM-109,prod-4,Dark Chocolate Almond Bar,Snacks,25
2026-03-30,88,0,0,VM-109,prod-5,Dragonfruit Sparkling Water,Hydration,9
2026-03-30,88,0,0,VM-109,prod-6,Organic Protein Crunch Bar,Snacks,18
2026-03-30,88,0,0,VM-109,prod-7,Detox Green Juice,Fresh Juices,11
2026-03-30,88,0,0,VM-109,prod-8,Mango Passion Kombucha,Fresh Juices,12
2026-03-30,88,0,0,VM-110,prod-1,Nitro Cold Brew,Coffee & Tea,9
2026-03-30,88,0,0,VM-110,prod-2,Matcha Green Tea Latte,Coffee & Tea,16
2026-03-30,88,0,0,VM-110,prod-3,Electrolyte Spark Hydration,Hydration,5
2026-03-30,88,0,0,VM-110,prod-4,Dark Chocolate Almond Bar,Snacks,23
2026-03-30,88,0,0,VM-110,prod-5,Dragonfruit Sparkling Water,Hydration,5
2026-03-30,88,0,0,VM-110,prod-6,Organic Protein Crunch Bar,Snacks,15
2026-03-30,88,0,0,VM-110,prod-7,Detox Green Juice,Fresh Juices,13
2026-03-30,88,0,0,VM-110,prod-8,Mango Passion Kombucha,Fresh Juices,10
2026-03-31,89,1,0,VM-101,prod-1,Nitro Cold Brew,Coffee & Tea,16
2026-03-31,89,1,0,VM-101,prod-2,Matcha Green Tea Latte,Coffee & Tea,16
2026-03-31,89,1,0,VM-101,prod-3,Electrolyte Spark Hydration,Hydration,7
2026-03-31,89,1,0,VM-101,prod-4,Dark Chocolate Almond Bar,Snacks,14
2026-03-31,89,1,0,VM-101,prod-5,Dragonfruit Sparkling Water,Hydration,12
2026-03-31,89,1,0,VM-101,prod-6,Organic Protein Crunch Bar,Snacks,12
2026-03-31,89,1,0,VM-101,prod-7,Detox Green Juice,Fresh Juices,8
2026-03-31,89,1,0,VM-101,prod-8,Mango Passion Kombucha,Fresh Juices,6
2026-03-31,89,1,0,VM-102,prod-1,Nitro Cold Brew,Coffee & Tea,20
2026-03-31,89,1,0,VM-102,prod-2,Matcha Green Tea Latte,Coffee & Tea,14
2026-03-31,89,1,0,VM-102,prod-3,Electrolyte Spark Hydration,Hydration,17
2026-03-31,89,1,0,VM-102,prod-4,Dark Chocolate Almond Bar,Snacks,23
2026-03-31,89,1,0,VM-102,prod-5,Dragonfruit Sparkling Water,Hydration,17
2026-03-31,89,1,0,VM-102,prod-6,Organic Protein Crunch Bar,Snacks,19
2026-03-31,89,1,0,VM-102,prod-7,Detox Green Juice,Fresh Juices,9
2026-03-31,89,1,0,VM-102,prod-8,Mango Passion Kombucha,Fresh Juices,17
2026-03-31,89,1,0,VM-103,prod-1,Nitro Cold Brew,Coffee & Tea,17
2026-03-31,89,1,0,VM-103,prod-2,Matcha Green Tea Latte,Coffee & Tea,38
2026-03-31,89,1,0,VM-103,prod-3,Electrolyte Spark Hydration,Hydration,12
2026-03-31,89,1,0,VM-103,prod-4,Dark Chocolate Almond Bar,Snacks,29
2026-03-31,89,1,0,VM-103,prod-5,Dragonfruit Sparkling Water,Hydration,9
2026-03-31,89,1,0,VM-103,prod-6,Organic Protein Crunch Bar,Snacks,18
2026-03-31,89,1,0,VM-103,prod-7,Detox Green Juice,Fresh Juices,10
2026-03-31,89,1,0,VM-103,prod-8,Mango Passion Kombucha,Fresh Juices,13
2026-03-31,89,1,0,VM-104,prod-1,Nitro Cold Brew,Coffee & Tea,18
2026-03-31,89,1,0,VM-104,prod-2,Matcha Green Tea Latte,Coffee & Tea,22
2026-03-31,89,1,0,VM-104,prod-3,Electrolyte Spark Hydration,Hydration,20
2026-03-31,89,1,0,VM-104,prod-4,Dark Chocolate Almond Bar,Snacks,21
2026-03-31,89,1,0,VM-104,prod-5,Dragonfruit Sparkling Water,Hydration,3
2026-03-31,89,1,0,VM-104,prod-6,Organic Protein Crunch Bar,Snacks,8
2026-03-31,89,1,0,VM-104,prod-7,Detox Green Juice,Fresh Juices,8
2026-03-31,89,1,0,VM-104,prod-8,Mango Passion Kombucha,Fresh Juices,15
2026-03-31,89,1,0,VM-105,prod-1,Nitro Cold Brew,Coffee & Tea,18
2026-03-31,89,1,0,VM-105,prod-2,Matcha Green Tea Latte,Coffee & Tea,11
2026-03-31,89,1,0,VM-105,prod-3,Electrolyte Spark Hydration,Hydration,9
2026-03-31,89,1,0,VM-105,prod-4,Dark Chocolate Almond Bar,Snacks,22
2026-03-31,89,1,0,VM-105,prod-5,Dragonfruit Sparkling Water,Hydration,8
2026-03-31,89,1,0,VM-105,prod-6,Organic Protein Crunch Bar,Snacks,22
2026-03-31,89,1,0,VM-105,prod-7,Detox Green Juice,Fresh Juices,8
2026-03-31,89,1,0,VM-105,prod-8,Mango Passion Kombucha,Fresh Juices,11
2026-03-31,89,1,0,VM-106,prod-1,Nitro Cold Brew,Coffee & Tea,30
2026-03-31,89,1,0,VM-106,prod-2,Matcha Green Tea Latte,Coffee & Tea,9
2026-03-31,89,1,0,VM-106,prod-3,Electrolyte Spark Hydration,Hydration,11
2026-03-31,89,1,0,VM-106,prod-4,Dark Chocolate Almond Bar,Snacks,20
2026-03-31,89,1,0,VM-106,prod-5,Dragonfruit Sparkling Water,Hydration,16
2026-03-31,89,1,0,VM-106,prod-6,Organic Protein Crunch Bar,Snacks,13
2026-03-31,89,1,0,VM-106,prod-7,Detox Green Juice,Fresh Juices,14
2026-03-31,89,1,0,VM-106,prod-8,Mango Passion Kombucha,Fresh Juices,16
2026-03-31,89,1,0,VM-107,prod-1,Nitro Cold Brew,Coffee & Tea,10
2026-03-31,89,1,0,VM-107,prod-2,Matcha Green Tea Latte,Coffee & Tea,5
2026-03-31,89,1,0,VM-107,prod-3,Electrolyte Spark Hydration,Hydration,7
2026-03-31,89,1,0,VM-107,prod-4,Dark Chocolate Almond Bar,Snacks,15
2026-03-31,89,1,0,VM-107,prod-5,Dragonfruit Sparkling Water,Hydration,13
2026-03-31,89,1,0,VM-107,prod-6,Organic Protein Crunch Bar,Snacks,15
2026-03-31,89,1,0,VM-107,prod-7,Detox Green Juice,Fresh Juices,3
2026-03-31,89,1,0,VM-107,prod-8,Mango Passion Kombucha,Fresh Juices,7
2026-03-31,89,1,0,VM-108,prod-1,Nitro Cold Brew,Coffee & Tea,23
2026-03-31,89,1,0,VM-108,prod-2,Matcha Green Tea Latte,Coffee & Tea,21
2026-03-31,89,1,0,VM-108,prod-3,Electrolyte Spark Hydration,Hydration,12
2026-03-31,89,1,0,VM-108,prod-4,Dark Chocolate Almond Bar,Snacks,24
2026-03-31,89,1,0,VM-108,prod-5,Dragonfruit Sparkling Water,Hydration,15
2026-03-31,89,1,0,VM-108,prod-6,Organic Protein Crunch Bar,Snacks,11
2026-03-31,89,1,0,VM-108,prod-7,Detox Green Juice,Fresh Juices,7
2026-03-31,89,1,0,VM-108,prod-8,Mango Passion Kombucha,Fresh Juices,10
2026-03-31,89,1,0,VM-109,prod-1,Nitro Cold Brew,Coffee & Tea,12
2026-03-31,89,1,0,VM-109,prod-2,Matcha Green Tea Latte,Coffee & Tea,14
2026-03-31,89,1,0,VM-109,prod-3,Electrolyte Spark Hydration,Hydration,6
2026-03-31,89,1,0,VM-109,prod-4,Dark Chocolate Almond Bar,Snacks,22
2026-03-31,89,1,0,VM-109,prod-5,Dragonfruit Sparkling Water,Hydration,11
2026-03-31,89,1,0,VM-109,prod-6,Organic Protein Crunch Bar,Snacks,15
2026-03-31,89,1,0,VM-109,prod-7,Detox Green Juice,Fresh Juices,13
2026-03-31,89,1,0,VM-109,prod-8,Mango Passion Kombucha,Fresh Juices,8
2026-03-31,89,1,0,VM-110,prod-1,Nitro Cold Brew,Coffee & Tea,9
2026-03-31,89,1,0,VM-110,prod-2,Matcha Green Tea Latte,Coffee & Tea,19
2026-03-31,89,1,0,VM-110,prod-3,Electrolyte Spark Hydration,Hydration,5
2026-03-31,89,1,0,VM-110,prod-4,Dark Chocolate Almond Bar,Snacks,29
2026-03-31,89,1,0,VM-110,prod-5,Dragonfruit Sparkling Water,Hydration,7
2026-03-31,89,1,0,VM-110,prod-6,Organic Protein Crunch Bar,Snacks,14
2026-03-31,89,1,0,VM-110,prod-7,Detox Green Juice,Fresh Juices,14
2026-03-31,89,1,0,VM-110,prod-8,Mango Passion Kombucha,Fresh Juices,12
